time_point,subject,task,time_cat,trait,n,sum,phase
1,abeeku,attent,1,1,4,2,2
1,abeeku,comm,1,1,1,0,2
1,abeeku,pop,1,1,6,1,2
1,abeeku,reas,1,1,3,2,2
1,abeeku,search,1,1,9,0,2
1,alex,attent,1,1,4,1,2
1,alex,comm,1,1,4,4,2
1,alex,pop,1,1,1,1,2
1,alex,reas,1,1,12,7,2
1,alex,vfood,1,1,12,11,2
1,amira,comm,1,1,11,7,2
1,amira,pop,1,1,7,4,2
1,amira,reas,1,1,3,2,2
1,amira,vfood,1,1,3,3,2
1,azibo,comm,1,1,12,9,2
1,azibo,pop,1,1,12,8,2
1,azibo,reas,1,1,12,7,2
1,azibo,search,1,1,10,7,2
1,azibo,vfood,1,1,12,5,2
1,bambari,comm,1,1,1,1,2
1,bambari,pop,1,1,2,1,2
1,bambari,reas,1,1,3,2,2
1,bimbo,attent,1,1,12,6,2
1,bimbo,comm,1,1,12,4,2
1,bimbo,pop,1,1,12,10,2
1,bimbo,reas,1,1,12,6,2
1,bimbo,search,1,1,12,0,2
1,bimbo,vfood,1,1,12,7,2
1,corrie,pop,1,1,4,2,2
1,corrie,reas,1,1,12,5,2
1,daza,attent,1,1,12,6,2
1,daza,search,1,1,12,4,2
1,diara,attent,1,1,12,6,2
1,diara,comm,1,1,12,5,2
1,diara,pop,1,1,12,5,2
1,diara,reas,1,1,12,2,2
1,diara,search,1,1,12,0,2
1,diara,vfood,1,1,12,10,2
1,dokana,attent,1,1,12,7,2
1,dokana,comm,1,1,12,10,2
1,dokana,pop,1,1,12,12,2
1,dokana,reas,1,1,12,6,2
1,dokana,search,1,1,12,1,2
1,dokana,vfood,1,1,12,6,2
1,fraukje,attent,1,1,12,10,2
1,fraukje,comm,1,1,12,10,2
1,fraukje,pop,1,1,12,10,2
1,fraukje,reas,1,1,12,6,2
1,fraukje,search,1,1,12,4,2
1,fraukje,vfood,1,1,4,0,2
1,frederike,attent,1,1,12,5,2
1,frederike,comm,1,1,6,4,2
1,frederike,pop,1,1,12,7,2
1,frederike,reas,1,1,12,3,2
1,frederike,search,1,1,12,0,2
1,frederike,vfood,1,1,12,12,2
1,frodo,attent,1,1,12,8,2
1,frodo,comm,1,1,12,11,2
1,frodo,pop,1,1,12,12,2
1,frodo,reas,1,1,12,7,2
1,frodo,search,1,1,12,2,2
1,frodo,vfood,1,1,12,6,2
1,hope,attent,1,1,12,5,2
1,hope,comm,1,1,12,9,2
1,hope,pop,1,1,12,11,2
1,hope,reas,1,1,12,6,2
1,hope,search,1,1,12,3,2
1,hope,vfood,1,1,12,10,2
1,jasongo,attent,1,1,12,3,2
1,jasongo,comm,1,1,12,9,2
1,jasongo,pop,1,1,12,9,2
1,jasongo,reas,1,1,12,2,2
1,jasongo,search,1,1,12,3,2
1,jasongo,vfood,1,1,12,5,2
1,joey,pop,1,1,1,1,2
1,joey,reas,1,1,12,6,2
1,kasai,attent,1,1,6,6,2
1,kasai,comm,1,1,12,8,2
1,kasai,pop,1,1,12,9,2
1,kasai,reas,1,1,12,1,2
1,kasai,search,1,1,12,4,2
1,kasai,vfood,1,1,12,6,2
1,kianga,attent,1,1,12,8,2
1,kianga,comm,1,1,12,6,2
1,kianga,pop,1,1,12,6,2
1,kianga,reas,1,1,12,7,2
1,kianga,search,1,1,12,11,2
1,kianga,vfood,1,1,12,6,2
1,kibara,attent,1,1,12,9,2
1,kibara,comm,1,1,12,5,2
1,kibara,pop,1,1,12,12,2
1,kibara,reas,1,1,12,4,2
1,kibara,search,1,1,12,0,2
1,kibara,vfood,1,1,12,7,2
1,kio,attent,1,1,12,4,2
1,kio,comm,1,1,12,6,2
1,kio,pop,1,1,12,7,2
1,kio,reas,1,1,12,5,2
1,kio,search,1,1,12,6,2
1,kio,vfood,1,1,12,8,2
1,kisha,attent,1,1,2,0,2
1,kisha,comm,1,1,6,2,2
1,kisha,pop,1,1,6,2,2
1,kisha,reas,1,1,12,6,2
1,kisha,search,1,1,4,4,2
1,kisha,vfood,1,1,5,2,2
1,kumili,attent,1,1,12,9,2
1,kumili,comm,1,1,12,7,2
1,kumili,pop,1,1,12,5,2
1,kumili,reas,1,1,12,2,2
1,kumili,search,1,1,12,1,2
1,kumili,vfood,1,1,12,11,2
1,kuno,attent,1,1,12,6,2
1,kuno,comm,1,1,12,6,2
1,kuno,pop,1,1,12,8,2
1,kuno,reas,1,1,12,10,2
1,kuno,search,1,1,12,0,2
1,kuno,vfood,1,1,12,11,2
1,lexi,attent,1,1,12,7,2
1,lexi,comm,1,1,12,8,2
1,lexi,pop,1,1,12,8,2
1,lexi,reas,1,1,12,5,2
1,lexi,search,1,1,12,4,2
1,lexi,vfood,1,1,12,0,2
1,luiza,attent,1,1,12,8,2
1,luiza,comm,1,1,12,8,2
1,luiza,pop,1,1,12,10,2
1,luiza,reas,1,1,12,7,2
1,luiza,search,1,1,12,0,2
1,luiza,vfood,1,1,12,11,2
1,maja,attent,1,1,5,3,2
1,maja,comm,1,1,12,3,2
1,maja,search,1,1,1,0,2
1,maja,vfood,1,1,12,6,2
1,natascha,comm,1,1,12,9,2
1,natascha,pop,1,1,12,9,2
1,natascha,reas,1,1,12,4,2
1,natascha,vfood,1,1,12,11,2
1,ohini,attent,1,1,12,9,2
1,ohini,comm,1,1,12,7,2
1,ohini,pop,1,1,12,7,2
1,ohini,reas,1,1,12,6,2
1,ohini,search,1,1,12,5,2
1,ohini,vfood,1,1,12,3,2
1,padana,attent,1,1,12,5,2
1,padana,comm,1,1,12,7,2
1,padana,pop,1,1,12,12,2
1,padana,reas,1,1,12,8,2
1,padana,search,1,1,12,0,2
1,padana,vfood,1,1,12,11,2
1,pini,attent,1,1,12,6,2
1,pini,comm,1,1,12,7,2
1,pini,pop,1,1,12,10,2
1,pini,reas,1,1,12,5,2
1,pini,search,1,1,12,1,2
1,pini,vfood,1,1,12,10,2
1,raja,attent,1,1,12,5,2
1,raja,comm,1,1,12,11,2
1,raja,pop,1,1,12,9,2
1,raja,reas,1,1,12,7,2
1,raja,search,1,1,12,1,2
1,raja,vfood,1,1,12,10,2
1,riet,attent,1,1,10,5,2
1,riet,comm,1,1,1,1,2
1,riet,pop,1,1,12,10,2
1,riet,reas,1,1,12,9,2
1,riet,search,1,1,12,6,2
1,riet,vfood,1,1,9,0,2
1,robert,attent,1,1,12,7,2
1,robert,comm,1,1,12,8,2
1,robert,pop,1,1,12,9,2
1,robert,reas,1,1,12,6,2
1,robert,vfood,1,1,12,8,2
1,sandra,attent,1,1,12,6,2
1,sandra,comm,1,1,12,7,2
1,sandra,pop,1,1,12,12,2
1,sandra,reas,1,1,12,5,2
1,sandra,search,1,1,12,0,2
1,sandra,vfood,1,1,12,12,2
1,sari,attent,1,1,2,1,2
1,sari,comm,1,1,7,6,2
1,sari,pop,1,1,12,7,2
1,sari,vfood,1,1,6,1,2
1,shanga,attent,1,1,3,1,2
1,shanga,comm,1,1,12,4,2
1,shanga,pop,1,1,5,2,2
1,shanga,reas,1,1,12,8,2
1,shanga,search,1,1,12,5,2
1,shanga,vfood,1,1,12,6,2
1,sumai,attent,1,1,12,9,2
1,sumai,comm,1,1,12,7,2
1,sumai,search,1,1,6,5,2
1,sumai,vfood,1,1,12,8,2
1,swela,attent,1,1,1,0,2
1,swela,pop,1,1,12,7,2
1,swela,reas,1,1,12,2,2
1,swela,search,1,1,4,4,2
1,tai,attent,1,1,12,6,2
1,tai,comm,1,1,12,7,2
1,tai,pop,1,1,12,11,2
1,tai,reas,1,1,12,9,2
1,tai,search,1,1,12,0,2
1,tai,vfood,1,1,12,8,2
1,tayo,attent,1,1,12,7,2
1,tayo,comm,1,1,12,6,2
1,tayo,pop,1,1,12,5,2
1,tayo,reas,1,1,12,2,2
1,tayo,search,1,1,12,12,2
1,tayo,vfood,1,1,12,8,2
1,yaro,attent,1,1,12,5,2
1,yaro,comm,1,1,12,2,2
1,yaro,pop,1,1,12,11,2
1,yaro,reas,1,1,12,6,2
1,yaro,search,1,1,12,4,2
1,yaro,vfood,1,1,12,2,2
1,yasa,attent,1,1,12,7,2
1,yasa,comm,1,1,12,1,2
1,yasa,pop,1,1,12,11,2
1,yasa,reas,1,1,12,5,2
1,yasa,search,1,1,12,0,2
1,yasa,vfood,1,1,12,0,2
1,zira,attent,1,1,12,4,2
1,zira,comm,1,1,12,11,2
1,zira,pop,1,1,12,9,2
1,zira,reas,1,1,12,2,2
1,zira,search,1,1,12,1,2
1,zira,vfood,1,1,12,9,2
2,abeeku,comm,2,1,6,1,2
2,abeeku,pop,2,1,2,2,2
2,abeeku,reas,2,1,7,4,2
2,abeeku,search,2,1,11,0,2
2,abeeku,vfood,2,1,7,5,2
2,alex,attent,2,1,10,6,2
2,alex,comm,2,1,12,12,2
2,alex,reas,2,1,4,2,2
2,alex,search,2,1,12,4,2
2,alex,vfood,2,1,12,11,2
2,amira,attent,2,1,6,4,2
2,amira,comm,2,1,6,6,2
2,amira,pop,2,1,10,6,2
2,amira,search,2,1,4,4,2
2,amira,vfood,2,1,3,3,2
2,azibo,attent,2,1,8,3,2
2,azibo,search,2,1,12,0,2
2,bimbo,attent,2,1,12,7,2
2,bimbo,comm,2,1,12,7,2
2,bimbo,pop,2,1,3,2,2
2,bimbo,reas,2,1,12,7,2
2,bimbo,search,2,1,9,6,2
2,bimbo,vfood,2,1,12,9,2
2,corrie,attent,2,1,12,10,2
2,corrie,pop,2,1,12,6,2
2,corrie,reas,2,1,12,6,2
2,daza,pop,2,1,11,5,2
2,daza,reas,2,1,4,2,2
2,diara,attent,2,1,12,5,2
2,diara,comm,2,1,12,5,2
2,diara,pop,2,1,12,9,2
2,diara,reas,2,1,12,3,2
2,diara,search,2,1,12,0,2
2,diara,vfood,2,1,12,12,2
2,dokana,attent,2,1,12,6,2
2,dokana,comm,2,1,12,11,2
2,dokana,pop,2,1,12,11,2
2,dokana,reas,2,1,12,6,2
2,dokana,search,2,1,12,1,2
2,dokana,vfood,2,1,12,9,2
2,fraukje,attent,2,1,12,5,2
2,fraukje,comm,2,1,12,7,2
2,fraukje,pop,2,1,12,12,2
2,fraukje,reas,2,1,12,3,2
2,fraukje,search,2,1,12,2,2
2,fraukje,vfood,2,1,12,3,2
2,frederike,attent,2,1,3,1,2
2,frederike,comm,2,1,12,12,2
2,frederike,pop,2,1,12,9,2
2,frederike,reas,2,1,12,7,2
2,frederike,search,2,1,6,1,2
2,frederike,vfood,2,1,12,11,2
2,frodo,attent,2,1,12,5,2
2,frodo,comm,2,1,12,11,2
2,frodo,pop,2,1,12,12,2
2,frodo,reas,2,1,12,7,2
2,frodo,search,2,1,12,0,2
2,frodo,vfood,2,1,12,12,2
2,hope,attent,2,1,12,5,2
2,hope,comm,2,1,12,10,2
2,hope,pop,2,1,12,12,2
2,hope,reas,2,1,12,7,2
2,hope,search,2,1,12,0,2
2,hope,vfood,2,1,12,10,2
2,jasongo,attent,2,1,12,2,2
2,jasongo,comm,2,1,12,9,2
2,jasongo,pop,2,1,12,6,2
2,jasongo,reas,2,1,12,5,2
2,jasongo,search,2,1,12,1,2
2,jasongo,vfood,2,1,12,12,2
2,jeudi,pop,2,1,12,6,2
2,jeudi,reas,2,1,7,3,2
2,joey,comm,2,1,5,3,2
2,joey,reas,2,1,12,4,2
2,joey,vfood,2,1,8,3,2
2,kasai,attent,2,1,12,8,2
2,kasai,comm,2,1,12,9,2
2,kasai,pop,2,1,12,9,2
2,kasai,reas,2,1,12,4,2
2,kasai,search,2,1,12,1,2
2,kasai,vfood,2,1,12,11,2
2,kianga,attent,2,1,12,7,2
2,kianga,comm,2,1,12,9,2
2,kianga,pop,2,1,12,9,2
2,kianga,reas,2,1,12,5,2
2,kianga,search,2,1,12,12,2
2,kianga,vfood,2,1,12,7,2
2,kibara,attent,2,1,12,4,2
2,kibara,comm,2,1,12,4,2
2,kibara,pop,2,1,12,12,2
2,kibara,reas,2,1,12,8,2
2,kibara,search,2,1,12,0,2
2,kibara,vfood,2,1,12,11,2
2,kio,attent,2,1,12,8,2
2,kio,comm,2,1,12,7,2
2,kio,pop,2,1,6,4,2
2,kio,reas,2,1,12,7,2
2,kio,search,2,1,12,1,2
2,kio,vfood,2,1,12,10,2
2,kisha,attent,2,1,12,9,2
2,kisha,comm,2,1,10,5,2
2,kisha,pop,2,1,12,6,2
2,kisha,reas,2,1,12,5,2
2,kisha,search,2,1,10,5,2
2,kisha,vfood,2,1,12,5,2
2,kumili,attent,2,1,12,7,2
2,kumili,comm,2,1,12,8,2
2,kumili,pop,2,1,12,6,2
2,kumili,reas,2,1,12,7,2
2,kumili,search,2,1,12,0,2
2,kumili,vfood,2,1,12,12,2
2,kuno,attent,2,1,12,6,2
2,kuno,comm,2,1,12,7,2
2,kuno,pop,2,1,12,11,2
2,kuno,reas,2,1,12,10,2
2,kuno,search,2,1,12,2,2
2,kuno,vfood,2,1,12,11,2
2,lexi,attent,2,1,12,10,2
2,lexi,comm,2,1,3,1,2
2,lexi,pop,2,1,12,10,2
2,lexi,reas,2,1,3,1,2
2,lexi,search,2,1,12,6,2
2,lexi,vfood,2,1,12,4,2
2,luiza,attent,2,1,12,8,2
2,luiza,comm,2,1,12,10,2
2,luiza,pop,2,1,12,10,2
2,luiza,reas,2,1,12,6,2
2,luiza,search,2,1,3,2,2
2,luiza,vfood,2,1,12,10,2
2,maja,attent,2,1,12,10,2
2,maja,comm,2,1,12,5,2
2,maja,pop,2,1,12,10,2
2,maja,reas,2,1,2,2,2
2,maja,search,2,1,3,0,2
2,maja,vfood,2,1,12,9,2
2,makeni,attent,2,1,12,7,2
2,makeni,comm,2,1,6,3,2
2,makeni,pop,2,1,12,8,2
2,makeni,reas,2,1,12,6,2
2,makeni,search,2,1,8,8,2
2,makeni,vfood,2,1,12,6,2
2,natascha,attent,2,1,12,7,2
2,natascha,comm,2,1,2,1,2
2,natascha,pop,2,1,12,12,2
2,natascha,reas,2,1,12,2,2
2,natascha,vfood,2,1,12,11,2
2,ohini,attent,2,1,8,8,2
2,ohini,comm,2,1,12,11,2
2,ohini,pop,2,1,12,7,2
2,ohini,reas,2,1,7,3,2
2,ohini,search,2,1,12,6,2
2,ohini,vfood,2,1,12,8,2
2,padana,attent,2,1,12,5,2
2,padana,comm,2,1,11,4,2
2,padana,pop,2,1,12,12,2
2,padana,reas,2,1,12,8,2
2,padana,search,2,1,12,1,2
2,padana,vfood,2,1,12,11,2
2,pini,attent,2,1,12,8,2
2,pini,comm,2,1,12,8,2
2,pini,pop,2,1,12,11,2
2,pini,reas,2,1,12,6,2
2,pini,search,2,1,12,0,2
2,pini,vfood,2,1,12,9,2
2,raja,attent,2,1,7,4,2
2,raja,comm,2,1,4,3,2
2,raja,pop,2,1,12,7,2
2,raja,reas,2,1,4,2,2
2,raja,search,2,1,12,0,2
2,raja,vfood,2,1,6,2,2
2,riet,attent,2,1,12,7,2
2,riet,comm,2,1,9,7,2
2,riet,pop,2,1,12,11,2
2,riet,reas,2,1,12,9,2
2,riet,search,2,1,9,2,2
2,robert,attent,2,1,12,9,2
2,robert,comm,2,1,12,6,2
2,robert,pop,2,1,12,11,2
2,robert,reas,2,1,12,7,2
2,robert,search,2,1,12,2,2
2,robert,vfood,2,1,12,12,2
2,sandra,attent,2,1,12,2,2
2,sandra,comm,2,1,12,8,2
2,sandra,pop,2,1,12,12,2
2,sandra,reas,2,1,12,6,2
2,sandra,search,2,1,12,0,2
2,sandra,vfood,2,1,12,11,2
2,shanga,attent,2,1,12,7,2
2,shanga,comm,2,1,12,11,2
2,shanga,pop,2,1,12,6,2
2,shanga,reas,2,1,8,4,2
2,shanga,search,2,1,12,0,2
2,shanga,vfood,2,1,12,9,2
2,sumai,attent,2,1,12,12,2
2,sumai,comm,2,1,12,10,2
2,sumai,pop,2,1,12,4,2
2,sumai,reas,2,1,12,5,2
2,sumai,search,2,1,12,12,2
2,sumai,vfood,2,1,4,3,2
2,swela,pop,2,1,12,6,2
2,swela,reas,2,1,12,4,2
2,tai,attent,2,1,12,7,2
2,tai,comm,2,1,2,0,2
2,tai,pop,2,1,12,11,2
2,tai,reas,2,1,12,8,2
2,tai,search,2,1,12,0,2
2,tayo,attent,2,1,6,3,2
2,tayo,comm,2,1,6,3,2
2,tayo,pop,2,1,12,7,2
2,tayo,reas,2,1,12,5,2
2,tayo,search,2,1,6,6,2
2,tayo,vfood,2,1,5,2,2
2,yaro,attent,2,1,12,10,2
2,yaro,comm,2,1,12,3,2
2,yaro,pop,2,1,12,12,2
2,yaro,reas,2,1,12,5,2
2,yaro,search,2,1,12,1,2
2,yaro,vfood,2,1,12,6,2
2,yasa,attent,2,1,5,3,2
2,yasa,comm,2,1,12,7,2
2,yasa,pop,2,1,12,11,2
2,yasa,reas,2,1,12,6,2
2,yasa,search,2,1,12,0,2
2,yasa,vfood,2,1,12,5,2
2,youma,comm,2,1,8,3,2
2,youma,pop,2,1,12,7,2
2,youma,reas,2,1,8,4,2
2,youma,search,2,1,6,6,2
2,youma,vfood,2,1,12,5,2
2,zira,attent,2,1,12,7,2
2,zira,comm,2,1,12,12,2
2,zira,pop,2,1,12,11,2
2,zira,reas,2,1,12,4,2
2,zira,search,2,1,12,0,2
2,zira,vfood,2,1,12,9,2
3,abeeku,attent,3,1,7,4,2
3,abeeku,comm,3,1,4,2,2
3,abeeku,pop,3,1,1,1,2
3,abeeku,reas,3,1,1,0,2
3,abeeku,search,3,1,12,0,2
3,abeeku,vfood,3,1,12,12,2
3,alex,attent,3,1,3,0,2
3,alex,comm,3,1,12,8,2
3,alex,reas,3,1,12,7,2
3,alex,search,3,1,12,3,2
3,alex,vfood,3,1,12,10,2
3,amira,attent,3,1,9,6,2
3,amira,pop,3,1,12,8,2
3,amira,reas,3,1,8,5,2
3,amira,search,3,1,4,4,2
3,azibo,attent,3,1,12,3,2
3,azibo,comm,3,1,12,4,2
3,azibo,pop,3,1,12,7,2
3,azibo,reas,3,1,12,3,2
3,azibo,search,3,1,12,0,2
3,azibo,vfood,3,1,12,12,2
3,bambari,comm,3,1,12,11,2
3,bambari,pop,3,1,12,9,2
3,bambari,reas,3,1,12,6,2
3,bambari,vfood,3,1,12,4,2
3,bimbo,attent,3,1,12,7,2
3,bimbo,comm,3,1,12,8,2
3,bimbo,pop,3,1,1,0,2
3,bimbo,reas,3,1,12,8,2
3,bimbo,search,3,1,1,1,2
3,bimbo,vfood,3,1,12,8,2
3,corrie,comm,3,1,12,7,2
3,corrie,pop,3,1,12,7,2
3,corrie,reas,3,1,12,8,2
3,corrie,vfood,3,1,12,5,2
3,daza,attent,3,1,12,7,2
3,daza,comm,3,1,7,2,2
3,daza,pop,3,1,12,6,2
3,daza,reas,3,1,12,7,2
3,daza,search,3,1,12,0,2
3,daza,vfood,3,1,12,10,2
3,diara,attent,3,1,12,8,2
3,diara,comm,3,1,12,6,2
3,diara,pop,3,1,12,11,2
3,diara,reas,3,1,12,6,2
3,diara,search,3,1,12,0,2
3,diara,vfood,3,1,12,12,2
3,dokana,attent,3,1,12,7,2
3,dokana,comm,3,1,12,8,2
3,dokana,pop,3,1,12,12,2
3,dokana,reas,3,1,12,9,2
3,dokana,search,3,1,12,1,2
3,dokana,vfood,3,1,12,9,2
3,fraukje,attent,3,1,12,4,2
3,fraukje,comm,3,1,12,11,2
3,fraukje,pop,3,1,12,12,2
3,fraukje,reas,3,1,12,6,2
3,fraukje,search,3,1,12,1,2
3,fraukje,vfood,3,1,12,5,2
3,frederike,attent,3,1,1,0,2
3,frederike,comm,3,1,2,2,2
3,frederike,pop,3,1,12,7,2
3,frederike,reas,3,1,12,5,2
3,frodo,attent,3,1,12,7,2
3,frodo,comm,3,1,12,11,2
3,frodo,pop,3,1,12,12,2
3,frodo,reas,3,1,12,7,2
3,frodo,search,3,1,12,1,2
3,frodo,vfood,3,1,12,12,2
3,hope,attent,3,1,12,8,2
3,hope,comm,3,1,12,9,2
3,hope,pop,3,1,12,11,2
3,hope,reas,3,1,12,5,2
3,hope,search,3,1,12,0,2
3,hope,vfood,3,1,12,8,2
3,jasongo,attent,3,1,12,4,2
3,jasongo,comm,3,1,12,10,2
3,jasongo,pop,3,1,12,9,2
3,jasongo,reas,3,1,12,3,2
3,jasongo,search,3,1,12,4,2
3,jasongo,vfood,3,1,12,12,2
3,jeudi,comm,3,1,3,3,2
3,joey,attent,3,1,1,0,2
3,joey,comm,3,1,12,10,2
3,joey,pop,3,1,6,3,2
3,joey,reas,3,1,12,8,2
3,joey,search,3,1,3,3,2
3,joey,vfood,3,1,12,3,2
3,kasai,attent,3,1,12,8,2
3,kasai,comm,3,1,12,7,2
3,kasai,pop,3,1,12,10,2
3,kasai,reas,3,1,12,2,2
3,kasai,search,3,1,12,1,2
3,kasai,vfood,3,1,12,11,2
3,kianga,attent,3,1,12,5,2
3,kianga,comm,3,1,12,6,2
3,kianga,pop,3,1,12,6,2
3,kianga,reas,3,1,12,7,2
3,kianga,search,3,1,12,11,2
3,kianga,vfood,3,1,12,7,2
3,kibara,attent,3,1,12,10,2
3,kibara,comm,3,1,12,4,2
3,kibara,pop,3,1,12,12,2
3,kibara,reas,3,1,12,7,2
3,kibara,search,3,1,12,0,2
3,kibara,vfood,3,1,12,12,2
3,kio,attent,3,1,12,8,2
3,kio,comm,3,1,12,3,2
3,kio,pop,3,1,12,7,2
3,kio,reas,3,1,12,3,2
3,kio,search,3,1,12,0,2
3,kio,vfood,3,1,12,10,2
3,kisha,attent,3,1,12,4,2
3,kisha,comm,3,1,12,5,2
3,kisha,pop,3,1,12,8,2
3,kisha,reas,3,1,12,4,2
3,kisha,search,3,1,12,7,2
3,kisha,vfood,3,1,12,6,2
3,kumili,attent,3,1,12,8,2
3,kumili,comm,3,1,12,10,2
3,kumili,pop,3,1,12,6,2
3,kumili,reas,3,1,12,7,2
3,kumili,search,3,1,12,0,2
3,kumili,vfood,3,1,12,11,2
3,kuno,pop,3,1,12,11,2
3,kuno,reas,3,1,12,6,2
3,lexi,attent,3,1,12,7,2
3,lexi,comm,3,1,6,3,2
3,lexi,pop,3,1,12,10,2
3,lexi,reas,3,1,6,3,2
3,lexi,search,3,1,9,3,2
3,lexi,vfood,3,1,12,9,2
3,luiza,attent,3,1,12,8,2
3,luiza,comm,3,1,12,11,2
3,luiza,pop,3,1,12,12,2
3,luiza,reas,3,1,12,4,2
3,luiza,search,3,1,12,4,2
3,luiza,vfood,3,1,12,12,2
3,maja,attent,3,1,12,12,2
3,maja,comm,3,1,12,9,2
3,maja,pop,3,1,12,9,2
3,maja,reas,3,1,12,5,2
3,maja,search,3,1,12,0,2
3,maja,vfood,3,1,12,11,2
3,makeni,attent,3,1,12,5,2
3,makeni,comm,3,1,8,4,2
3,makeni,pop,3,1,12,8,2
3,makeni,reas,3,1,12,4,2
3,makeni,search,3,1,12,7,2
3,makeni,vfood,3,1,12,9,2
3,natascha,attent,3,1,12,9,2
3,natascha,comm,3,1,12,10,2
3,natascha,pop,3,1,12,5,2
3,natascha,reas,3,1,12,2,2
3,natascha,search,3,1,12,2,2
3,natascha,vfood,3,1,12,9,2
3,ohini,attent,3,1,12,10,2
3,ohini,comm,3,1,12,11,2
3,ohini,pop,3,1,12,6,2
3,ohini,reas,3,1,12,6,2
3,ohini,search,3,1,12,0,2
3,ohini,vfood,3,1,12,11,2
3,padana,attent,3,1,3,3,2
3,padana,comm,3,1,8,6,2
3,padana,pop,3,1,12,10,2
3,padana,reas,3,1,12,10,2
3,padana,search,3,1,12,0,2
3,padana,vfood,3,1,2,2,2
3,pini,attent,3,1,12,7,2
3,pini,comm,3,1,12,8,2
3,pini,pop,3,1,12,12,2
3,pini,search,3,1,12,0,2
3,pini,vfood,3,1,6,6,2
3,raja,attent,3,1,12,8,2
3,raja,comm,3,1,8,5,2
3,raja,pop,3,1,12,11,2
3,raja,reas,3,1,4,3,2
3,raja,search,3,1,12,0,2
3,raja,vfood,3,1,12,10,2
3,riet,attent,3,1,12,7,2
3,riet,comm,3,1,12,8,2
3,riet,pop,3,1,12,11,2
3,riet,reas,3,1,12,11,2
3,riet,search,3,1,12,0,2
3,riet,vfood,3,1,12,9,2
3,sandra,attent,3,1,12,2,2
3,sandra,comm,3,1,12,9,2
3,sandra,pop,3,1,12,10,2
3,sandra,reas,3,1,12,7,2
3,sandra,search,3,1,12,1,2
3,sandra,vfood,3,1,12,12,2
3,sari,attent,3,1,12,7,2
3,sari,comm,3,1,6,4,2
3,sari,pop,3,1,6,3,2
3,sari,reas,3,1,6,2,2
3,sari,search,3,1,6,4,2
3,sari,vfood,3,1,12,12,2
3,shanga,attent,3,1,5,3,2
3,shanga,comm,3,1,12,10,2
3,shanga,pop,3,1,12,8,2
3,shanga,reas,3,1,12,6,2
3,shanga,search,3,1,12,2,2
3,shanga,vfood,3,1,12,10,2
3,sumai,comm,3,1,12,11,2
3,sumai,vfood,3,1,12,7,2
3,swela,attent,3,1,12,6,2
3,swela,comm,3,1,5,2,2
3,swela,pop,3,1,12,9,2
3,swela,reas,3,1,12,6,2
3,swela,search,3,1,12,3,2
3,tai,attent,3,1,12,9,2
3,tai,pop,3,1,12,11,2
3,tai,reas,3,1,12,8,2
3,tai,search,3,1,12,0,2
3,tayo,attent,3,1,12,7,2
3,tayo,comm,3,1,12,8,2
3,tayo,pop,3,1,12,9,2
3,tayo,reas,3,1,12,5,2
3,tayo,search,3,1,12,11,2
3,tayo,vfood,3,1,12,6,2
3,yaro,attent,3,1,12,10,2
3,yaro,comm,3,1,12,4,2
3,yaro,pop,3,1,12,12,2
3,yaro,reas,3,1,12,6,2
3,yaro,search,3,1,12,0,2
3,yaro,vfood,3,1,12,12,2
3,yasa,attent,3,1,12,5,2
3,yasa,comm,3,1,12,3,2
3,yasa,pop,3,1,12,12,2
3,yasa,reas,3,1,12,5,2
3,yasa,search,3,1,12,0,2
3,yasa,vfood,3,1,12,8,2
3,youma,attent,3,1,1,1,2
3,youma,comm,3,1,12,5,2
3,youma,pop,3,1,12,6,2
3,youma,reas,3,1,12,6,2
3,youma,search,3,1,6,6,2
3,youma,vfood,3,1,7,3,2
3,zira,attent,3,1,12,7,2
3,zira,comm,3,1,12,10,2
3,zira,pop,3,1,12,8,2
3,zira,reas,3,1,12,6,2
3,zira,search,3,1,12,0,2
3,zira,vfood,3,1,12,11,2
4,abeeku,attent,4,1,12,5,2
4,abeeku,comm,4,1,8,4,2
4,abeeku,pop,4,1,12,7,2
4,abeeku,reas,4,1,12,9,2
4,abeeku,search,4,1,12,1,2
4,abeeku,vfood,4,1,12,12,2
4,alex,attent,4,1,3,2,2
4,alex,comm,4,1,12,12,2
4,alex,pop,4,1,2,1,2
4,alex,reas,4,1,12,1,2
4,alex,search,4,1,12,2,2
4,alex,vfood,4,1,12,10,2
4,azibo,attent,4,1,12,5,2
4,azibo,comm,4,1,12,6,2
4,azibo,pop,4,1,12,8,2
4,azibo,reas,4,1,12,2,2
4,azibo,search,4,1,12,1,2
4,azibo,vfood,4,1,12,12,2
4,bambari,attent,4,1,12,9,2
4,bambari,comm,4,1,12,11,2
4,bambari,search,4,1,12,1,2
4,bambari,vfood,4,1,3,2,2
4,bimbo,pop,4,1,1,1,2
4,bimbo,reas,4,1,12,5,2
4,corrie,attent,4,1,12,11,2
4,corrie,comm,4,1,12,9,2
4,corrie,pop,4,1,12,10,2
4,corrie,reas,4,1,12,4,2
4,corrie,search,4,1,12,6,2
4,corrie,vfood,4,1,12,9,2
4,daza,attent,4,1,12,7,2
4,daza,comm,4,1,12,8,2
4,daza,pop,4,1,12,8,2
4,daza,reas,4,1,12,3,2
4,daza,search,4,1,12,7,2
4,daza,vfood,4,1,12,11,2
4,diara,attent,4,1,12,3,2
4,diara,comm,4,1,12,7,2
4,diara,pop,4,1,12,12,2
4,diara,reas,4,1,12,7,2
4,diara,search,4,1,12,0,2
4,diara,vfood,4,1,12,12,2
4,dokana,pop,4,1,12,11,2
4,dokana,reas,4,1,12,6,2
4,fraukje,attent,4,1,12,4,2
4,fraukje,comm,4,1,12,12,2
4,fraukje,pop,4,1,12,12,2
4,fraukje,reas,4,1,12,6,2
4,fraukje,search,4,1,12,0,2
4,fraukje,vfood,4,1,12,11,2
4,frederike,attent,4,1,12,9,2
4,frederike,comm,4,1,12,12,2
4,frederike,pop,4,1,12,12,2
4,frederike,reas,4,1,12,7,2
4,frederike,search,4,1,8,1,2
4,frederike,vfood,4,1,12,12,2
4,frodo,attent,4,1,5,1,2
4,frodo,comm,4,1,12,12,2
4,frodo,pop,4,1,12,12,2
4,frodo,reas,4,1,12,6,2
4,frodo,search,4,1,12,0,2
4,frodo,vfood,4,1,12,12,2
4,hope,attent,4,1,12,6,2
4,hope,comm,4,1,12,12,2
4,hope,pop,4,1,12,12,2
4,hope,reas,4,1,12,2,2
4,hope,search,4,1,12,0,2
4,hope,vfood,4,1,12,9,2
4,jeudi,attent,4,1,12,8,2
4,jeudi,comm,4,1,12,8,2
4,jeudi,pop,4,1,12,8,2
4,jeudi,reas,4,1,12,5,2
4,jeudi,search,4,1,8,3,2
4,jeudi,vfood,4,1,12,8,2
4,kianga,attent,4,1,12,2,2
4,kianga,comm,4,1,12,9,2
4,kianga,pop,4,1,12,5,2
4,kianga,reas,4,1,12,5,2
4,kianga,search,4,1,12,1,2
4,kianga,vfood,4,1,12,12,2
4,kibara,attent,4,1,12,11,2
4,kibara,comm,4,1,12,3,2
4,kibara,pop,4,1,12,12,2
4,kibara,reas,4,1,12,5,2
4,kibara,search,4,1,12,0,2
4,kibara,vfood,4,1,12,12,2
4,kio,attent,4,1,12,8,2
4,kio,comm,4,1,12,8,2
4,kio,pop,4,1,12,9,2
4,kio,reas,4,1,12,5,2
4,kio,search,4,1,12,0,2
4,kio,vfood,4,1,12,11,2
4,kisha,attent,4,1,12,6,2
4,kisha,comm,4,1,4,2,2
4,kisha,pop,4,1,12,5,2
4,kisha,reas,4,1,12,6,2
4,kisha,search,4,1,12,7,2
4,kisha,vfood,4,1,2,0,2
4,kumili,attent,4,1,12,8,2
4,kumili,comm,4,1,12,10,2
4,kumili,pop,4,1,12,8,2
4,kumili,reas,4,1,12,9,2
4,kumili,search,4,1,12,0,2
4,kumili,vfood,4,1,12,12,2
4,maja,attent,4,1,12,10,2
4,maja,comm,4,1,7,6,2
4,maja,reas,4,1,5,4,2
4,maja,vfood,4,1,12,12,2
4,makeni,attent,4,1,12,6,2
4,makeni,comm,4,1,12,5,2
4,makeni,pop,4,1,12,5,2
4,makeni,reas,4,1,12,4,2
4,makeni,search,4,1,12,12,2
4,makeni,vfood,4,1,12,9,2
4,natascha,attent,4,1,12,3,2
4,natascha,comm,4,1,12,6,2
4,natascha,pop,4,1,12,12,2
4,natascha,reas,4,1,12,2,2
4,natascha,search,4,1,1,0,2
4,natascha,vfood,4,1,5,0,2
4,ohini,attent,4,1,12,8,2
4,ohini,comm,4,1,12,12,2
4,ohini,pop,4,1,12,9,2
4,ohini,reas,4,1,12,6,2
4,ohini,search,4,1,12,0,2
4,ohini,vfood,4,1,12,12,2
4,padana,pop,4,1,12,12,2
4,padana,reas,4,1,9,5,2
4,pini,pop,4,1,12,11,2
4,raja,pop,4,1,12,9,2
4,raja,reas,4,1,6,5,2
4,riet,attent,4,1,12,6,2
4,riet,pop,4,1,12,10,2
4,riet,reas,4,1,12,6,2
4,riet,search,4,1,12,1,2
4,sandra,attent,4,1,12,7,2
4,sandra,comm,4,1,4,3,2
4,sandra,pop,4,1,12,12,2
4,sandra,reas,4,1,6,2,2
4,sandra,search,4,1,12,0,2
4,sari,pop,4,1,6,2,2
4,sari,reas,4,1,6,3,2
4,shanga,attent,4,1,3,2,2
4,shanga,comm,4,1,12,10,2
4,shanga,search,4,1,8,1,2
4,shanga,vfood,4,1,12,11,2
4,swela,attent,4,1,12,8,2
4,swela,comm,4,1,6,4,2
4,swela,pop,4,1,12,6,2
4,swela,reas,4,1,12,7,2
4,swela,search,4,1,12,1,2
4,swela,vfood,4,1,12,6,2
4,tai,attent,4,1,12,7,2
4,tai,comm,4,1,2,0,2
4,tai,pop,4,1,12,11,2
4,tai,reas,4,1,12,9,2
4,tai,search,4,1,12,0,2
4,tai,vfood,4,1,12,12,2
4,youma,attent,4,1,7,3,2
4,youma,comm,4,1,12,4,2
4,youma,pop,4,1,12,7,2
4,youma,reas,4,1,12,5,2
4,youma,search,4,1,12,12,2
4,youma,vfood,4,1,12,6,2
4,zira,comm,4,1,12,10,2
4,zira,pop,4,1,12,10,2
4,zira,reas,4,1,12,7,2
4,zira,vfood,4,1,12,10,2
5,abeeku,attent,5,1,4,2,2
1,abeeku,cause,1,1,2,2,1
5,abeeku,comm,5,1,1,0,2
1,abeeku,delay,1,1,6,5,1
1,abeeku,gaze,1,1,6,0,1
1,abeeku,inference,1,1,2,1,1
5,abeeku,pop,5,1,8,4,2
1,abeeku,quant,1,1,12,6,1
5,abeeku,reas,5,1,2,0,2
5,abeeku,search,5,1,8,1,2
5,abeeku,vfood,5,1,12,10,2
5,alex,attent,5,1,2,1,2
1,alex,cause,1,1,12,12,1
1,alex,delay,1,1,12,5,1
1,alex,gaze,1,1,5,0,1
1,alex,inference,1,1,12,12,1
5,alex,pop,5,1,1,0,2
1,alex,quant,1,1,12,9,1
5,alex,reas,5,1,11,6,2
5,alex,search,5,1,12,0,2
5,alex,vfood,5,1,10,10,2
5,amira,attent,5,1,12,6,2
5,amira,comm,5,1,12,8,2
5,amira,pop,5,1,12,7,2
5,amira,reas,5,1,12,6,2
5,amira,search,5,1,12,10,2
5,amira,vfood,5,1,12,8,2
5,azibo,attent,5,1,12,7,2
1,azibo,cause,1,1,12,11,1
5,azibo,comm,5,1,12,8,2
1,azibo,delay,1,1,12,0,1
1,azibo,gaze,1,1,8,0,1
1,azibo,inference,1,1,12,3,1
5,azibo,pop,5,1,12,7,2
1,azibo,quant,1,1,12,10,1
5,azibo,reas,5,1,12,3,2
5,azibo,search,5,1,12,1,2
5,azibo,vfood,5,1,12,12,2
1,bambari,cause,1,1,6,4,1
1,bambari,gaze,1,1,4,0,1
1,bambari,inference,1,1,5,2,1
5,bambari,pop,5,1,12,7,2
1,bambari,quant,1,1,9,8,1
5,bambari,reas,5,1,5,1,2
5,bimbo,attent,5,1,12,6,2
1,bimbo,cause,1,1,12,11,1
5,bimbo,comm,5,1,12,8,2
1,bimbo,delay,1,1,12,10,1
1,bimbo,gaze,1,1,8,0,1
1,bimbo,inference,1,1,12,9,1
5,bimbo,pop,5,1,12,12,2
1,bimbo,quant,1,1,12,4,1
5,bimbo,reas,5,1,12,7,2
5,bimbo,search,5,1,12,0,2
5,bimbo,vfood,5,1,12,7,2
5,corrie,attent,5,1,12,9,2
1,corrie,cause,1,1,12,5,1
5,corrie,comm,5,1,12,5,2
1,corrie,gaze,1,1,4,0,1
1,corrie,inference,1,1,12,5,1
5,corrie,pop,5,1,12,8,2
5,corrie,reas,5,1,12,3,2
5,corrie,vfood,5,1,12,8,2
5,daza,attent,5,1,6,4,2
1,daza,cause,1,1,12,11,1
5,daza,comm,5,1,11,6,2
1,daza,delay,1,1,12,0,1
1,daza,gaze,1,1,8,0,1
1,daza,inference,1,1,12,6,1
5,daza,pop,5,1,12,9,2
1,daza,quant,1,1,12,6,1
5,daza,reas,5,1,12,4,2
5,daza,search,5,1,12,2,2
5,diara,attent,5,1,6,3,2
1,diara,cause,1,1,12,6,1
5,diara,comm,5,1,12,6,2
1,diara,delay,1,1,12,0,1
1,diara,gaze,1,1,8,0,1
1,diara,inference,1,1,12,6,1
5,diara,pop,5,1,12,9,2
1,diara,quant,1,1,12,6,1
5,diara,reas,5,1,12,9,2
5,diara,search,5,1,12,0,2
5,diara,vfood,5,1,12,12,2
5,dokana,attent,5,1,12,6,2
1,dokana,cause,1,1,12,10,1
5,dokana,comm,5,1,12,10,2
1,dokana,delay,1,1,12,11,1
1,dokana,gaze,1,1,8,0,1
1,dokana,inference,1,1,12,9,1
5,dokana,pop,5,1,12,11,2
1,dokana,quant,1,1,12,12,1
5,dokana,reas,5,1,12,6,2
5,dokana,search,5,1,12,0,2
5,dokana,vfood,5,1,12,11,2
1,dorien,cause,1,1,12,9,1
1,dorien,delay,1,1,12,2,1
1,dorien,gaze,1,1,8,0,1
1,dorien,inference,1,1,12,8,1
1,dorien,quant,1,1,12,12,1
5,fraukje,attent,5,1,12,12,2
1,fraukje,cause,1,1,12,10,1
5,fraukje,comm,5,1,12,12,2
1,fraukje,gaze,1,1,6,0,1
1,fraukje,inference,1,1,12,12,1
5,fraukje,pop,5,1,12,12,2
1,fraukje,quant,1,1,2,2,1
5,fraukje,reas,5,1,12,5,2
5,fraukje,search,5,1,12,0,2
5,fraukje,vfood,5,1,12,10,2
5,frederike,attent,5,1,12,8,2
1,frederike,cause,1,1,12,12,1
5,frederike,comm,5,1,12,11,2
1,frederike,delay,1,1,12,3,1
1,frederike,gaze,1,1,8,0,1
1,frederike,inference,1,1,12,6,1
5,frederike,pop,5,1,12,8,2
1,frederike,quant,1,1,12,4,1
5,frederike,reas,5,1,12,9,2
5,frederike,search,5,1,12,0,2
5,frederike,vfood,5,1,12,12,2
5,frodo,attent,5,1,12,9,2
1,frodo,cause,1,1,12,11,1
5,frodo,comm,5,1,12,12,2
1,frodo,delay,1,1,12,11,1
1,frodo,gaze,1,1,8,0,1
1,frodo,inference,1,1,12,10,1
5,frodo,pop,5,1,12,10,2
1,frodo,quant,1,1,12,10,1
5,frodo,reas,5,1,12,8,2
5,frodo,search,5,1,12,1,2
5,frodo,vfood,5,1,12,12,2
5,hope,attent,5,1,12,6,2
1,hope,cause,1,1,12,11,1
5,hope,comm,5,1,12,11,2
1,hope,delay,1,1,12,2,1
1,hope,gaze,1,1,8,0,1
1,hope,inference,1,1,12,3,1
5,hope,pop,5,1,12,12,2
1,hope,quant,1,1,12,9,1
5,hope,reas,5,1,12,5,2
5,hope,search,5,1,12,0,2
5,hope,vfood,5,1,12,11,2
1,jasongo,cause,1,1,12,11,1
1,jasongo,delay,1,1,12,4,1
1,jasongo,gaze,1,1,7,3,1
1,jasongo,inference,1,1,12,0,1
1,jasongo,quant,1,1,12,9,1
5,jeudi,attent,5,1,8,3,2
1,jeudi,cause,1,1,12,10,1
5,jeudi,comm,5,1,8,5,2
1,jeudi,delay,1,1,12,0,1
1,jeudi,gaze,1,1,8,0,1
1,jeudi,inference,1,1,12,2,1
5,jeudi,pop,5,1,5,4,2
1,jeudi,quant,1,1,12,7,1
5,jeudi,reas,5,1,12,4,2
5,jeudi,search,5,1,6,3,2
1,joey,cause,1,1,12,10,1
1,joey,delay,1,1,12,7,1
1,joey,gaze,1,1,8,1,1
1,joey,inference,1,1,12,3,1
1,joey,quant,1,1,12,6,1
5,kasai,attent,5,1,12,8,2
1,kasai,cause,1,1,12,9,1
5,kasai,comm,5,1,12,8,2
1,kasai,delay,1,1,12,0,1
1,kasai,gaze,1,1,8,2,1
1,kasai,inference,1,1,12,3,1
5,kasai,pop,5,1,12,10,2
1,kasai,quant,1,1,12,9,1
5,kasai,reas,5,1,12,3,2
5,kasai,search,5,1,12,0,2
5,kasai,vfood,5,1,12,12,2
5,kianga,attent,5,1,12,5,2
1,kianga,cause,1,1,12,6,1
5,kianga,comm,5,1,12,6,2
1,kianga,delay,1,1,12,0,1
1,kianga,gaze,1,1,8,0,1
1,kianga,inference,1,1,12,6,1
5,kianga,pop,5,1,12,6,2
1,kianga,quant,1,1,12,6,1
5,kianga,reas,5,1,12,4,2
5,kianga,search,5,1,12,1,2
5,kianga,vfood,5,1,12,12,2
5,kibara,attent,5,1,12,10,2
1,kibara,cause,1,1,12,9,1
5,kibara,comm,5,1,12,2,2
1,kibara,delay,1,1,12,4,1
1,kibara,gaze,1,1,8,1,1
1,kibara,inference,1,1,12,10,1
5,kibara,pop,5,1,12,12,2
1,kibara,quant,1,1,12,10,1
5,kibara,reas,5,1,12,5,2
5,kibara,search,5,1,12,0,2
5,kibara,vfood,5,1,12,12,2
5,kio,attent,5,1,12,9,2
1,kio,cause,1,1,12,6,1
5,kio,comm,5,1,12,9,2
1,kio,delay,1,1,12,4,1
1,kio,gaze,1,1,8,0,1
1,kio,inference,1,1,12,6,1
5,kio,pop,5,1,12,5,2
1,kio,quant,1,1,12,6,1
5,kio,reas,5,1,12,4,2
5,kio,search,5,1,12,1,2
5,kio,vfood,5,1,12,12,2
5,kisha,attent,5,1,12,8,2
1,kisha,cause,1,1,12,8,1
5,kisha,comm,5,1,5,2,2
1,kisha,delay,1,1,12,0,1
1,kisha,gaze,1,1,8,3,1
1,kisha,inference,1,1,12,8,1
5,kisha,pop,5,1,12,8,2
1,kisha,quant,1,1,12,8,1
5,kisha,reas,5,1,12,5,2
5,kisha,search,5,1,12,4,2
5,kisha,vfood,5,1,2,1,2
5,kumili,attent,5,1,12,9,2
1,kumili,cause,1,1,12,11,1
5,kumili,comm,5,1,12,12,2
1,kumili,delay,1,1,12,2,1
1,kumili,gaze,1,1,7,2,1
1,kumili,inference,1,1,12,12,1
5,kumili,pop,5,1,12,6,2
1,kumili,quant,1,1,12,8,1
5,kumili,reas,5,1,12,0,2
5,kumili,search,5,1,12,0,2
5,kumili,vfood,5,1,12,12,2
5,kuno,attent,5,1,12,8,2
1,kuno,cause,1,1,12,12,1
5,kuno,comm,5,1,12,9,2
1,kuno,delay,1,1,12,10,1
1,kuno,gaze,1,1,8,0,1
1,kuno,inference,1,1,12,12,1
5,kuno,pop,5,1,12,11,2
1,kuno,quant,1,1,12,11,1
5,kuno,reas,5,1,8,4,2
5,kuno,search,5,1,12,1,2
5,kuno,vfood,5,1,12,11,2
1,lexi,cause,1,1,12,12,1
5,lexi,comm,5,1,6,5,2
1,lexi,delay,1,1,12,1,1
1,lexi,gaze,1,1,8,0,1
1,lexi,inference,1,1,12,1,1
5,lexi,pop,5,1,12,10,2
1,lexi,quant,1,1,12,7,1
5,lexi,reas,5,1,6,1,2
5,lexi,vfood,5,1,12,12,2
5,luiza,attent,5,1,12,8,2
1,luiza,cause,1,1,12,11,1
5,luiza,comm,5,1,12,12,2
1,luiza,delay,1,1,12,2,1
1,luiza,gaze,1,1,8,0,1
1,luiza,inference,1,1,12,6,1
5,luiza,pop,5,1,12,12,2
1,luiza,quant,1,1,12,8,1
5,luiza,reas,5,1,12,3,2
5,luiza,search,5,1,12,0,2
5,luiza,vfood,5,1,12,12,2
1,maja,cause,1,1,12,8,1
5,maja,comm,5,1,4,4,2
1,maja,delay,1,1,12,0,1
1,maja,gaze,1,1,8,5,1
1,maja,inference,1,1,12,5,1
5,maja,pop,5,1,12,8,2
1,maja,quant,1,1,12,7,1
5,maja,reas,5,1,1,0,2
5,maja,search,5,1,7,0,2
5,makeni,attent,5,1,12,6,2
1,makeni,cause,1,1,12,7,1
5,makeni,comm,5,1,12,7,2
1,makeni,delay,1,1,12,0,1
1,makeni,gaze,1,1,8,0,1
1,makeni,inference,1,1,12,6,1
5,makeni,pop,5,1,12,6,2
1,makeni,quant,1,1,12,6,1
5,makeni,reas,5,1,12,4,2
5,makeni,search,5,1,12,2,2
5,makeni,vfood,5,1,12,12,2
5,natascha,attent,5,1,12,7,2
1,natascha,cause,1,1,12,3,1
5,natascha,comm,5,1,12,8,2
1,natascha,gaze,1,1,6,0,1
1,natascha,inference,1,1,12,9,1
5,natascha,pop,5,1,12,10,2
1,natascha,quant,1,1,7,4,1
5,natascha,reas,5,1,3,0,2
5,natascha,search,5,1,3,3,2
5,natascha,vfood,5,1,12,10,2
5,ohini,attent,5,1,12,10,2
1,ohini,cause,1,1,12,6,1
5,ohini,comm,5,1,12,8,2
1,ohini,delay,1,1,12,0,1
1,ohini,gaze,1,1,8,0,1
1,ohini,inference,1,1,12,6,1
5,ohini,pop,5,1,12,6,2
1,ohini,quant,1,1,12,12,1
5,ohini,reas,5,1,12,5,2
5,ohini,search,5,1,12,0,2
5,ohini,vfood,5,1,12,11,2
5,padana,attent,5,1,12,8,2
1,padana,cause,1,1,12,12,1
5,padana,comm,5,1,8,3,2
1,padana,delay,1,1,12,2,1
1,padana,gaze,1,1,8,1,1
1,padana,inference,1,1,12,12,1
5,padana,pop,5,1,6,6,2
1,padana,quant,1,1,12,12,1
5,padana,reas,5,1,6,4,2
5,padana,search,5,1,6,0,2
5,padana,vfood,5,1,6,6,2
5,pini,attent,5,1,12,3,2
1,pini,cause,1,1,12,12,1
5,pini,comm,5,1,8,7,2
1,pini,delay,1,1,12,1,1
1,pini,gaze,1,1,8,0,1
1,pini,inference,1,1,12,12,1
5,pini,pop,5,1,12,12,2
1,pini,quant,1,1,12,10,1
5,pini,search,5,1,6,0,2
5,pini,vfood,5,1,6,6,2
5,raja,attent,5,1,8,5,2
1,raja,cause,1,1,12,11,1
5,raja,comm,5,1,8,4,2
1,raja,delay,1,1,7,7,1
1,raja,gaze,1,1,6,0,1
1,raja,inference,1,1,12,6,1
5,raja,pop,5,1,12,12,2
1,raja,quant,1,1,12,12,1
5,raja,reas,5,1,2,2,2
5,raja,search,5,1,7,0,2
5,raja,vfood,5,1,12,12,2
5,riet,attent,5,1,12,6,2
1,riet,cause,1,1,12,11,1
5,riet,comm,5,1,1,1,2
1,riet,delay,1,1,12,0,1
1,riet,gaze,1,1,8,7,1
1,riet,inference,1,1,12,3,1
5,riet,pop,5,1,12,11,2
1,riet,quant,1,1,12,11,1
1,robert,cause,1,1,12,4,1
1,robert,delay,1,1,12,7,1
1,robert,gaze,1,1,8,0,1
1,robert,inference,1,1,12,5,1
1,robert,quant,1,1,12,9,1
5,sandra,attent,5,1,12,8,2
1,sandra,cause,1,1,12,12,1
5,sandra,comm,5,1,12,8,2
1,sandra,delay,1,1,12,10,1
1,sandra,gaze,1,1,8,4,1
1,sandra,inference,1,1,12,12,1
5,sandra,pop,5,1,12,12,2
1,sandra,quant,1,1,12,12,1
5,sandra,reas,5,1,12,6,2
5,sandra,search,5,1,12,0,2
5,sandra,vfood,5,1,12,9,2
5,sari,comm,5,1,6,4,2
5,sari,search,5,1,6,4,2
5,sari,vfood,5,1,1,1,2
1,shanga,cause,1,1,12,7,1
1,shanga,delay,1,1,12,3,1
1,shanga,gaze,1,1,8,1,1
1,shanga,inference,1,1,12,6,1
1,shanga,quant,1,1,12,6,1
5,sumai,comm,5,1,5,5,2
5,sumai,pop,5,1,4,1,2
5,sumai,reas,5,1,4,1,2
5,sumai,vfood,5,1,1,0,2
5,swela,attent,5,1,12,8,2
1,swela,cause,1,1,12,6,1
5,swela,comm,5,1,12,3,2
1,swela,delay,1,1,12,0,1
1,swela,gaze,1,1,8,0,1
1,swela,inference,1,1,12,6,1
5,swela,pop,5,1,12,4,2
1,swela,quant,1,1,12,9,1
5,swela,reas,5,1,12,4,2
5,swela,search,5,1,12,1,2
5,swela,vfood,5,1,12,9,2
5,tai,attent,5,1,12,8,2
1,tai,cause,1,1,12,5,1
5,tai,comm,5,1,12,4,2
1,tai,delay,1,1,12,12,1
1,tai,gaze,1,1,8,0,1
1,tai,inference,1,1,12,6,1
5,tai,pop,5,1,12,12,2
1,tai,quant,1,1,12,11,1
5,tai,reas,5,1,12,8,2
5,tai,search,5,1,12,0,2
5,tai,vfood,5,1,12,11,2
5,tayo,attent,5,1,12,6,2
5,tayo,comm,5,1,12,6,2
5,tayo,pop,5,1,12,6,2
5,tayo,reas,5,1,12,6,2
5,tayo,search,5,1,12,3,2
5,tayo,vfood,5,1,12,9,2
5,yaro,attent,5,1,12,11,2
1,yaro,cause,1,1,12,10,1
5,yaro,comm,5,1,12,5,2
1,yaro,delay,1,1,12,6,1
1,yaro,gaze,1,1,7,0,1
1,yaro,inference,1,1,12,6,1
5,yaro,pop,5,1,12,11,2
1,yaro,quant,1,1,12,7,1
5,yaro,reas,5,1,12,7,2
5,yaro,search,5,1,12,0,2
5,yaro,vfood,5,1,12,12,2
5,yasa,attent,5,1,12,5,2
1,yasa,cause,1,1,12,6,1
5,yasa,comm,5,1,12,2,2
1,yasa,delay,1,1,12,4,1
1,yasa,gaze,1,1,8,0,1
1,yasa,inference,1,1,12,11,1
5,yasa,pop,5,1,12,11,2
1,yasa,quant,1,1,12,11,1
5,yasa,reas,5,1,12,5,2
5,yasa,search,5,1,12,0,2
5,yasa,vfood,5,1,12,9,2
5,youma,attent,5,1,4,2,2
1,youma,cause,1,1,12,7,1
5,youma,comm,5,1,12,7,2
1,youma,delay,1,1,12,3,1
1,youma,gaze,1,1,8,0,1
1,youma,inference,1,1,12,6,1
5,youma,pop,5,1,12,8,2
1,youma,quant,1,1,12,6,1
5,youma,reas,5,1,12,5,2
5,youma,search,5,1,12,12,2
5,youma,vfood,5,1,12,9,2
5,zira,attent,5,1,12,9,2
1,zira,cause,1,1,12,9,1
5,zira,comm,5,1,12,12,2
1,zira,delay,1,1,12,8,1
1,zira,gaze,1,1,8,5,1
1,zira,inference,1,1,12,6,1
5,zira,pop,5,1,12,10,2
1,zira,quant,1,1,12,10,1
5,zira,reas,5,1,12,6,2
5,zira,search,5,1,12,1,2
5,zira,vfood,5,1,12,11,2
6,abeeku,attent,6,1,2,0,2
2,abeeku,cause,2,1,4,2,1
6,abeeku,comm,6,1,1,0,2
2,abeeku,delay,2,1,12,11,1
2,abeeku,gaze,2,1,5,0,1
2,abeeku,inference,2,1,4,2,1
6,abeeku,pop,6,1,1,0,2
2,abeeku,quant,2,1,12,9,1
6,abeeku,reas,6,1,2,1,2
6,abeeku,search,6,1,12,0,2
2,alex,cause,2,1,12,12,1
6,alex,comm,6,1,12,12,2
2,alex,delay,2,1,12,7,1
2,alex,gaze,2,1,8,0,1
2,alex,inference,2,1,12,11,1
6,alex,pop,6,1,4,3,2
2,alex,quant,2,1,12,9,1
6,alex,reas,6,1,12,4,2
6,alex,vfood,6,1,12,11,2
6,amira,attent,6,1,12,7,2
6,amira,comm,6,1,12,10,2
6,amira,pop,6,1,12,10,2
6,amira,search,6,1,8,8,2
6,amira,vfood,6,1,12,7,2
6,azibo,attent,6,1,6,4,2
2,azibo,cause,2,1,12,12,1
6,azibo,comm,6,1,12,8,2
2,azibo,delay,2,1,12,0,1
2,azibo,gaze,2,1,8,1,1
2,azibo,inference,2,1,12,2,1
6,azibo,pop,6,1,6,4,2
2,azibo,quant,2,1,12,8,1
6,azibo,reas,6,1,6,0,2
6,azibo,search,6,1,6,0,2
6,azibo,vfood,6,1,12,12,2
2,bambari,cause,2,1,12,6,1
2,bambari,gaze,2,1,6,1,1
2,bambari,inference,2,1,12,6,1
2,bambari,quant,2,1,8,6,1
6,bimbo,attent,6,1,12,8,2
2,bimbo,cause,2,1,12,10,1
6,bimbo,comm,6,1,12,11,2
2,bimbo,delay,2,1,12,12,1
2,bimbo,gaze,2,1,8,0,1
2,bimbo,inference,2,1,12,8,1
6,bimbo,pop,6,1,12,12,2
2,bimbo,quant,2,1,12,7,1
6,bimbo,reas,6,1,12,10,2
6,bimbo,search,6,1,1,1,2
6,bimbo,vfood,6,1,12,10,2
2,corrie,cause,2,1,12,6,1
2,corrie,gaze,2,1,6,0,1
2,corrie,inference,2,1,12,6,1
6,corrie,pop,6,1,12,9,2
2,corrie,quant,2,1,1,0,1
6,corrie,reas,6,1,12,6,2
6,daza,attent,6,1,8,3,2
2,daza,cause,2,1,12,8,1
6,daza,comm,6,1,12,3,2
2,daza,delay,2,1,11,1,1
2,daza,gaze,2,1,7,1,1
2,daza,inference,2,1,12,5,1
6,daza,pop,6,1,12,6,2
2,daza,quant,2,1,12,6,1
6,daza,reas,6,1,12,2,2
6,daza,search,6,1,12,1,2
6,daza,vfood,6,1,12,12,2
6,diara,attent,6,1,2,1,2
2,diara,cause,2,1,12,6,1
6,diara,comm,6,1,12,8,2
2,diara,delay,2,1,12,3,1
2,diara,gaze,2,1,8,0,1
2,diara,inference,2,1,12,6,1
6,diara,pop,6,1,12,12,2
2,diara,quant,2,1,12,6,1
6,diara,reas,6,1,12,1,2
6,diara,search,6,1,12,0,2
6,diara,vfood,6,1,12,12,2
6,dokana,attent,6,1,12,6,2
2,dokana,cause,2,1,12,12,1
6,dokana,comm,6,1,12,8,2
2,dokana,delay,2,1,12,12,1
2,dokana,gaze,2,1,8,0,1
2,dokana,inference,2,1,12,12,1
6,dokana,pop,6,1,12,12,2
2,dokana,quant,2,1,12,11,1
6,dokana,reas,6,1,12,7,2
6,dokana,search,6,1,12,0,2
6,dokana,vfood,6,1,12,12,2
2,dorien,cause,2,1,12,8,1
2,dorien,delay,2,1,12,11,1
2,dorien,gaze,2,1,8,0,1
2,dorien,inference,2,1,12,9,1
2,dorien,quant,2,1,12,11,1
6,fraukje,attent,6,1,12,8,2
2,fraukje,cause,2,1,12,12,1
6,fraukje,comm,6,1,12,10,2
2,fraukje,gaze,2,1,6,0,1
2,fraukje,inference,2,1,12,12,1
6,fraukje,pop,6,1,12,11,2
6,fraukje,reas,6,1,12,5,2
6,fraukje,search,6,1,12,0,2
6,fraukje,vfood,6,1,12,10,2
6,frederike,attent,6,1,12,5,2
2,frederike,cause,2,1,12,11,1
6,frederike,comm,6,1,12,12,2
2,frederike,delay,2,1,12,2,1
2,frederike,gaze,2,1,8,0,1
2,frederike,inference,2,1,12,3,1
6,frederike,pop,6,1,6,5,2
2,frederike,quant,2,1,12,6,1
6,frederike,reas,6,1,6,4,2
6,frederike,search,6,1,12,0,2
6,frederike,vfood,6,1,12,11,2
6,frodo,attent,6,1,12,8,2
2,frodo,cause,2,1,12,11,1
6,frodo,comm,6,1,12,10,2
2,frodo,delay,2,1,12,12,1
2,frodo,gaze,2,1,8,0,1
2,frodo,inference,2,1,12,10,1
6,frodo,pop,6,1,12,8,2
2,frodo,quant,2,1,12,9,1
6,frodo,reas,6,1,12,5,2
6,frodo,search,6,1,12,1,2
6,frodo,vfood,6,1,12,12,2
6,hope,attent,6,1,12,6,2
2,hope,cause,2,1,12,11,1
6,hope,comm,6,1,12,12,2
2,hope,delay,2,1,12,1,1
2,hope,gaze,2,1,8,2,1
2,hope,inference,2,1,12,2,1
6,hope,pop,6,1,12,12,2
2,hope,quant,2,1,12,7,1
6,hope,reas,6,1,12,5,2
6,hope,search,6,1,12,0,2
6,hope,vfood,6,1,12,6,2
6,jasongo,comm,6,1,12,8,2
6,jasongo,pop,6,1,12,7,2
6,jasongo,reas,6,1,12,6,2
6,jasongo,vfood,6,1,12,12,2
6,jeudi,attent,6,1,12,7,2
2,jeudi,delay,2,1,12,2,1
2,jeudi,gaze,2,1,4,0,1
6,jeudi,pop,6,1,1,0,2
2,jeudi,quant,2,1,12,6,1
6,jeudi,reas,6,1,12,6,2
2,kasai,cause,2,1,12,8,1
6,kasai,comm,6,1,12,11,2
2,kasai,delay,2,1,12,2,1
2,kasai,gaze,2,1,6,1,1
2,kasai,inference,2,1,12,3,1
6,kasai,pop,6,1,12,7,2
2,kasai,quant,2,1,12,9,1
6,kasai,reas,6,1,12,3,2
6,kasai,vfood,6,1,12,12,2
6,kianga,attent,6,1,12,5,2
2,kianga,cause,2,1,12,7,1
6,kianga,comm,6,1,12,9,2
2,kianga,delay,2,1,12,1,1
2,kianga,gaze,2,1,8,0,1
2,kianga,inference,2,1,12,6,1
6,kianga,pop,6,1,12,6,2
2,kianga,quant,2,1,12,6,1
6,kianga,reas,6,1,12,5,2
6,kianga,search,6,1,12,1,2
6,kianga,vfood,6,1,12,12,2
6,kibara,attent,6,1,12,8,2
2,kibara,cause,2,1,12,7,1
6,kibara,comm,6,1,12,3,2
2,kibara,delay,2,1,12,4,1
2,kibara,gaze,2,1,3,0,1
2,kibara,inference,2,1,12,10,1
6,kibara,pop,6,1,12,12,2
2,kibara,quant,2,1,12,9,1
6,kibara,reas,6,1,12,3,2
6,kibara,search,6,1,12,0,2
6,kibara,vfood,6,1,12,12,2
6,kio,attent,6,1,12,8,2
2,kio,cause,2,1,12,6,1
6,kio,comm,6,1,11,11,2
2,kio,delay,2,1,12,5,1
2,kio,gaze,2,1,7,0,1
2,kio,inference,2,1,12,6,1
6,kio,pop,6,1,12,5,2
2,kio,quant,2,1,12,6,1
6,kio,reas,6,1,12,1,2
6,kio,search,6,1,12,0,2
6,kio,vfood,6,1,12,12,2
6,kisha,attent,6,1,2,0,2
2,kisha,cause,2,1,12,8,1
2,kisha,delay,2,1,8,0,1
2,kisha,gaze,2,1,6,0,1
2,kisha,inference,2,1,12,7,1
6,kisha,pop,6,1,6,5,2
2,kisha,quant,2,1,12,5,1
6,kisha,reas,6,1,6,2,2
6,kisha,search,6,1,6,4,2
6,kumili,attent,6,1,12,10,2
2,kumili,cause,2,1,12,12,1
6,kumili,comm,6,1,12,10,2
2,kumili,delay,2,1,12,4,1
2,kumili,gaze,2,1,8,0,1
2,kumili,inference,2,1,12,12,1
6,kumili,pop,6,1,12,9,2
2,kumili,quant,2,1,12,11,1
6,kumili,reas,6,1,12,8,2
6,kumili,search,6,1,12,0,2
6,kumili,vfood,6,1,12,12,2
2,kuno,cause,2,1,12,12,1
6,kuno,comm,6,1,12,9,2
2,kuno,delay,2,1,10,9,1
2,kuno,gaze,2,1,8,0,1
2,kuno,inference,2,1,12,12,1
6,kuno,pop,6,1,12,8,2
2,kuno,quant,2,1,12,10,1
6,kuno,reas,6,1,12,8,2
6,kuno,vfood,6,1,12,12,2
6,lexi,attent,6,1,12,7,2
2,lexi,cause,2,1,12,12,1
6,lexi,comm,6,1,12,9,2
2,lexi,delay,2,1,12,6,1
2,lexi,gaze,2,1,8,3,1
2,lexi,inference,2,1,12,1,1
6,lexi,pop,6,1,12,9,2
2,lexi,quant,2,1,12,9,1
6,lexi,search,6,1,12,2,2
6,lexi,vfood,6,1,12,11,2
6,luiza,attent,6,1,12,8,2
2,luiza,cause,2,1,12,8,1
6,luiza,comm,6,1,12,12,2
2,luiza,delay,2,1,12,0,1
2,luiza,gaze,2,1,8,0,1
2,luiza,inference,2,1,12,8,1
6,luiza,pop,6,1,12,11,2
2,luiza,quant,2,1,12,8,1
6,luiza,search,6,1,12,0,2
6,luiza,vfood,6,1,12,10,2
6,maja,attent,6,1,12,11,2
2,maja,cause,2,1,2,1,1
2,maja,gaze,2,1,2,1,1
2,maja,inference,2,1,2,0,1
6,maja,pop,6,1,12,8,2
6,maja,reas,6,1,12,5,2
6,maja,search,6,1,12,0,2
6,makeni,attent,6,1,9,4,2
2,makeni,cause,2,1,12,6,1
6,makeni,comm,6,1,12,9,2
2,makeni,delay,2,1,12,5,1
2,makeni,gaze,2,1,6,0,1
2,makeni,inference,2,1,12,6,1
6,makeni,pop,6,1,12,7,2
2,makeni,quant,2,1,12,6,1
6,makeni,reas,6,1,12,6,2
6,makeni,search,6,1,12,0,2
6,makeni,vfood,6,1,9,9,2
2,natascha,cause,2,1,12,4,1
6,natascha,comm,6,1,12,10,2
2,natascha,gaze,2,1,6,0,1
2,natascha,inference,2,1,12,8,1
6,natascha,pop,6,1,12,11,2
2,natascha,quant,2,1,1,1,1
6,natascha,reas,6,1,12,0,2
6,natascha,vfood,6,1,12,10,2
6,ohini,attent,6,1,12,12,2
2,ohini,cause,2,1,12,6,1
6,ohini,comm,6,1,12,7,2
2,ohini,delay,2,1,12,0,1
2,ohini,gaze,2,1,8,0,1
2,ohini,inference,2,1,12,6,1
6,ohini,pop,6,1,12,7,2
2,ohini,quant,2,1,12,7,1
6,ohini,reas,6,1,12,6,2
6,ohini,search,6,1,12,0,2
6,ohini,vfood,6,1,12,12,2
6,padana,attent,6,1,12,7,2
2,padana,cause,2,1,12,11,1
6,padana,comm,6,1,12,6,2
2,padana,delay,2,1,12,1,1
2,padana,gaze,2,1,8,0,1
2,padana,inference,2,1,12,12,1
6,padana,pop,6,1,12,12,2
2,padana,quant,2,1,12,11,1
6,padana,search,6,1,12,0,2
6,padana,vfood,6,1,12,12,2
6,pini,attent,6,1,12,5,2
2,pini,cause,2,1,12,12,1
6,pini,comm,6,1,12,12,2
2,pini,delay,2,1,12,2,1
2,pini,gaze,2,1,8,0,1
2,pini,inference,2,1,12,11,1
6,pini,pop,6,1,12,12,2
2,pini,quant,2,1,12,11,1
6,pini,search,6,1,12,0,2
6,pini,vfood,6,1,12,12,2
6,raja,attent,6,1,12,6,2
6,raja,comm,6,1,12,9,2
2,raja,delay,2,1,3,3,1
2,raja,gaze,2,1,4,1,1
6,raja,pop,6,1,12,11,2
2,raja,quant,2,1,12,10,1
6,raja,reas,6,1,2,1,2
6,raja,search,6,1,7,0,2
6,raja,vfood,6,1,12,11,2
6,riet,attent,6,1,12,8,2
2,riet,cause,2,1,12,9,1
6,riet,comm,6,1,12,10,2
2,riet,delay,2,1,12,1,1
2,riet,gaze,2,1,8,6,1
2,riet,inference,2,1,12,7,1
6,riet,pop,6,1,12,11,2
2,riet,quant,2,1,12,9,1
6,riet,reas,6,1,12,8,2
6,riet,search,6,1,12,0,2
6,riet,vfood,6,1,12,10,2
2,robert,cause,2,1,12,5,1
2,robert,delay,2,1,12,10,1
2,robert,gaze,2,1,8,0,1
2,robert,inference,2,1,12,8,1
2,robert,quant,2,1,12,8,1
6,sandra,attent,6,1,12,6,2
2,sandra,cause,2,1,12,12,1
6,sandra,comm,6,1,12,6,2
2,sandra,delay,2,1,9,9,1
2,sandra,gaze,2,1,6,3,1
2,sandra,inference,2,1,12,12,1
6,sandra,pop,6,1,12,9,2
2,sandra,quant,2,1,12,11,1
6,sandra,reas,6,1,12,3,2
6,sandra,search,6,1,12,0,2
6,sandra,vfood,6,1,12,10,2
6,sari,comm,6,1,6,4,2
6,sari,pop,6,1,6,3,2
6,sari,reas,6,1,6,4,2
6,sari,search,6,1,5,3,2
6,sari,vfood,6,1,6,5,2
2,shanga,cause,2,1,12,9,1
2,shanga,delay,2,1,12,2,1
2,shanga,gaze,2,1,8,2,1
2,shanga,inference,2,1,12,6,1
2,shanga,quant,2,1,12,7,1
6,sumai,comm,6,1,12,10,2
6,sumai,pop,6,1,5,1,2
6,sumai,reas,6,1,7,4,2
6,sumai,vfood,6,1,12,10,2
6,swela,attent,6,1,12,6,2
2,swela,cause,2,1,12,6,1
6,swela,comm,6,1,12,10,2
2,swela,delay,2,1,12,0,1
2,swela,gaze,2,1,8,1,1
2,swela,inference,2,1,12,6,1
6,swela,pop,6,1,12,7,2
2,swela,quant,2,1,12,8,1
6,swela,reas,6,1,12,8,2
6,swela,search,6,1,12,1,2
6,swela,vfood,6,1,7,4,2
6,tai,attent,6,1,12,9,2
2,tai,cause,2,1,12,5,1
6,tai,comm,6,1,12,7,2
2,tai,delay,2,1,12,12,1
2,tai,gaze,2,1,8,4,1
2,tai,inference,2,1,12,5,1
6,tai,pop,6,1,12,7,2
2,tai,quant,2,1,12,11,1
6,tai,reas,6,1,12,8,2
6,tai,search,6,1,12,0,2
6,tai,vfood,6,1,12,12,2
6,tayo,attent,6,1,12,11,2
6,tayo,comm,6,1,12,7,2
6,tayo,pop,6,1,12,6,2
6,tayo,search,6,1,12,4,2
6,tayo,vfood,6,1,12,9,2
6,yaro,attent,6,1,12,9,2
2,yaro,cause,2,1,12,8,1
6,yaro,comm,6,1,12,7,2
2,yaro,delay,2,1,12,8,1
2,yaro,gaze,2,1,8,1,1
2,yaro,inference,2,1,12,4,1
6,yaro,pop,6,1,12,10,2
2,yaro,quant,2,1,12,9,1
6,yaro,search,6,1,12,0,2
6,yaro,vfood,6,1,12,11,2
2,yasa,cause,2,1,12,1,1
6,yasa,comm,6,1,12,5,2
2,yasa,delay,2,1,12,5,1
2,yasa,gaze,2,1,8,1,1
2,yasa,inference,2,1,12,12,1
6,yasa,pop,6,1,12,10,2
2,yasa,quant,2,1,12,10,1
6,yasa,reas,6,1,12,3,2
6,yasa,vfood,6,1,12,11,2
6,youma,attent,6,1,12,6,2
2,youma,cause,2,1,12,9,1
6,youma,comm,6,1,12,8,2
2,youma,delay,2,1,12,1,1
2,youma,gaze,2,1,8,0,1
2,youma,inference,2,1,12,6,1
6,youma,pop,6,1,12,6,2
2,youma,quant,2,1,12,6,1
6,youma,reas,6,1,12,5,2
6,youma,search,6,1,12,8,2
6,zira,attent,6,1,12,5,2
2,zira,cause,2,1,12,11,1
6,zira,comm,6,1,12,12,2
2,zira,delay,2,1,12,7,1
2,zira,gaze,2,1,8,3,1
2,zira,inference,2,1,12,9,1
6,zira,pop,6,1,12,11,2
2,zira,quant,2,1,12,6,1
6,zira,reas,6,1,12,4,2
6,zira,search,6,1,12,0,2
6,zira,vfood,6,1,12,10,2
3,abeeku,cause,3,1,8,3,1
7,abeeku,comm,7,1,6,4,2
3,abeeku,delay,3,1,3,2,1
3,abeeku,gaze,3,1,6,0,1
3,abeeku,inference,3,1,7,3,1
7,abeeku,pop,7,1,1,0,2
3,abeeku,quant,3,1,12,8,1
7,abeeku,reas,7,1,1,1,2
7,abeeku,search,7,1,5,1,2
7,alex,attent,7,1,1,0,2
3,alex,cause,3,1,12,11,1
7,alex,comm,7,1,1,1,2
3,alex,delay,3,1,12,10,1
3,alex,gaze,3,1,4,0,1
3,alex,inference,3,1,12,12,1
3,alex,quant,3,1,12,9,1
7,alex,reas,7,1,12,7,2
7,amira,attent,7,1,8,5,2
7,amira,comm,7,1,12,11,2
7,amira,pop,7,1,12,5,2
7,amira,search,7,1,8,7,2
7,amira,vfood,7,1,12,11,2
7,azibo,attent,7,1,12,11,2
3,azibo,cause,3,1,12,9,1
7,azibo,comm,7,1,12,7,2
3,azibo,delay,3,1,12,0,1
3,azibo,gaze,3,1,8,1,1
3,azibo,inference,3,1,12,1,1
7,azibo,pop,7,1,7,4,2
3,azibo,quant,3,1,12,8,1
7,azibo,reas,7,1,6,3,2
7,azibo,search,7,1,12,1,2
7,azibo,vfood,7,1,12,10,2
3,bambari,cause,3,1,12,5,1
3,bambari,gaze,3,1,6,0,1
3,bambari,inference,3,1,12,5,1
3,bambari,quant,3,1,1,0,1
7,bimbo,attent,7,1,12,8,2
3,bimbo,cause,3,1,12,12,1
7,bimbo,comm,7,1,12,11,2
3,bimbo,delay,3,1,12,12,1
3,bimbo,gaze,3,1,8,0,1
3,bimbo,inference,3,1,12,9,1
7,bimbo,pop,7,1,12,11,2
3,bimbo,quant,3,1,12,4,1
7,bimbo,reas,7,1,12,7,2
7,bimbo,search,7,1,2,0,2
7,bimbo,vfood,7,1,12,10,2
3,corrie,cause,3,1,12,6,1
7,corrie,comm,7,1,12,9,2
3,corrie,delay,3,1,12,3,1
3,corrie,gaze,3,1,8,0,1
3,corrie,inference,3,1,12,6,1
7,corrie,pop,7,1,12,8,2
3,corrie,quant,3,1,12,9,1
7,corrie,reas,7,1,12,4,2
7,corrie,vfood,7,1,12,8,2
3,daza,cause,3,1,12,12,1
7,daza,comm,7,1,5,0,2
3,daza,delay,3,1,12,1,1
3,daza,gaze,3,1,8,0,1
3,daza,inference,3,1,12,4,1
7,daza,pop,7,1,12,6,2
3,daza,quant,3,1,12,5,1
7,daza,reas,7,1,6,2,2
7,daza,search,7,1,12,4,2
7,daza,vfood,7,1,12,12,2
7,diara,attent,7,1,12,8,2
3,diara,cause,3,1,12,10,1
7,diara,comm,7,1,12,10,2
3,diara,delay,3,1,12,6,1
3,diara,gaze,3,1,8,1,1
3,diara,inference,3,1,12,5,1
7,diara,pop,7,1,6,6,2
3,diara,quant,3,1,12,6,1
7,diara,reas,7,1,6,2,2
7,diara,search,7,1,12,0,2
7,diara,vfood,7,1,12,12,2
7,dokana,attent,7,1,12,7,2
3,dokana,cause,3,1,12,12,1
7,dokana,comm,7,1,12,10,2
3,dokana,delay,3,1,12,12,1
3,dokana,gaze,3,1,8,0,1
3,dokana,inference,3,1,12,10,1
7,dokana,pop,7,1,12,12,2
3,dokana,quant,3,1,12,11,1
7,dokana,reas,7,1,12,3,2
7,dokana,search,7,1,12,4,2
7,dokana,vfood,7,1,12,11,2
3,dorien,cause,3,1,12,6,1
3,dorien,delay,3,1,12,1,1
3,dorien,gaze,3,1,8,0,1
3,dorien,inference,3,1,12,7,1
3,dorien,quant,3,1,12,12,1
7,fraukje,attent,7,1,12,6,2
3,fraukje,cause,3,1,12,12,1
7,fraukje,comm,7,1,12,11,2
3,fraukje,delay,3,1,12,8,1
3,fraukje,gaze,3,1,8,0,1
3,fraukje,inference,3,1,12,12,1
7,fraukje,pop,7,1,12,9,2
3,fraukje,quant,3,1,12,9,1
7,fraukje,reas,7,1,12,8,2
7,fraukje,search,7,1,12,0,2
7,fraukje,vfood,7,1,12,11,2
7,frederike,attent,7,1,5,1,2
3,frederike,cause,3,1,12,11,1
7,frederike,comm,7,1,8,7,2
3,frederike,delay,3,1,12,0,1
3,frederike,gaze,3,1,8,0,1
3,frederike,inference,3,1,12,5,1
7,frederike,pop,7,1,6,6,2
3,frederike,quant,3,1,12,6,1
7,frederike,reas,7,1,12,8,2
7,frederike,search,7,1,12,0,2
7,frederike,vfood,7,1,6,6,2
7,frodo,attent,7,1,12,7,2
3,frodo,cause,3,1,12,10,1
7,frodo,comm,7,1,12,11,2
3,frodo,delay,3,1,12,11,1
3,frodo,gaze,3,1,8,0,1
3,frodo,inference,3,1,12,7,1
7,frodo,pop,7,1,12,12,2
3,frodo,quant,3,1,12,11,1
7,frodo,reas,7,1,12,7,2
7,frodo,search,7,1,12,0,2
7,frodo,vfood,7,1,12,12,2
7,hope,attent,7,1,12,6,2
3,hope,cause,3,1,12,9,1
7,hope,comm,7,1,12,11,2
3,hope,delay,3,1,12,6,1
3,hope,gaze,3,1,8,1,1
3,hope,inference,3,1,12,8,1
7,hope,pop,7,1,12,12,2
3,hope,quant,3,1,12,11,1
7,hope,reas,7,1,12,4,2
7,hope,search,7,1,12,0,2
7,hope,vfood,7,1,12,7,2
7,jasongo,attent,7,1,12,5,2
7,jasongo,comm,7,1,12,11,2
7,jasongo,pop,7,1,12,6,2
7,jasongo,search,7,1,12,1,2
7,jasongo,vfood,7,1,12,12,2
3,jeudi,cause,3,1,12,9,1
7,jeudi,comm,7,1,12,12,2
3,jeudi,delay,3,1,12,4,1
3,jeudi,gaze,3,1,8,0,1
3,jeudi,inference,3,1,12,6,1
7,jeudi,pop,7,1,8,6,2
3,jeudi,quant,3,1,12,7,1
7,jeudi,reas,7,1,7,3,2
7,jeudi,vfood,7,1,12,11,2
7,joey,comm,7,1,3,1,2
7,joey,pop,7,1,6,3,2
7,kasai,attent,7,1,12,9,2
7,kasai,comm,7,1,12,10,2
3,kasai,delay,3,1,12,7,1
3,kasai,gaze,3,1,4,0,1
7,kasai,pop,7,1,12,10,2
3,kasai,quant,3,1,12,9,1
7,kasai,search,7,1,12,0,2
7,kasai,vfood,7,1,12,12,2
7,kianga,attent,7,1,12,6,2
3,kianga,cause,3,1,12,6,1
7,kianga,comm,7,1,12,8,2
3,kianga,delay,3,1,12,0,1
3,kianga,gaze,3,1,8,1,1
3,kianga,inference,3,1,12,6,1
7,kianga,pop,7,1,12,7,2
3,kianga,quant,3,1,12,8,1
7,kianga,reas,7,1,12,5,2
7,kianga,search,7,1,12,0,2
7,kianga,vfood,7,1,12,11,2
7,kibara,attent,7,1,12,10,2
3,kibara,cause,3,1,12,11,1
7,kibara,comm,7,1,12,3,2
3,kibara,delay,3,1,12,4,1
3,kibara,gaze,3,1,7,1,1
3,kibara,inference,3,1,12,10,1
7,kibara,pop,7,1,12,12,2
3,kibara,quant,3,1,12,11,1
7,kibara,reas,7,1,12,6,2
7,kibara,search,7,1,12,0,2
7,kibara,vfood,7,1,12,12,2
7,kio,attent,7,1,12,10,2
3,kio,cause,3,1,12,6,1
7,kio,comm,7,1,12,12,2
3,kio,delay,3,1,12,4,1
3,kio,gaze,3,1,8,0,1
3,kio,inference,3,1,12,6,1
7,kio,pop,7,1,12,7,2
3,kio,quant,3,1,12,6,1
7,kio,reas,7,1,4,1,2
7,kio,search,7,1,12,0,2
7,kio,vfood,7,1,12,12,2
3,kisha,cause,3,1,12,6,1
7,kisha,comm,7,1,5,2,2
3,kisha,delay,3,1,12,0,1
3,kisha,gaze,3,1,8,0,1
3,kisha,inference,3,1,12,6,1
7,kisha,pop,7,1,8,5,2
3,kisha,quant,3,1,12,9,1
7,kisha,reas,7,1,6,2,2
7,kisha,search,7,1,11,5,2
7,kisha,vfood,7,1,12,10,2
7,kumili,attent,7,1,12,10,2
3,kumili,cause,3,1,12,12,1
7,kumili,comm,7,1,12,8,2
3,kumili,delay,3,1,12,2,1
3,kumili,gaze,3,1,7,0,1
3,kumili,inference,3,1,12,10,1
7,kumili,pop,7,1,6,4,2
3,kumili,quant,3,1,12,10,1
7,kumili,reas,7,1,12,4,2
7,kumili,search,7,1,12,0,2
7,kumili,vfood,7,1,12,12,2
7,kuno,attent,7,1,8,7,2
3,kuno,cause,3,1,12,12,1
7,kuno,comm,7,1,12,9,2
3,kuno,delay,3,1,12,12,1
3,kuno,gaze,3,1,8,1,1
3,kuno,inference,3,1,12,12,1
7,kuno,pop,7,1,12,9,2
3,kuno,quant,3,1,12,7,1
7,kuno,search,7,1,9,2,2
7,kuno,vfood,7,1,12,12,2
7,lexi,attent,7,1,12,9,2
3,lexi,cause,3,1,12,12,1
7,lexi,comm,7,1,12,12,2
3,lexi,delay,3,1,12,3,1
3,lexi,gaze,3,1,8,0,1
3,lexi,inference,3,1,12,0,1
7,lexi,pop,7,1,12,10,2
3,lexi,quant,3,1,12,10,1
7,lexi,search,7,1,12,0,2
7,lexi,vfood,7,1,12,12,2
7,luiza,attent,7,1,12,8,2
7,luiza,comm,7,1,12,11,2
7,luiza,pop,7,1,12,12,2
7,luiza,search,7,1,12,1,2
7,luiza,vfood,7,1,12,12,2
7,maja,attent,7,1,12,12,2
3,maja,cause,3,1,12,4,1
7,maja,comm,7,1,12,7,2
3,maja,delay,3,1,12,1,1
3,maja,gaze,3,1,8,7,1
3,maja,inference,3,1,12,7,1
7,maja,pop,7,1,12,9,2
3,maja,quant,3,1,12,6,1
7,maja,reas,7,1,12,7,2
7,maja,search,7,1,12,0,2
7,maja,vfood,7,1,12,11,2
3,makeni,cause,3,1,12,6,1
3,makeni,delay,3,1,12,1,1
3,makeni,gaze,3,1,8,0,1
3,makeni,inference,3,1,12,6,1
3,makeni,quant,3,1,12,6,1
7,natascha,attent,7,1,12,10,2
3,natascha,cause,3,1,12,4,1
7,natascha,comm,7,1,12,9,2
3,natascha,gaze,3,1,6,0,1
3,natascha,inference,3,1,12,9,1
7,natascha,pop,7,1,12,12,2
3,natascha,quant,3,1,1,0,1
7,natascha,reas,7,1,5,0,2
7,natascha,vfood,7,1,12,11,2
7,ohini,attent,7,1,12,12,2
3,ohini,cause,3,1,12,6,1
7,ohini,comm,7,1,12,10,2
3,ohini,delay,3,1,12,0,1
3,ohini,gaze,3,1,8,0,1
3,ohini,inference,3,1,12,6,1
7,ohini,pop,7,1,12,6,2
3,ohini,quant,3,1,12,9,1
7,ohini,reas,7,1,12,6,2
7,ohini,search,7,1,12,0,2
7,ohini,vfood,7,1,12,11,2
7,padana,attent,7,1,12,10,2
3,padana,cause,3,1,12,12,1
7,padana,comm,7,1,12,7,2
3,padana,delay,3,1,12,1,1
3,padana,gaze,3,1,8,0,1
3,padana,inference,3,1,12,10,1
7,padana,pop,7,1,12,12,2
3,padana,quant,3,1,12,10,1
7,padana,vfood,7,1,12,12,2
7,pini,attent,7,1,12,6,2
3,pini,cause,3,1,12,12,1
7,pini,comm,7,1,5,4,2
3,pini,delay,3,1,12,7,1
3,pini,gaze,3,1,8,0,1
3,pini,inference,3,1,12,12,1
7,pini,pop,7,1,12,12,2
3,pini,quant,3,1,12,11,1
7,pini,vfood,7,1,12,11,2
7,raja,attent,7,1,6,2,2
7,raja,comm,7,1,12,9,2
3,raja,gaze,3,1,4,0,1
7,raja,pop,7,1,6,5,2
3,raja,quant,3,1,6,3,1
7,raja,reas,7,1,6,2,2
7,raja,search,7,1,12,0,2
7,raja,vfood,7,1,12,12,2
7,riet,attent,7,1,12,9,2
3,riet,cause,3,1,12,10,1
7,riet,comm,7,1,12,11,2
3,riet,delay,3,1,12,2,1
3,riet,gaze,3,1,8,7,1
3,riet,inference,3,1,12,6,1
7,riet,pop,7,1,11,11,2
3,riet,quant,3,1,12,8,1
7,riet,reas,7,1,5,2,2
7,riet,search,7,1,9,1,2
7,riet,vfood,7,1,12,11,2
3,robert,cause,3,1,12,5,1
3,robert,delay,3,1,12,9,1
3,robert,gaze,3,1,8,1,1
3,robert,inference,3,1,12,7,1
3,robert,quant,3,1,12,10,1
7,sandra,attent,7,1,12,7,2
3,sandra,cause,3,1,12,12,1
7,sandra,comm,7,1,12,7,2
3,sandra,delay,3,1,3,3,1
3,sandra,gaze,3,1,6,0,1
3,sandra,inference,3,1,12,12,1
7,sandra,pop,7,1,12,12,2
3,sandra,quant,3,1,12,12,1
7,sandra,reas,7,1,12,4,2
7,sandra,search,7,1,12,0,2
7,sandra,vfood,7,1,12,12,2
7,sari,attent,7,1,12,10,2
7,sari,comm,7,1,6,5,2
7,sari,pop,7,1,8,5,2
7,sari,reas,7,1,4,2,2
7,sari,search,7,1,12,2,2
7,sari,vfood,7,1,6,6,2
7,shanga,attent,7,1,4,4,2
3,shanga,cause,3,1,12,11,1
3,shanga,delay,3,1,12,1,1
3,shanga,gaze,3,1,8,0,1
3,shanga,inference,3,1,12,6,1
3,shanga,quant,3,1,12,9,1
7,shanga,search,7,1,6,1,2
7,sumai,attent,7,1,12,7,2
7,sumai,comm,7,1,12,9,2
7,sumai,pop,7,1,12,8,2
7,sumai,search,7,1,12,11,2
7,sumai,vfood,7,1,12,10,2
7,swela,attent,7,1,12,7,2
3,swela,cause,3,1,12,9,1
7,swela,comm,7,1,12,9,2
3,swela,delay,3,1,12,0,1
3,swela,gaze,3,1,8,1,1
3,swela,inference,3,1,12,5,1
7,swela,pop,7,1,12,7,2
3,swela,quant,3,1,12,10,1
7,swela,reas,7,1,12,5,2
7,swela,search,7,1,12,0,2
7,swela,vfood,7,1,12,10,2
7,tai,attent,7,1,12,7,2
3,tai,cause,3,1,12,8,1
7,tai,comm,7,1,12,7,2
3,tai,delay,3,1,12,11,1
3,tai,gaze,3,1,8,1,1
3,tai,inference,3,1,12,5,1
7,tai,pop,7,1,12,11,2
3,tai,quant,3,1,12,11,1
7,tai,reas,7,1,12,7,2
7,tai,search,7,1,12,0,2
7,tai,vfood,7,1,12,12,2
7,tayo,attent,7,1,12,12,2
7,tayo,comm,7,1,8,6,2
7,tayo,pop,7,1,12,6,2
7,tayo,search,7,1,12,4,2
7,tayo,vfood,7,1,12,11,2
7,yaro,attent,7,1,12,10,2
3,yaro,cause,3,1,12,9,1
7,yaro,comm,7,1,12,9,2
3,yaro,delay,3,1,12,4,1
3,yaro,gaze,3,1,8,0,1
3,yaro,inference,3,1,12,8,1
7,yaro,pop,7,1,12,12,2
3,yaro,quant,3,1,12,11,1
7,yaro,search,7,1,12,0,2
7,yaro,vfood,7,1,12,12,2
7,yasa,attent,7,1,12,9,2
3,yasa,cause,3,1,12,1,1
7,yasa,comm,7,1,12,5,2
3,yasa,delay,3,1,12,10,1
3,yasa,gaze,3,1,8,1,1
3,yasa,inference,3,1,12,12,1
7,yasa,pop,7,1,12,12,2
3,yasa,quant,3,1,12,10,1
7,yasa,search,7,1,12,0,2
7,yasa,vfood,7,1,12,11,2
7,youma,attent,7,1,12,6,2
3,youma,cause,3,1,12,6,1
7,youma,comm,7,1,12,6,2
3,youma,delay,3,1,12,8,1
3,youma,gaze,3,1,8,1,1
3,youma,inference,3,1,12,7,1
7,youma,pop,7,1,12,6,2
3,youma,quant,3,1,12,6,1
7,youma,reas,7,1,12,6,2
7,youma,search,7,1,12,6,2
7,youma,vfood,7,1,6,3,2
7,zira,attent,7,1,12,5,2
3,zira,cause,3,1,12,12,1
7,zira,comm,7,1,12,11,2
3,zira,delay,3,1,12,7,1
3,zira,gaze,3,1,8,4,1
3,zira,inference,3,1,12,9,1
7,zira,pop,7,1,12,12,2
3,zira,quant,3,1,12,8,1
7,zira,reas,7,1,12,6,2
7,zira,search,7,1,12,0,2
7,zira,vfood,7,1,12,10,2
8,abeeku,attent,8,1,12,6,2
4,abeeku,cause,4,1,12,8,1
8,abeeku,comm,8,1,11,7,2
4,abeeku,delay,4,1,2,2,1
4,abeeku,gaze,4,1,8,0,1
4,abeeku,inference,4,1,12,2,1
4,abeeku,quant,4,1,12,12,1
8,abeeku,reas,8,1,12,4,2
8,abeeku,search,8,1,12,0,2
8,abeeku,vfood,8,1,12,12,2
8,alex,attent,8,1,1,1,2
4,alex,cause,4,1,12,12,1
8,alex,comm,8,1,12,11,2
4,alex,delay,4,1,12,7,1
4,alex,gaze,4,1,8,0,1
4,alex,inference,4,1,12,12,1
8,alex,pop,8,1,12,10,2
4,alex,quant,4,1,12,7,1
8,alex,reas,8,1,12,2,2
8,alex,search,8,1,12,0,2
8,alex,vfood,8,1,12,12,2
8,amira,attent,8,1,12,11,2
8,amira,comm,8,1,12,10,2
8,amira,search,8,1,12,12,2
8,amira,vfood,8,1,12,7,2
4,azibo,cause,4,1,12,9,1
4,azibo,delay,4,1,12,0,1
4,azibo,gaze,4,1,8,0,1
4,azibo,inference,4,1,12,1,1
4,azibo,quant,4,1,12,6,1
4,bambari,cause,4,1,3,2,1
4,bambari,gaze,4,1,4,1,1
4,bambari,inference,4,1,3,1,1
4,bambari,quant,4,1,1,1,1
8,bimbo,attent,8,1,12,6,2
8,bimbo,comm,8,1,12,11,2
8,bimbo,pop,8,1,12,12,2
8,bimbo,reas,8,1,12,4,2
8,bimbo,search,8,1,12,2,2
8,bimbo,vfood,8,1,12,12,2
8,corrie,attent,8,1,12,9,2
4,corrie,cause,4,1,12,6,1
8,corrie,comm,8,1,12,6,2
4,corrie,delay,4,1,12,3,1
4,corrie,gaze,4,1,8,0,1
4,corrie,inference,4,1,12,6,1
4,corrie,quant,4,1,12,6,1
8,corrie,search,8,1,12,3,2
8,corrie,vfood,8,1,12,12,2
8,daza,attent,8,1,12,4,2
4,daza,cause,4,1,12,11,1
8,daza,comm,8,1,12,2,2
4,daza,delay,4,1,12,1,1
4,daza,gaze,4,1,7,0,1
4,daza,inference,4,1,12,5,1
8,daza,pop,8,1,12,8,2
4,daza,quant,4,1,12,9,1
8,daza,reas,8,1,12,8,2
8,daza,search,8,1,12,2,2
8,daza,vfood,8,1,12,12,2
8,diara,attent,8,1,12,5,2
4,diara,cause,4,1,12,11,1
8,diara,comm,8,1,12,11,2
4,diara,delay,4,1,12,9,1
4,diara,gaze,4,1,8,0,1
4,diara,inference,4,1,12,7,1
8,diara,pop,8,1,12,11,2
4,diara,quant,4,1,12,6,1
8,diara,reas,8,1,12,7,2
8,diara,search,8,1,12,0,2
8,diara,vfood,8,1,12,12,2
8,dokana,attent,8,1,12,9,2
4,dokana,cause,4,1,12,12,1
8,dokana,comm,8,1,12,12,2
4,dokana,delay,4,1,12,12,1
4,dokana,gaze,4,1,8,1,1
4,dokana,inference,4,1,12,9,1
8,dokana,pop,8,1,12,11,2
4,dokana,quant,4,1,12,11,1
8,dokana,reas,8,1,12,7,2
8,dokana,search,8,1,12,0,2
8,dokana,vfood,8,1,12,12,2
4,dorien,cause,4,1,12,5,1
4,dorien,delay,4,1,12,6,1
4,dorien,gaze,4,1,8,0,1
4,dorien,inference,4,1,12,8,1
4,dorien,quant,4,1,12,10,1
8,fraukje,attent,8,1,12,7,2
4,fraukje,cause,4,1,12,11,1
8,fraukje,comm,8,1,12,12,2
4,fraukje,gaze,4,1,6,0,1
4,fraukje,inference,4,1,12,11,1
8,fraukje,pop,8,1,12,10,2
8,fraukje,reas,8,1,12,7,2
8,fraukje,search,8,1,12,0,2
8,fraukje,vfood,8,1,12,10,2
8,frederike,attent,8,1,12,6,2
4,frederike,cause,4,1,12,11,1
8,frederike,comm,8,1,12,11,2
4,frederike,gaze,4,1,3,0,1
4,frederike,inference,4,1,12,4,1
8,frederike,pop,8,1,12,9,2
8,frederike,reas,8,1,12,5,2
8,frederike,search,8,1,12,0,2
8,frederike,vfood,8,1,12,12,2
8,frodo,attent,8,1,12,7,2
4,frodo,cause,4,1,12,9,1
8,frodo,comm,8,1,12,11,2
4,frodo,delay,4,1,12,12,1
4,frodo,gaze,4,1,8,0,1
4,frodo,inference,4,1,12,9,1
8,frodo,pop,8,1,12,9,2
4,frodo,quant,4,1,12,11,1
8,frodo,reas,8,1,12,9,2
8,frodo,search,8,1,12,0,2
8,frodo,vfood,8,1,12,12,2
8,hope,attent,8,1,12,8,2
4,hope,cause,4,1,12,11,1
8,hope,comm,8,1,12,11,2
4,hope,delay,4,1,12,6,1
4,hope,gaze,4,1,8,0,1
4,hope,inference,4,1,12,4,1
8,hope,pop,8,1,12,11,2
4,hope,quant,4,1,12,9,1
8,hope,reas,8,1,12,6,2
8,hope,search,8,1,12,0,2
8,hope,vfood,8,1,12,12,2
8,jasongo,attent,8,1,12,6,2
4,jasongo,cause,4,1,12,9,1
8,jasongo,comm,8,1,12,12,2
4,jasongo,delay,4,1,12,4,1
4,jasongo,gaze,4,1,8,2,1
4,jasongo,inference,4,1,12,4,1
8,jasongo,pop,8,1,12,7,2
4,jasongo,quant,4,1,12,10,1
8,jasongo,reas,8,1,12,4,2
8,jasongo,search,8,1,12,0,2
8,jasongo,vfood,8,1,12,12,2
8,jeudi,attent,8,1,12,6,2
8,jeudi,comm,8,1,12,9,2
8,jeudi,pop,8,1,12,8,2
8,jeudi,reas,8,1,12,6,2
8,jeudi,search,8,1,12,2,2
8,jeudi,vfood,8,1,12,10,2
4,joey,cause,4,1,12,9,1
8,joey,comm,8,1,3,1,2
4,joey,delay,4,1,12,11,1
4,joey,gaze,4,1,2,0,1
4,joey,inference,4,1,12,4,1
8,joey,pop,8,1,6,3,2
4,joey,quant,4,1,12,7,1
8,joey,reas,8,1,12,8,2
8,joey,search,8,1,6,3,2
8,joey,vfood,8,1,12,10,2
8,kasai,attent,8,1,12,11,2
4,kasai,cause,4,1,12,6,1
8,kasai,comm,8,1,12,9,2
4,kasai,delay,4,1,12,4,1
4,kasai,gaze,4,1,6,1,1
4,kasai,inference,4,1,12,6,1
4,kasai,quant,4,1,12,10,1
8,kasai,search,8,1,12,0,2
8,kasai,vfood,8,1,12,12,2
8,kianga,attent,8,1,12,7,2
4,kianga,cause,4,1,12,6,1
8,kianga,comm,8,1,12,10,2
4,kianga,delay,4,1,12,0,1
4,kianga,gaze,4,1,4,1,1
4,kianga,inference,4,1,12,6,1
8,kianga,pop,8,1,12,6,2
4,kianga,quant,4,1,12,5,1
8,kianga,reas,8,1,12,7,2
8,kianga,search,8,1,12,0,2
8,kianga,vfood,8,1,12,12,2
8,kibara,attent,8,1,12,9,2
4,kibara,cause,4,1,12,8,1
8,kibara,comm,8,1,12,5,2
4,kibara,delay,4,1,12,2,1
4,kibara,gaze,4,1,4,0,1
4,kibara,inference,4,1,12,10,1
8,kibara,pop,8,1,12,12,2
4,kibara,quant,4,1,12,12,1
8,kibara,reas,8,1,12,4,2
8,kibara,search,8,1,12,0,2
8,kibara,vfood,8,1,12,11,2
8,kio,attent,8,1,12,11,2
4,kio,cause,4,1,12,7,1
8,kio,comm,8,1,12,12,2
4,kio,delay,4,1,12,4,1
4,kio,gaze,4,1,8,0,1
4,kio,inference,4,1,12,6,1
8,kio,pop,8,1,12,6,2
4,kio,quant,4,1,12,6,1
8,kio,reas,8,1,12,2,2
8,kio,search,8,1,12,0,2
8,kio,vfood,8,1,12,12,2
8,kisha,attent,8,1,6,3,2
4,kisha,cause,4,1,12,6,1
8,kisha,comm,8,1,7,2,2
4,kisha,delay,4,1,12,0,1
4,kisha,gaze,4,1,8,1,1
4,kisha,inference,4,1,12,6,1
8,kisha,pop,8,1,12,5,2
4,kisha,quant,4,1,12,6,1
8,kisha,reas,8,1,6,0,2
8,kisha,search,8,1,6,3,2
8,kisha,vfood,8,1,12,11,2
8,kumili,attent,8,1,12,12,2
4,kumili,cause,4,1,12,10,1
8,kumili,comm,8,1,12,12,2
4,kumili,delay,4,1,12,2,1
4,kumili,gaze,4,1,7,0,1
4,kumili,inference,4,1,12,11,1
8,kumili,pop,8,1,12,10,2
4,kumili,quant,4,1,12,8,1
8,kumili,reas,8,1,12,8,2
8,kumili,search,8,1,12,0,2
8,kumili,vfood,8,1,12,12,2
8,kuno,attent,8,1,12,12,2
4,kuno,cause,4,1,12,12,1
8,kuno,comm,8,1,12,8,2
4,kuno,delay,4,1,12,12,1
4,kuno,gaze,4,1,8,0,1
4,kuno,inference,4,1,12,12,1
8,kuno,pop,8,1,12,12,2
4,kuno,quant,4,1,12,10,1
8,kuno,reas,8,1,12,7,2
8,kuno,search,8,1,12,0,2
8,kuno,vfood,8,1,12,10,2
8,lexi,attent,8,1,12,8,2
4,lexi,cause,4,1,12,12,1
8,lexi,comm,8,1,6,6,2
4,lexi,delay,4,1,12,2,1
4,lexi,gaze,4,1,8,0,1
4,lexi,inference,4,1,12,3,1
4,lexi,quant,4,1,12,10,1
4,luiza,cause,4,1,12,12,1
8,luiza,comm,8,1,2,2,2
4,luiza,delay,4,1,12,0,1
4,luiza,gaze,4,1,8,1,1
4,luiza,inference,4,1,12,9,1
8,luiza,pop,8,1,12,12,2
4,luiza,quant,4,1,12,6,1
8,luiza,reas,8,1,5,1,2
8,maja,attent,8,1,12,12,2
4,maja,cause,4,1,12,8,1
8,maja,comm,8,1,12,8,2
4,maja,gaze,4,1,6,5,1
4,maja,inference,4,1,12,4,1
8,maja,pop,8,1,12,7,2
4,maja,quant,4,1,9,5,1
8,maja,reas,8,1,7,4,2
8,maja,search,8,1,12,1,2
8,maja,vfood,8,1,12,12,2
8,makeni,attent,8,1,7,3,2
4,makeni,cause,4,1,3,1,1
8,makeni,comm,8,1,12,8,2
4,makeni,delay,4,1,12,2,1
4,makeni,gaze,4,1,6,0,1
4,makeni,inference,4,1,3,1,1
8,makeni,pop,8,1,12,6,2
4,makeni,quant,4,1,12,5,1
8,makeni,reas,8,1,12,5,2
8,makeni,search,8,1,12,0,2
8,makeni,vfood,8,1,12,9,2
8,natascha,attent,8,1,6,3,2
4,natascha,cause,4,1,12,3,1
8,natascha,comm,8,1,12,9,2
4,natascha,delay,4,1,12,11,1
4,natascha,gaze,4,1,8,0,1
4,natascha,inference,4,1,12,6,1
8,natascha,pop,8,1,12,9,2
4,natascha,quant,4,1,12,8,1
8,natascha,reas,8,1,6,0,2
8,natascha,search,8,1,12,4,2
8,natascha,vfood,8,1,12,11,2
8,ohini,attent,8,1,12,10,2
4,ohini,cause,4,1,12,6,1
8,ohini,comm,8,1,12,12,2
4,ohini,delay,4,1,12,1,1
4,ohini,gaze,4,1,8,0,1
4,ohini,inference,4,1,12,6,1
8,ohini,pop,8,1,12,6,2
4,ohini,quant,4,1,12,12,1
8,ohini,reas,8,1,12,7,2
8,ohini,search,8,1,12,0,2
8,ohini,vfood,8,1,12,12,2
8,padana,attent,8,1,12,10,2
4,padana,cause,4,1,12,12,1
8,padana,comm,8,1,12,11,2
4,padana,delay,4,1,12,1,1
4,padana,gaze,4,1,8,1,1
4,padana,inference,4,1,12,12,1
8,padana,pop,8,1,12,12,2
4,padana,quant,4,1,12,12,1
8,padana,reas,8,1,12,7,2
8,padana,search,8,1,12,0,2
8,padana,vfood,8,1,12,12,2
8,pini,attent,8,1,12,3,2
4,pini,cause,4,1,12,12,1
8,pini,comm,8,1,12,7,2
4,pini,delay,4,1,12,10,1
4,pini,gaze,4,1,8,0,1
4,pini,inference,4,1,12,12,1
8,pini,pop,8,1,12,11,2
4,pini,quant,4,1,12,11,1
8,pini,reas,8,1,12,8,2
8,pini,search,8,1,12,0,2
8,pini,vfood,8,1,12,12,2
8,raja,attent,8,1,6,1,2
8,raja,comm,8,1,12,9,2
4,raja,delay,4,1,4,2,1
4,raja,gaze,4,1,4,0,1
8,raja,pop,8,1,7,7,2
4,raja,quant,4,1,12,7,1
8,raja,reas,8,1,5,3,2
8,raja,search,8,1,9,0,2
8,raja,vfood,8,1,12,12,2
8,riet,attent,8,1,12,9,2
4,riet,cause,4,1,12,11,1
8,riet,comm,8,1,12,9,2
4,riet,delay,4,1,12,4,1
4,riet,gaze,4,1,8,8,1
4,riet,inference,4,1,12,5,1
8,riet,pop,8,1,7,6,2
4,riet,quant,4,1,12,12,1
8,riet,search,8,1,12,0,2
8,riet,vfood,8,1,12,9,2
4,robert,cause,4,1,12,7,1
4,robert,delay,4,1,12,12,1
4,robert,gaze,4,1,8,0,1
4,robert,inference,4,1,12,8,1
4,robert,quant,4,1,12,8,1
8,sandra,attent,8,1,6,5,2
4,sandra,cause,4,1,1,1,1
8,sandra,comm,8,1,12,7,2
4,sandra,delay,4,1,12,12,1
4,sandra,gaze,4,1,6,3,1
4,sandra,inference,4,1,2,2,1
8,sandra,pop,8,1,12,11,2
4,sandra,quant,4,1,12,11,1
8,sandra,reas,8,1,12,5,2
8,sandra,search,8,1,12,0,2
8,sandra,vfood,8,1,12,12,2
8,sari,attent,8,1,6,6,2
8,sari,comm,8,1,6,5,2
8,sari,pop,8,1,12,10,2
8,sari,reas,8,1,6,2,2
8,sari,search,8,1,12,2,2
8,sari,vfood,8,1,12,12,2
4,shanga,cause,4,1,12,10,1
8,shanga,comm,8,1,12,10,2
4,shanga,delay,4,1,12,10,1
4,shanga,gaze,4,1,8,1,1
4,shanga,inference,4,1,12,6,1
8,shanga,pop,8,1,12,8,2
4,shanga,quant,4,1,12,12,1
8,shanga,reas,8,1,12,6,2
8,shanga,search,8,1,5,0,2
8,shanga,vfood,8,1,12,11,2
8,sumai,attent,8,1,12,10,2
8,sumai,comm,8,1,12,11,2
8,sumai,search,8,1,12,6,2
8,sumai,vfood,8,1,12,9,2
8,swela,attent,8,1,12,7,2
4,swela,cause,4,1,12,7,1
8,swela,comm,8,1,12,12,2
4,swela,delay,4,1,12,1,1
4,swela,gaze,4,1,8,3,1
4,swela,inference,4,1,12,4,1
8,swela,pop,8,1,12,7,2
4,swela,quant,4,1,12,11,1
8,swela,reas,8,1,3,2,2
8,swela,search,8,1,12,0,2
8,swela,vfood,8,1,12,12,2
8,tai,attent,8,1,12,8,2
4,tai,cause,4,1,12,7,1
8,tai,comm,8,1,12,11,2
4,tai,delay,4,1,12,12,1
4,tai,gaze,4,1,6,1,1
4,tai,inference,4,1,12,7,1
8,tai,pop,8,1,12,12,2
4,tai,quant,4,1,12,10,1
8,tai,reas,8,1,12,8,2
8,tai,search,8,1,12,0,2
8,tai,vfood,8,1,12,12,2
8,tayo,attent,8,1,4,4,2
8,tayo,comm,8,1,12,10,2
8,tayo,search,8,1,12,3,2
8,tayo,vfood,8,1,12,11,2
8,yaro,attent,8,1,12,11,2
4,yaro,cause,4,1,12,8,1
8,yaro,comm,8,1,12,6,2
4,yaro,delay,4,1,12,3,1
4,yaro,gaze,4,1,8,2,1
4,yaro,inference,4,1,12,10,1
4,yaro,quant,4,1,12,11,1
8,yaro,search,8,1,12,0,2
8,yaro,vfood,8,1,12,12,2
8,yasa,attent,8,1,12,10,2
4,yasa,cause,4,1,12,5,1
8,yasa,comm,8,1,6,4,2
4,yasa,delay,4,1,12,1,1
4,yasa,gaze,4,1,6,1,1
4,yasa,inference,4,1,12,11,1
4,yasa,quant,4,1,12,10,1
8,yasa,search,8,1,12,0,2
8,yasa,vfood,8,1,6,5,2
8,youma,attent,8,1,12,6,2
4,youma,cause,4,1,12,6,1
8,youma,comm,8,1,10,4,2
4,youma,delay,4,1,12,8,1
4,youma,gaze,4,1,8,0,1
4,youma,inference,4,1,12,6,1
8,youma,pop,8,1,12,5,2
4,youma,quant,4,1,12,6,1
8,youma,reas,8,1,12,4,2
8,youma,search,8,1,12,1,2
8,youma,vfood,8,1,2,1,2
8,zira,attent,8,1,12,11,2
4,zira,cause,4,1,12,9,1
8,zira,comm,8,1,12,12,2
4,zira,delay,4,1,12,10,1
4,zira,gaze,4,1,8,2,1
4,zira,inference,4,1,12,11,1
8,zira,pop,8,1,12,10,2
4,zira,quant,4,1,12,8,1
8,zira,reas,8,1,12,4,2
8,zira,search,8,1,12,0,2
8,zira,vfood,8,1,12,12,2
9,abeeku,attent,9,1,1,1,2
5,abeeku,cause,5,1,12,8,1
9,abeeku,comm,9,1,8,7,2
5,abeeku,delay,5,1,9,8,1
5,abeeku,gaze,5,1,4,0,1
5,abeeku,inference,5,1,11,3,1
9,abeeku,pop,9,1,5,3,2
5,abeeku,quant,5,1,12,10,1
9,abeeku,reas,9,1,12,4,2
9,abeeku,search,9,1,12,0,2
9,abeeku,vfood,9,1,6,5,2
5,alex,cause,5,1,12,12,1
9,alex,comm,9,1,10,10,2
5,alex,delay,5,1,12,6,1
5,alex,gaze,5,1,8,0,1
5,alex,inference,5,1,12,12,1
9,alex,pop,9,1,8,8,2
5,alex,quant,5,1,12,11,1
9,alex,reas,9,1,12,4,2
9,alex,search,9,1,10,0,2
9,alex,vfood,9,1,5,5,2
9,amira,comm,9,1,6,6,2
9,amira,pop,9,1,8,7,2
9,amira,reas,9,1,7,1,2
9,amira,vfood,9,1,6,4,2
9,azibo,attent,9,1,12,10,2
5,azibo,cause,5,1,12,9,1
9,azibo,comm,9,1,12,5,2
5,azibo,delay,5,1,12,1,1
5,azibo,gaze,5,1,8,0,1
5,azibo,inference,5,1,12,0,1
9,azibo,pop,9,1,12,6,2
5,azibo,quant,5,1,12,8,1
9,azibo,reas,9,1,12,2,2
9,azibo,search,9,1,12,0,2
9,azibo,vfood,9,1,12,11,2
5,bambari,cause,5,1,12,7,1
5,bambari,gaze,5,1,6,2,1
5,bambari,inference,5,1,12,6,1
9,bimbo,attent,9,1,12,7,2
5,bimbo,cause,5,1,12,11,1
9,bimbo,comm,9,1,12,9,2
5,bimbo,delay,5,1,12,10,1
5,bimbo,gaze,5,1,8,0,1
5,bimbo,inference,5,1,12,9,1
9,bimbo,pop,9,1,12,11,2
5,bimbo,quant,5,1,12,5,1
9,bimbo,reas,9,1,12,6,2
9,bimbo,search,9,1,7,1,2
9,bimbo,vfood,9,1,12,11,2
9,corrie,attent,9,1,12,9,2
5,corrie,cause,5,1,12,7,1
9,corrie,comm,9,1,12,7,2
5,corrie,delay,5,1,12,1,1
5,corrie,gaze,5,1,8,2,1
5,corrie,inference,5,1,12,6,1
9,corrie,pop,9,1,12,9,2
5,corrie,quant,5,1,12,7,1
9,corrie,reas,9,1,12,6,2
9,corrie,search,9,1,12,1,2
9,corrie,vfood,9,1,12,12,2
5,daza,cause,5,1,12,12,1
5,daza,delay,5,1,12,1,1
5,daza,gaze,5,1,8,0,1
5,daza,inference,5,1,12,10,1
5,daza,quant,5,1,12,9,1
9,diara,attent,9,1,12,8,2
5,diara,cause,5,1,12,11,1
9,diara,comm,9,1,12,11,2
5,diara,delay,5,1,12,8,1
5,diara,gaze,5,1,8,0,1
5,diara,inference,5,1,12,7,1
9,diara,pop,9,1,12,11,2
5,diara,quant,5,1,12,7,1
9,diara,reas,9,1,12,3,2
9,diara,search,9,1,12,0,2
9,diara,vfood,9,1,12,12,2
9,dokana,attent,9,1,12,6,2
5,dokana,cause,5,1,12,12,1
9,dokana,comm,9,1,12,10,2
5,dokana,delay,5,1,12,12,1
5,dokana,gaze,5,1,8,0,1
5,dokana,inference,5,1,12,11,1
9,dokana,pop,9,1,12,11,2
5,dokana,quant,5,1,12,11,1
9,dokana,reas,9,1,12,4,2
9,dokana,search,9,1,12,0,2
9,dokana,vfood,9,1,12,11,2
5,dorien,cause,5,1,12,11,1
5,dorien,delay,5,1,12,8,1
5,dorien,gaze,5,1,8,0,1
5,dorien,inference,5,1,12,4,1
5,dorien,quant,5,1,12,10,1
9,fraukje,attent,9,1,12,7,2
5,fraukje,cause,5,1,12,12,1
9,fraukje,comm,9,1,12,12,2
5,fraukje,delay,5,1,12,5,1
5,fraukje,gaze,5,1,8,1,1
5,fraukje,inference,5,1,12,12,1
9,fraukje,pop,9,1,12,11,2
5,fraukje,quant,5,1,12,5,1
9,fraukje,reas,9,1,12,6,2
9,fraukje,search,9,1,12,0,2
9,fraukje,vfood,9,1,12,12,2
5,frederike,cause,5,1,12,9,1
5,frederike,delay,5,1,12,2,1
5,frederike,gaze,5,1,8,0,1
5,frederike,inference,5,1,12,8,1
9,frederike,pop,9,1,12,10,2
5,frederike,quant,5,1,12,7,1
9,frederike,reas,9,1,12,5,2
9,frodo,attent,9,1,12,9,2
5,frodo,cause,5,1,12,11,1
9,frodo,comm,9,1,12,12,2
5,frodo,delay,5,1,12,12,1
5,frodo,gaze,5,1,8,0,1
5,frodo,inference,5,1,12,11,1
9,frodo,pop,9,1,12,11,2
5,frodo,quant,5,1,12,11,1
9,frodo,reas,9,1,12,9,2
9,frodo,search,9,1,12,1,2
9,frodo,vfood,9,1,12,12,2
9,hodari,pop,9,1,4,1,2
9,hodari,reas,9,1,4,2,2
9,hope,attent,9,1,12,7,2
5,hope,cause,5,1,12,12,1
9,hope,comm,9,1,12,11,2
5,hope,delay,5,1,12,6,1
5,hope,gaze,5,1,8,0,1
5,hope,inference,5,1,12,6,1
9,hope,pop,9,1,12,11,2
5,hope,quant,5,1,12,11,1
9,hope,reas,9,1,12,1,2
9,hope,search,9,1,12,0,2
9,hope,vfood,9,1,12,10,2
9,jasongo,attent,9,1,5,2,2
5,jasongo,cause,5,1,12,12,1
9,jasongo,comm,9,1,12,11,2
5,jasongo,delay,5,1,12,1,1
5,jasongo,gaze,5,1,6,1,1
5,jasongo,inference,5,1,12,3,1
9,jasongo,pop,9,1,12,7,2
5,jasongo,quant,5,1,12,8,1
9,jasongo,reas,9,1,12,6,2
9,jasongo,search,9,1,12,1,2
9,jasongo,vfood,9,1,12,12,2
5,jeudi,cause,5,1,12,8,1
5,jeudi,delay,5,1,12,2,1
5,jeudi,gaze,5,1,8,0,1
5,jeudi,inference,5,1,12,6,1
9,jeudi,pop,9,1,12,10,2
5,jeudi,quant,5,1,12,6,1
9,jeudi,reas,9,1,12,6,2
5,joey,cause,5,1,12,8,1
9,joey,comm,9,1,6,5,2
5,joey,delay,5,1,12,8,1
5,joey,gaze,5,1,8,0,1
5,joey,inference,5,1,12,4,1
9,joey,pop,9,1,6,5,2
5,joey,quant,5,1,12,7,1
9,joey,reas,9,1,12,4,2
9,joey,search,9,1,7,6,2
9,joey,vfood,9,1,12,11,2
9,kasai,attent,9,1,12,12,2
5,kasai,cause,5,1,12,11,1
9,kasai,comm,9,1,12,10,2
5,kasai,delay,5,1,12,4,1
5,kasai,gaze,5,1,6,0,1
5,kasai,inference,5,1,12,3,1
9,kasai,pop,9,1,12,8,2
5,kasai,quant,5,1,12,8,1
9,kasai,reas,9,1,12,5,2
9,kasai,search,9,1,12,1,2
9,kasai,vfood,9,1,12,12,2
9,kianga,attent,9,1,12,7,2
5,kianga,cause,5,1,12,6,1
9,kianga,comm,9,1,12,10,2
5,kianga,delay,5,1,12,0,1
5,kianga,gaze,5,1,6,0,1
5,kianga,inference,5,1,12,6,1
9,kianga,pop,9,1,12,6,2
5,kianga,quant,5,1,12,6,1
9,kianga,reas,9,1,12,4,2
9,kianga,search,9,1,12,4,2
9,kianga,vfood,9,1,12,11,2
9,kibara,attent,9,1,12,8,2
5,kibara,cause,5,1,12,12,1
9,kibara,comm,9,1,12,4,2
5,kibara,delay,5,1,12,1,1
5,kibara,gaze,5,1,7,1,1
5,kibara,inference,5,1,12,9,1
9,kibara,pop,9,1,12,12,2
5,kibara,quant,5,1,12,11,1
9,kibara,reas,9,1,12,3,2
9,kibara,search,9,1,12,0,2
9,kibara,vfood,9,1,12,12,2
9,kio,attent,9,1,12,12,2
5,kio,cause,5,1,12,9,1
9,kio,comm,9,1,12,11,2
5,kio,delay,5,1,12,0,1
5,kio,gaze,5,1,8,0,1
5,kio,inference,5,1,12,5,1
9,kio,pop,9,1,12,1,2
5,kio,quant,5,1,12,6,1
9,kio,reas,9,1,12,3,2
9,kio,search,9,1,12,0,2
9,kio,vfood,9,1,12,12,2
9,kisha,attent,9,1,12,9,2
5,kisha,cause,5,1,12,5,1
9,kisha,comm,9,1,12,3,2
5,kisha,delay,5,1,12,3,1
5,kisha,gaze,5,1,8,1,1
5,kisha,inference,5,1,12,2,1
9,kisha,pop,9,1,12,6,2
5,kisha,quant,5,1,12,7,1
9,kisha,reas,9,1,12,7,2
9,kisha,search,9,1,6,2,2
9,kisha,vfood,9,1,12,11,2
9,kumili,attent,9,1,12,11,2
5,kumili,cause,5,1,12,12,1
9,kumili,comm,9,1,12,12,2
5,kumili,delay,5,1,12,0,1
5,kumili,gaze,5,1,7,0,1
5,kumili,inference,5,1,12,12,1
9,kumili,pop,9,1,12,6,2
5,kumili,quant,5,1,12,8,1
9,kumili,reas,9,1,12,6,2
9,kumili,search,9,1,12,0,2
9,kumili,vfood,9,1,12,12,2
9,kuno,attent,9,1,12,12,2
5,kuno,cause,5,1,12,12,1
9,kuno,comm,9,1,12,11,2
5,kuno,delay,5,1,12,10,1
5,kuno,gaze,5,1,8,1,1
5,kuno,inference,5,1,12,12,1
9,kuno,pop,9,1,12,11,2
5,kuno,quant,5,1,12,7,1
9,kuno,reas,9,1,12,5,2
9,kuno,search,9,1,12,0,2
9,kuno,vfood,9,1,12,12,2
5,lexi,cause,5,1,12,10,1
9,lexi,comm,9,1,12,11,2
5,lexi,delay,5,1,12,0,1
5,lexi,gaze,5,1,8,0,1
5,lexi,inference,5,1,12,4,1
9,lexi,pop,9,1,12,10,2
5,lexi,quant,5,1,12,10,1
9,lexi,reas,9,1,12,6,2
9,lexi,search,9,1,4,1,2
9,lexi,vfood,9,1,12,12,2
9,luiza,attent,9,1,12,11,2
5,luiza,cause,5,1,12,12,1
9,luiza,comm,9,1,12,12,2
5,luiza,delay,5,1,12,2,1
5,luiza,gaze,5,1,8,0,1
5,luiza,inference,5,1,12,11,1
9,luiza,pop,9,1,12,12,2
5,luiza,quant,5,1,12,10,1
9,luiza,reas,9,1,6,1,2
9,luiza,search,9,1,12,0,2
9,luiza,vfood,9,1,12,9,2
9,maja,attent,9,1,12,11,2
5,maja,cause,5,1,2,0,1
9,maja,comm,9,1,12,7,2
5,maja,delay,5,1,12,2,1
5,maja,gaze,5,1,6,5,1
5,maja,inference,5,1,3,1,1
9,maja,pop,9,1,12,9,2
5,maja,quant,5,1,12,5,1
9,maja,reas,9,1,12,7,2
9,maja,search,9,1,9,1,2
9,maja,vfood,9,1,12,11,2
9,makeni,attent,9,1,12,10,2
5,makeni,cause,5,1,4,3,1
9,makeni,comm,9,1,12,10,2
5,makeni,delay,5,1,12,0,1
5,makeni,gaze,5,1,6,1,1
5,makeni,inference,5,1,4,1,1
9,makeni,pop,9,1,12,6,2
5,makeni,quant,5,1,12,6,1
9,makeni,reas,9,1,12,6,2
9,makeni,search,9,1,12,1,2
9,makeni,vfood,9,1,12,11,2
9,natascha,attent,9,1,12,6,2
5,natascha,cause,5,1,12,3,1
9,natascha,comm,9,1,12,10,2
5,natascha,gaze,5,1,6,0,1
5,natascha,inference,5,1,12,7,1
9,natascha,pop,9,1,12,11,2
9,natascha,reas,9,1,12,4,2
9,natascha,search,9,1,2,1,2
9,natascha,vfood,9,1,12,11,2
9,ohini,attent,9,1,12,11,2
5,ohini,cause,5,1,12,8,1
9,ohini,comm,9,1,12,12,2
5,ohini,delay,5,1,12,0,1
5,ohini,gaze,5,1,8,0,1
5,ohini,inference,5,1,12,2,1
9,ohini,pop,9,1,12,6,2
5,ohini,quant,5,1,12,9,1
9,ohini,reas,9,1,12,6,2
9,ohini,search,9,1,12,0,2
9,ohini,vfood,9,1,12,12,2
9,padana,attent,9,1,12,8,2
5,padana,cause,5,1,12,12,1
9,padana,comm,9,1,12,9,2
5,padana,delay,5,1,12,4,1
5,padana,gaze,5,1,8,1,1
5,padana,inference,5,1,12,12,1
9,padana,pop,9,1,12,11,2
5,padana,quant,5,1,12,10,1
9,padana,reas,9,1,5,2,2
9,padana,search,9,1,6,1,2
9,padana,vfood,9,1,12,12,2
9,pini,attent,9,1,12,5,2
5,pini,cause,5,1,12,12,1
9,pini,comm,9,1,12,10,2
5,pini,delay,5,1,12,10,1
5,pini,gaze,5,1,8,0,1
5,pini,inference,5,1,12,6,1
9,pini,pop,9,1,12,12,2
5,pini,quant,5,1,12,12,1
9,pini,reas,9,1,4,4,2
9,pini,search,9,1,6,0,2
9,pini,vfood,9,1,12,12,2
9,raja,attent,9,1,12,8,2
5,raja,cause,5,1,4,4,1
9,raja,comm,9,1,8,5,2
5,raja,delay,5,1,12,1,1
5,raja,gaze,5,1,6,0,1
5,raja,inference,5,1,4,1,1
9,raja,pop,9,1,6,4,2
5,raja,quant,5,1,12,8,1
9,raja,reas,9,1,4,2,2
9,raja,search,9,1,12,0,2
9,raja,vfood,9,1,12,9,2
9,riet,attent,9,1,12,8,2
5,riet,cause,5,1,12,8,1
9,riet,comm,9,1,12,11,2
5,riet,delay,5,1,12,1,1
5,riet,gaze,5,1,8,8,1
5,riet,inference,5,1,12,7,1
9,riet,pop,9,1,8,8,2
5,riet,quant,5,1,12,11,1
9,riet,reas,9,1,12,6,2
9,riet,search,9,1,12,0,2
9,riet,vfood,9,1,12,11,2
5,robert,cause,5,1,12,4,1
5,robert,delay,5,1,12,12,1
5,robert,gaze,5,1,8,0,1
5,robert,inference,5,1,12,9,1
5,robert,quant,5,1,12,9,1
9,sandra,attent,9,1,12,7,2
5,sandra,cause,5,1,12,12,1
9,sandra,comm,9,1,10,8,2
5,sandra,delay,5,1,12,12,1
5,sandra,gaze,5,1,8,4,1
5,sandra,inference,5,1,12,12,1
9,sandra,pop,9,1,12,11,2
5,sandra,quant,5,1,12,8,1
9,sandra,reas,9,1,12,7,2
9,sandra,search,9,1,12,1,2
9,sandra,vfood,9,1,12,11,2
9,sari,attent,9,1,12,11,2
9,sari,comm,9,1,12,10,2
9,sari,pop,9,1,12,8,2
9,sari,reas,9,1,12,7,2
9,sari,search,9,1,12,0,2
9,sari,vfood,9,1,12,11,2
9,shanga,attent,9,1,12,6,2
5,shanga,cause,5,1,12,12,1
5,shanga,delay,5,1,12,12,1
5,shanga,gaze,5,1,8,0,1
5,shanga,inference,5,1,12,4,1
5,shanga,quant,5,1,12,12,1
9,shanga,search,9,1,6,1,2
9,sumai,attent,9,1,12,11,2
9,sumai,comm,9,1,12,11,2
9,sumai,pop,9,1,12,7,2
9,sumai,reas,9,1,12,4,2
9,sumai,search,9,1,12,6,2
9,sumai,vfood,9,1,12,9,2
9,swela,attent,9,1,12,7,2
5,swela,cause,5,1,12,5,1
9,swela,comm,9,1,12,10,2
5,swela,delay,5,1,12,2,1
5,swela,gaze,5,1,8,2,1
5,swela,inference,5,1,12,6,1
9,swela,pop,9,1,12,8,2
5,swela,quant,5,1,12,10,1
9,swela,reas,9,1,12,5,2
9,swela,search,9,1,12,0,2
9,swela,vfood,9,1,12,11,2
9,tai,attent,9,1,1,1,2
5,tai,cause,5,1,12,4,1
9,tai,comm,9,1,12,8,2
5,tai,delay,5,1,12,12,1
5,tai,gaze,5,1,8,0,1
5,tai,inference,5,1,12,9,1
9,tai,pop,9,1,12,11,2
5,tai,quant,5,1,12,12,1
9,tai,reas,9,1,12,6,2
9,tai,search,9,1,9,0,2
9,tai,vfood,9,1,12,12,2
9,tayo,attent,9,1,12,12,2
9,tayo,comm,9,1,2,2,2
9,tayo,pop,9,1,4,3,2
9,tayo,reas,9,1,6,0,2
9,tayo,search,9,1,12,0,2
9,yaro,attent,9,1,12,12,2
5,yaro,cause,5,1,12,10,1
9,yaro,comm,9,1,12,7,2
5,yaro,delay,5,1,12,2,1
5,yaro,gaze,5,1,7,0,1
5,yaro,inference,5,1,12,10,1
9,yaro,pop,9,1,12,12,2
5,yaro,quant,5,1,12,9,1
9,yaro,reas,9,1,12,1,2
9,yaro,search,9,1,12,0,2
9,yaro,vfood,9,1,12,12,2
9,yasa,attent,9,1,12,8,2
5,yasa,cause,5,1,12,0,1
9,yasa,comm,9,1,12,3,2
5,yasa,delay,5,1,12,7,1
5,yasa,gaze,5,1,8,0,1
5,yasa,inference,5,1,12,12,1
9,yasa,pop,9,1,12,10,2
5,yasa,quant,5,1,12,11,1
9,yasa,reas,9,1,12,6,2
9,yasa,search,9,1,12,0,2
9,yasa,vfood,9,1,12,7,2
9,youma,attent,9,1,12,6,2
5,youma,cause,5,1,12,5,1
9,youma,comm,9,1,12,5,2
5,youma,delay,5,1,12,8,1
5,youma,gaze,5,1,8,0,1
5,youma,inference,5,1,12,6,1
9,youma,pop,9,1,12,4,2
5,youma,quant,5,1,12,6,1
9,youma,reas,9,1,12,5,2
9,youma,search,9,1,12,5,2
9,youma,vfood,9,1,12,6,2
5,zira,cause,5,1,12,11,1
5,zira,delay,5,1,12,9,1
5,zira,gaze,5,1,8,0,1
5,zira,inference,5,1,12,11,1
9,zira,pop,9,1,12,11,2
5,zira,quant,5,1,12,11,1
9,zira,reas,9,1,12,6,2
10,abeeku,attent,10,1,12,6,2
6,abeeku,cause,6,1,12,8,1
10,abeeku,comm,10,1,3,3,2
6,abeeku,delay,6,1,3,2,1
6,abeeku,gaze,6,1,8,0,1
6,abeeku,inference,6,1,12,1,1
10,abeeku,pop,10,1,2,0,2
6,abeeku,quant,6,1,12,12,1
10,abeeku,reas,10,1,12,4,2
10,abeeku,search,10,1,12,0,2
10,abeeku,vfood,10,1,1,1,2
10,alex,attent,10,1,12,5,2
6,alex,cause,6,1,12,12,1
10,alex,comm,10,1,12,12,2
6,alex,delay,6,1,12,5,1
6,alex,gaze,6,1,7,0,1
6,alex,inference,6,1,12,12,1
10,alex,pop,10,1,12,7,2
6,alex,quant,6,1,12,12,1
10,alex,reas,10,1,12,5,2
10,alex,search,10,1,12,0,2
10,alex,vfood,10,1,12,12,2
10,amira,attent,10,1,6,4,2
10,amira,comm,10,1,12,11,2
10,amira,pop,10,1,9,7,2
10,amira,reas,10,1,8,3,2
10,amira,search,10,1,12,11,2
10,amira,vfood,10,1,12,9,2
6,azibo,cause,6,1,12,9,1
10,azibo,comm,10,1,12,9,2
6,azibo,delay,6,1,12,4,1
6,azibo,gaze,6,1,8,0,1
6,azibo,inference,6,1,12,3,1
10,azibo,pop,10,1,8,6,2
6,azibo,quant,6,1,12,10,1
10,azibo,reas,10,1,8,2,2
10,azibo,search,10,1,8,0,2
10,azibo,vfood,10,1,12,12,2
6,bambari,cause,6,1,12,7,1
6,bambari,delay,6,1,12,0,1
6,bambari,gaze,6,1,8,2,1
6,bambari,inference,6,1,12,5,1
10,bambari,pop,10,1,6,6,2
6,bambari,quant,6,1,12,9,1
10,bambari,reas,10,1,8,1,2
10,bimbo,attent,10,1,12,7,2
10,bimbo,comm,10,1,12,9,2
10,bimbo,pop,10,1,12,11,2
10,bimbo,reas,10,1,12,7,2
10,bimbo,vfood,10,1,12,12,2
10,corrie,attent,10,1,12,6,2
6,corrie,cause,6,1,12,7,1
10,corrie,comm,10,1,12,11,2
6,corrie,delay,6,1,12,4,1
6,corrie,gaze,6,1,8,0,1
6,corrie,inference,6,1,12,6,1
10,corrie,pop,10,1,12,11,2
6,corrie,quant,6,1,12,6,1
10,corrie,reas,10,1,12,4,2
10,corrie,search,10,1,12,1,2
10,corrie,vfood,10,1,12,12,2
6,daza,cause,6,1,12,10,1
10,daza,comm,10,1,6,4,2
6,daza,delay,6,1,12,5,1
6,daza,gaze,6,1,6,0,1
6,daza,inference,6,1,12,10,1
10,daza,pop,10,1,1,0,2
6,daza,quant,6,1,12,10,1
10,daza,reas,10,1,6,2,2
10,diara,attent,10,1,12,11,2
6,diara,cause,6,1,12,11,1
10,diara,comm,10,1,12,11,2
6,diara,delay,6,1,12,11,1
6,diara,gaze,6,1,6,0,1
6,diara,inference,6,1,12,11,1
10,diara,pop,10,1,12,12,2
6,diara,quant,6,1,12,7,1
10,diara,reas,10,1,12,8,2
10,diara,search,10,1,12,0,2
10,diara,vfood,10,1,12,12,2
10,dokana,attent,10,1,12,8,2
10,dokana,comm,10,1,12,9,2
10,dokana,pop,10,1,12,12,2
10,dokana,reas,10,1,12,5,2
10,dokana,search,10,1,12,0,2
10,dokana,vfood,10,1,12,9,2
6,dorien,cause,6,1,12,8,1
6,dorien,delay,6,1,12,11,1
6,dorien,gaze,6,1,8,0,1
6,dorien,inference,6,1,12,5,1
6,dorien,quant,6,1,12,10,1
10,frank,search,10,1,6,5,2
10,fraukje,attent,10,1,12,7,2
6,fraukje,cause,6,1,12,10,1
10,fraukje,comm,10,1,12,10,2
6,fraukje,delay,6,1,12,2,1
6,fraukje,gaze,6,1,8,0,1
6,fraukje,inference,6,1,12,11,1
10,fraukje,pop,10,1,8,8,2
6,fraukje,quant,6,1,12,7,1
10,fraukje,reas,10,1,8,5,2
10,fraukje,search,10,1,12,0,2
10,fraukje,vfood,10,1,12,10,2
10,frederike,attent,10,1,3,2,2
6,frederike,cause,6,1,12,11,1
10,frederike,comm,10,1,3,1,2
6,frederike,delay,6,1,12,2,1
6,frederike,gaze,6,1,8,0,1
6,frederike,inference,6,1,12,8,1
10,frederike,pop,10,1,12,10,2
6,frederike,quant,6,1,12,8,1
10,frederike,reas,10,1,12,6,2
10,frederike,search,10,1,12,1,2
10,frodo,attent,10,1,12,8,2
6,frodo,cause,6,1,12,11,1
10,frodo,comm,10,1,12,12,2
6,frodo,delay,6,1,12,12,1
6,frodo,gaze,6,1,8,0,1
6,frodo,inference,6,1,12,11,1
10,frodo,pop,10,1,12,11,2
6,frodo,quant,6,1,12,11,1
10,frodo,reas,10,1,12,5,2
10,frodo,search,10,1,12,0,2
10,frodo,vfood,10,1,12,7,2
10,hope,attent,10,1,12,6,2
6,hope,cause,6,1,12,10,1
10,hope,comm,10,1,12,11,2
6,hope,delay,6,1,12,0,1
6,hope,gaze,6,1,8,3,1
6,hope,inference,6,1,12,6,1
10,hope,pop,10,1,12,11,2
6,hope,quant,6,1,12,9,1
10,hope,reas,10,1,12,7,2
10,hope,search,10,1,12,0,2
10,hope,vfood,10,1,12,11,2
10,jeudi,attent,10,1,5,2,2
6,jeudi,cause,6,1,12,11,1
10,jeudi,comm,10,1,12,11,2
6,jeudi,gaze,6,1,4,0,1
6,jeudi,inference,6,1,12,7,1
10,jeudi,search,10,1,12,4,2
10,jeudi,vfood,10,1,12,9,2
10,kasai,attent,10,1,12,10,2
10,kasai,comm,10,1,10,7,2
10,kasai,pop,10,1,1,1,2
10,kasai,reas,10,1,12,5,2
10,kasai,search,10,1,12,0,2
10,kasai,vfood,10,1,1,1,2
10,kianga,attent,10,1,12,9,2
6,kianga,cause,6,1,12,7,1
10,kianga,comm,10,1,12,5,2
6,kianga,delay,6,1,11,0,1
6,kianga,gaze,6,1,6,0,1
6,kianga,inference,6,1,12,6,1
10,kianga,pop,10,1,12,8,2
6,kianga,quant,6,1,12,7,1
10,kianga,reas,10,1,12,5,2
10,kianga,search,10,1,12,0,2
10,kianga,vfood,10,1,12,12,2
10,kibara,attent,10,1,12,7,2
6,kibara,cause,6,1,12,11,1
10,kibara,comm,10,1,12,5,2
6,kibara,delay,6,1,12,5,1
6,kibara,gaze,6,1,6,0,1
6,kibara,inference,6,1,12,10,1
10,kibara,pop,10,1,12,11,2
6,kibara,quant,6,1,12,12,1
10,kibara,reas,10,1,12,6,2
10,kibara,search,10,1,12,1,2
10,kibara,vfood,10,1,12,11,2
10,kio,attent,10,1,12,12,2
6,kio,cause,6,1,12,8,1
10,kio,comm,10,1,12,11,2
6,kio,delay,6,1,12,0,1
6,kio,gaze,6,1,5,0,1
6,kio,inference,6,1,12,4,1
10,kio,pop,10,1,12,1,2
6,kio,quant,6,1,12,6,1
10,kio,reas,10,1,12,4,2
10,kio,search,10,1,12,0,2
10,kio,vfood,10,1,12,12,2
10,kisha,attent,10,1,12,8,2
6,kisha,cause,6,1,12,6,1
10,kisha,comm,10,1,10,2,2
6,kisha,delay,6,1,12,1,1
6,kisha,gaze,6,1,8,1,1
6,kisha,inference,6,1,12,6,1
10,kisha,pop,10,1,12,6,2
6,kisha,quant,6,1,12,10,1
10,kisha,reas,10,1,12,5,2
10,kisha,search,10,1,12,1,2
10,kisha,vfood,10,1,12,10,2
10,kumili,attent,10,1,12,10,2
6,kumili,cause,6,1,12,10,1
10,kumili,comm,10,1,12,12,2
6,kumili,delay,6,1,12,0,1
6,kumili,gaze,6,1,8,1,1
6,kumili,inference,6,1,12,12,1
10,kumili,pop,10,1,12,6,2
6,kumili,quant,6,1,12,10,1
10,kumili,reas,10,1,12,7,2
10,kumili,search,10,1,12,0,2
10,kumili,vfood,10,1,12,12,2
10,kuno,attent,10,1,12,11,2
10,kuno,comm,10,1,12,12,2
10,kuno,search,10,1,12,0,2
10,kuno,vfood,10,1,12,12,2
10,lexi,attent,10,1,12,7,2
10,lexi,comm,10,1,12,11,2
10,lexi,pop,10,1,12,11,2
10,lexi,reas,10,1,12,5,2
10,lexi,search,10,1,6,6,2
10,lexi,vfood,10,1,12,12,2
10,luiza,attent,10,1,12,11,2
10,luiza,search,10,1,12,0,2
10,maja,attent,10,1,12,12,2
6,maja,cause,6,1,12,9,1
10,maja,comm,10,1,12,10,2
6,maja,delay,6,1,12,3,1
6,maja,gaze,6,1,8,4,1
6,maja,inference,6,1,12,5,1
10,maja,pop,10,1,12,12,2
6,maja,quant,6,1,12,4,1
10,maja,reas,10,1,12,9,2
10,maja,search,10,1,12,0,2
10,maja,vfood,10,1,12,12,2
10,makeni,attent,10,1,8,8,2
6,makeni,cause,6,1,12,6,1
10,makeni,comm,10,1,12,11,2
6,makeni,delay,6,1,12,2,1
6,makeni,gaze,6,1,8,0,1
6,makeni,inference,6,1,12,6,1
10,makeni,pop,10,1,8,4,2
6,makeni,quant,6,1,12,5,1
10,makeni,reas,10,1,8,4,2
10,makeni,search,10,1,8,0,2
10,makeni,vfood,10,1,12,11,2
10,natascha,attent,10,1,12,9,2
6,natascha,cause,6,1,12,5,1
6,natascha,delay,6,1,12,9,1
6,natascha,gaze,6,1,8,0,1
6,natascha,inference,6,1,12,10,1
10,natascha,pop,10,1,8,8,2
6,natascha,quant,6,1,12,5,1
10,natascha,reas,10,1,8,2,2
10,ohini,attent,10,1,12,11,2
6,ohini,cause,6,1,12,8,1
10,ohini,comm,10,1,12,12,2
6,ohini,delay,6,1,12,0,1
6,ohini,gaze,6,1,8,0,1
6,ohini,inference,6,1,12,1,1
10,ohini,pop,10,1,12,6,2
6,ohini,quant,6,1,12,7,1
10,ohini,reas,10,1,12,6,2
10,ohini,search,10,1,12,0,2
10,ohini,vfood,10,1,12,11,2
10,padana,attent,10,1,12,11,2
10,padana,comm,10,1,12,11,2
10,padana,pop,10,1,12,10,2
10,padana,reas,10,1,12,6,2
10,padana,search,10,1,12,0,2
10,padana,vfood,10,1,12,12,2
10,pini,attent,10,1,12,4,2
10,pini,comm,10,1,12,10,2
10,pini,pop,10,1,12,11,2
10,pini,reas,10,1,12,6,2
10,pini,search,10,1,12,1,2
10,pini,vfood,10,1,12,12,2
10,raja,attent,10,1,9,4,2
10,raja,comm,10,1,12,11,2
10,raja,pop,10,1,12,11,2
10,raja,reas,10,1,2,1,2
10,raja,search,10,1,12,0,2
10,raja,vfood,10,1,12,11,2
10,riet,attent,10,1,12,6,2
6,riet,cause,6,1,12,12,1
10,riet,comm,10,1,12,8,2
6,riet,delay,6,1,12,1,1
6,riet,gaze,6,1,8,7,1
6,riet,inference,6,1,12,10,1
10,riet,pop,10,1,2,1,2
6,riet,quant,6,1,12,11,1
10,riet,reas,10,1,12,8,2
10,riet,search,10,1,12,2,2
10,riet,vfood,10,1,12,12,2
6,robert,cause,6,1,12,1,1
6,robert,delay,6,1,12,12,1
6,robert,gaze,6,1,8,2,1
6,robert,inference,6,1,12,6,1
6,robert,quant,6,1,12,8,1
10,sandra,attent,10,1,12,12,2
6,sandra,cause,6,1,12,12,1
10,sandra,comm,10,1,7,5,2
6,sandra,delay,6,1,12,11,1
6,sandra,gaze,6,1,8,3,1
6,sandra,inference,6,1,12,12,1
10,sandra,pop,10,1,12,12,2
6,sandra,quant,6,1,12,12,1
10,sandra,reas,10,1,12,5,2
10,sandra,search,10,1,12,0,2
10,sandra,vfood,10,1,12,10,2
10,sari,attent,10,1,6,6,2
10,sari,comm,10,1,3,3,2
10,sari,pop,10,1,12,9,2
10,sari,reas,10,1,9,3,2
10,sari,search,10,1,12,0,2
10,sari,vfood,10,1,6,6,2
6,shanga,cause,6,1,12,10,1
6,shanga,delay,6,1,12,11,1
6,shanga,gaze,6,1,8,1,1
6,shanga,inference,6,1,12,3,1
10,shanga,pop,10,1,12,10,2
6,shanga,quant,6,1,12,12,1
10,shanga,reas,10,1,12,5,2
10,shanga,search,10,1,7,1,2
10,sumai,pop,10,1,7,3,2
10,sumai,reas,10,1,12,5,2
10,swela,attent,10,1,12,4,2
6,swela,cause,6,1,12,5,1
10,swela,comm,10,1,12,10,2
6,swela,delay,6,1,12,0,1
6,swela,gaze,6,1,8,0,1
6,swela,inference,6,1,12,6,1
10,swela,pop,10,1,6,2,2
6,swela,quant,6,1,12,8,1
10,swela,reas,10,1,8,1,2
10,swela,search,10,1,12,0,2
10,swela,vfood,10,1,12,11,2
10,tai,attent,10,1,12,8,2
6,tai,cause,6,1,12,6,1
10,tai,comm,10,1,12,10,2
6,tai,delay,6,1,12,12,1
6,tai,gaze,6,1,8,0,1
6,tai,inference,6,1,12,8,1
10,tai,pop,10,1,12,12,2
6,tai,quant,6,1,12,10,1
10,tai,reas,10,1,12,6,2
10,tai,search,10,1,8,0,2
10,tai,vfood,10,1,12,12,2
10,tayo,attent,10,1,12,12,2
10,tayo,comm,10,1,12,12,2
10,tayo,pop,10,1,12,5,2
10,tayo,reas,10,1,12,5,2
10,tayo,search,10,1,12,1,2
10,tayo,vfood,10,1,12,10,2
10,yaro,attent,10,1,12,12,2
10,yaro,comm,10,1,12,8,2
10,yaro,reas,10,1,12,3,2
10,yaro,search,10,1,12,0,2
10,yaro,vfood,10,1,12,11,2
10,yasa,attent,10,1,12,8,2
10,yasa,comm,10,1,12,1,2
10,yasa,pop,10,1,12,12,2
10,yasa,reas,10,1,12,5,2
10,yasa,search,10,1,12,0,2
10,yasa,vfood,10,1,12,12,2
10,youma,attent,10,1,8,3,2
6,youma,cause,6,1,12,7,1
10,youma,comm,10,1,12,7,2
6,youma,delay,6,1,12,2,1
6,youma,gaze,6,1,8,0,1
6,youma,inference,6,1,12,5,1
10,youma,pop,10,1,8,3,2
6,youma,quant,6,1,12,5,1
10,youma,reas,10,1,8,3,2
10,youma,search,10,1,8,1,2
10,youma,vfood,10,1,12,7,2
10,zira,attent,10,1,12,11,2
6,zira,cause,6,1,12,10,1
10,zira,comm,10,1,12,10,2
6,zira,delay,6,1,12,7,1
6,zira,gaze,6,1,8,1,1
6,zira,inference,6,1,12,12,1
10,zira,pop,10,1,12,12,2
6,zira,quant,6,1,12,9,1
10,zira,reas,10,1,12,9,2
10,zira,search,10,1,12,0,2
10,zira,vfood,10,1,12,10,2
7,abeeku,cause,7,1,9,8,1
7,abeeku,delay,7,1,9,5,1
7,abeeku,gaze,7,1,7,0,1
7,abeeku,inference,7,1,8,5,1
7,abeeku,quant,7,1,12,10,1
7,alex,cause,7,1,12,12,1
7,alex,delay,7,1,12,8,1
7,alex,gaze,7,1,8,0,1
7,alex,inference,7,1,12,12,1
7,alex,quant,7,1,12,10,1
7,azibo,cause,7,1,12,12,1
7,azibo,delay,7,1,12,0,1
7,azibo,gaze,7,1,8,0,1
7,azibo,inference,7,1,12,3,1
7,azibo,quant,7,1,12,9,1
7,bambari,cause,7,1,12,10,1
7,bambari,delay,7,1,12,0,1
7,bambari,gaze,7,1,8,2,1
7,bambari,inference,7,1,12,4,1
7,bambari,quant,7,1,12,11,1
7,bimbo,cause,7,1,12,12,1
7,bimbo,delay,7,1,12,12,1
7,bimbo,gaze,7,1,8,0,1
7,bimbo,inference,7,1,12,6,1
7,bimbo,quant,7,1,12,5,1
7,corrie,cause,7,1,12,6,1
7,corrie,gaze,7,1,6,0,1
7,corrie,inference,7,1,12,5,1
7,corrie,quant,7,1,7,5,1
7,daza,cause,7,1,12,9,1
7,daza,delay,7,1,12,8,1
7,daza,gaze,7,1,8,1,1
7,daza,inference,7,1,12,10,1
7,daza,quant,7,1,12,9,1
7,diara,cause,7,1,12,12,1
7,diara,delay,7,1,12,10,1
7,diara,gaze,7,1,8,0,1
7,diara,inference,7,1,12,12,1
7,diara,quant,7,1,12,7,1
7,dokana,cause,7,1,12,12,1
7,dokana,delay,7,1,12,12,1
7,dokana,gaze,7,1,8,0,1
7,dokana,inference,7,1,12,12,1
7,dokana,quant,7,1,12,12,1
7,dorien,cause,7,1,12,9,1
7,dorien,delay,7,1,12,10,1
7,dorien,gaze,7,1,8,2,1
7,dorien,inference,7,1,12,8,1
7,dorien,quant,7,1,12,12,1
7,fraukje,cause,7,1,12,12,1
7,fraukje,gaze,7,1,6,0,1
7,fraukje,inference,7,1,12,12,1
7,frederike,cause,7,1,12,11,1
7,frederike,delay,7,1,12,0,1
7,frederike,gaze,7,1,8,0,1
7,frederike,inference,7,1,12,7,1
7,frederike,quant,7,1,12,8,1
7,frodo,cause,7,1,12,12,1
7,frodo,delay,7,1,12,12,1
7,frodo,gaze,7,1,8,0,1
7,frodo,inference,7,1,12,10,1
7,frodo,quant,7,1,12,10,1
7,hope,cause,7,1,12,12,1
7,hope,delay,7,1,12,1,1
7,hope,gaze,7,1,8,1,1
7,hope,inference,7,1,12,10,1
7,hope,quant,7,1,12,11,1
7,jeudi,delay,7,1,12,1,1
7,jeudi,gaze,7,1,4,0,1
7,jeudi,quant,7,1,12,5,1
7,kianga,cause,7,1,12,8,1
7,kianga,delay,7,1,12,0,1
7,kianga,gaze,7,1,6,0,1
7,kianga,inference,7,1,12,5,1
7,kianga,quant,7,1,12,4,1
7,kibara,cause,7,1,12,12,1
7,kibara,delay,7,1,12,4,1
7,kibara,gaze,7,1,8,0,1
7,kibara,inference,7,1,12,10,1
7,kibara,quant,7,1,12,12,1
7,kio,cause,7,1,12,9,1
7,kio,delay,7,1,12,0,1
7,kio,gaze,7,1,7,0,1
7,kio,inference,7,1,12,2,1
7,kio,quant,7,1,12,7,1
7,kisha,cause,7,1,12,8,1
7,kisha,delay,7,1,12,0,1
7,kisha,gaze,7,1,8,1,1
7,kisha,inference,7,1,12,7,1
7,kisha,quant,7,1,12,8,1
7,kumili,cause,7,1,12,11,1
7,kumili,delay,7,1,12,0,1
7,kumili,gaze,7,1,8,0,1
7,kumili,inference,7,1,12,12,1
7,kumili,quant,7,1,12,9,1
7,maja,cause,7,1,12,5,1
7,maja,delay,7,1,12,0,1
7,maja,gaze,7,1,8,4,1
7,maja,inference,7,1,12,5,1
7,maja,quant,7,1,12,8,1
7,makeni,cause,7,1,12,6,1
7,makeni,delay,7,1,12,0,1
7,makeni,gaze,7,1,8,0,1
7,makeni,inference,7,1,12,6,1
7,makeni,quant,7,1,12,7,1
7,natascha,cause,7,1,12,4,1
7,natascha,gaze,7,1,6,0,1
7,natascha,inference,7,1,12,8,1
7,natascha,quant,7,1,1,1,1
7,ohini,cause,7,1,12,11,1
7,ohini,delay,7,1,12,0,1
7,ohini,gaze,7,1,8,0,1
7,ohini,inference,7,1,12,3,1
7,ohini,quant,7,1,12,6,1
7,padana,cause,7,1,12,11,1
7,padana,delay,7,1,12,6,1
7,padana,gaze,7,1,8,0,1
7,padana,inference,7,1,12,10,1
7,padana,quant,7,1,12,11,1
7,pini,cause,7,1,12,12,1
7,pini,delay,7,1,12,6,1
7,pini,gaze,7,1,8,0,1
7,pini,inference,7,1,12,11,1
7,pini,quant,7,1,12,10,1
7,raja,cause,7,1,12,12,1
7,raja,delay,7,1,12,1,1
7,raja,gaze,7,1,8,0,1
7,raja,inference,7,1,12,3,1
7,raja,quant,7,1,12,10,1
7,riet,cause,7,1,12,12,1
7,riet,delay,7,1,12,1,1
7,riet,gaze,7,1,8,6,1
7,riet,inference,7,1,12,6,1
7,riet,quant,7,1,12,12,1
7,robert,cause,7,1,12,6,1
7,robert,delay,7,1,12,6,1
7,robert,gaze,7,1,8,0,1
7,robert,inference,7,1,12,10,1
7,robert,quant,7,1,12,9,1
7,sandra,cause,7,1,12,12,1
7,sandra,delay,7,1,12,8,1
7,sandra,gaze,7,1,8,1,1
7,sandra,inference,7,1,12,12,1
7,sandra,quant,7,1,12,11,1
7,shanga,cause,7,1,12,12,1
7,shanga,delay,7,1,12,7,1
7,shanga,gaze,7,1,8,0,1
7,shanga,inference,7,1,12,3,1
7,shanga,quant,7,1,12,11,1
7,swela,cause,7,1,12,7,1
7,swela,delay,7,1,12,1,1
7,swela,gaze,7,1,8,0,1
7,swela,inference,7,1,12,2,1
7,swela,quant,7,1,12,9,1
7,tai,cause,7,1,12,7,1
7,tai,delay,7,1,12,4,1
7,tai,gaze,7,1,8,0,1
7,tai,inference,7,1,12,7,1
7,tai,quant,7,1,12,11,1
7,youma,cause,7,1,12,7,1
7,youma,delay,7,1,12,7,1
7,youma,gaze,7,1,8,0,1
7,youma,inference,7,1,12,4,1
7,youma,quant,7,1,12,7,1
7,zira,cause,7,1,12,11,1
7,zira,delay,7,1,12,10,1
7,zira,gaze,7,1,8,4,1
7,zira,inference,7,1,12,10,1
7,zira,quant,7,1,12,10,1
8,abeeku,cause,8,1,11,6,1
8,abeeku,delay,8,1,12,12,1
8,abeeku,gaze,8,1,8,0,1
8,abeeku,inference,8,1,11,4,1
8,abeeku,quant,8,1,12,11,1
8,alex,cause,8,1,12,12,1
8,alex,delay,8,1,12,8,1
8,alex,gaze,8,1,8,0,1
8,alex,inference,8,1,12,12,1
8,alex,quant,8,1,12,11,1
8,azibo,cause,8,1,12,11,1
8,azibo,delay,8,1,12,0,1
8,azibo,gaze,8,1,8,1,1
8,azibo,inference,8,1,12,1,1
8,azibo,quant,8,1,12,12,1
8,bambari,cause,8,1,12,9,1
8,bambari,delay,8,1,12,1,1
8,bambari,gaze,8,1,8,0,1
8,bambari,inference,8,1,12,5,1
8,bambari,quant,8,1,12,10,1
8,bimbo,cause,8,1,12,12,1
8,bimbo,delay,8,1,12,9,1
8,bimbo,gaze,8,1,8,0,1
8,bimbo,inference,8,1,12,7,1
8,bimbo,quant,8,1,12,6,1
8,corrie,cause,8,1,12,6,1
8,corrie,gaze,8,1,6,1,1
8,corrie,inference,8,1,12,6,1
8,daza,cause,8,1,12,9,1
8,daza,delay,8,1,12,8,1
8,daza,gaze,8,1,8,0,1
8,daza,inference,8,1,12,10,1
8,daza,quant,8,1,12,9,1
8,diara,cause,8,1,12,12,1
8,diara,delay,8,1,12,10,1
8,diara,gaze,8,1,8,0,1
8,diara,inference,8,1,12,11,1
8,diara,quant,8,1,12,6,1
8,dokana,cause,8,1,12,12,1
8,dokana,delay,8,1,12,12,1
8,dokana,gaze,8,1,8,0,1
8,dokana,inference,8,1,12,9,1
8,dokana,quant,8,1,12,10,1
8,dorien,cause,8,1,12,7,1
8,dorien,delay,8,1,12,7,1
8,dorien,gaze,8,1,8,1,1
8,dorien,inference,8,1,12,8,1
8,dorien,quant,8,1,12,10,1
8,fraukje,cause,8,1,12,12,1
8,fraukje,gaze,8,1,6,0,1
8,fraukje,inference,8,1,12,12,1
8,frederike,cause,8,1,12,10,1
8,frederike,delay,8,1,12,0,1
8,frederike,gaze,8,1,8,0,1
8,frederike,inference,8,1,12,10,1
8,frederike,quant,8,1,12,10,1
8,frodo,cause,8,1,12,12,1
8,frodo,delay,8,1,12,11,1
8,frodo,gaze,8,1,8,0,1
8,frodo,inference,8,1,12,9,1
8,frodo,quant,8,1,12,11,1
8,hope,cause,8,1,12,11,1
8,hope,delay,8,1,12,4,1
8,hope,gaze,8,1,8,1,1
8,hope,inference,8,1,12,11,1
8,hope,quant,8,1,12,10,1
8,jasongo,cause,8,1,12,9,1
8,jasongo,delay,8,1,12,0,1
8,jasongo,gaze,8,1,8,3,1
8,jasongo,inference,8,1,12,7,1
8,jasongo,quant,8,1,12,8,1
8,jeudi,cause,8,1,11,10,1
8,jeudi,delay,8,1,12,3,1
8,jeudi,gaze,8,1,6,1,1
8,jeudi,inference,8,1,9,6,1
8,jeudi,quant,8,1,12,6,1
8,kasai,cause,8,1,12,12,1
8,kasai,delay,8,1,12,0,1
8,kasai,gaze,8,1,8,0,1
8,kasai,inference,8,1,12,5,1
8,kasai,quant,8,1,12,8,1
8,kianga,cause,8,1,12,7,1
8,kianga,delay,8,1,11,0,1
8,kianga,gaze,8,1,4,0,1
8,kianga,inference,8,1,12,6,1
8,kianga,quant,8,1,12,4,1
8,kibara,cause,8,1,12,10,1
8,kibara,delay,8,1,12,7,1
8,kibara,gaze,8,1,8,0,1
8,kibara,inference,8,1,12,12,1
8,kibara,quant,8,1,12,9,1
8,kio,cause,8,1,12,7,1
8,kio,delay,8,1,12,0,1
8,kio,gaze,8,1,7,0,1
8,kio,inference,8,1,12,4,1
8,kio,quant,8,1,12,7,1
8,kisha,cause,8,1,12,9,1
8,kisha,delay,8,1,12,0,1
8,kisha,gaze,8,1,8,0,1
8,kisha,inference,8,1,12,4,1
8,kisha,quant,8,1,12,9,1
8,kumili,cause,8,1,12,12,1
8,kumili,delay,8,1,12,1,1
8,kumili,gaze,8,1,8,0,1
8,kumili,inference,8,1,12,12,1
8,kumili,quant,8,1,12,8,1
8,kuno,cause,8,1,12,12,1
8,kuno,delay,8,1,12,10,1
8,kuno,gaze,8,1,8,0,1
8,kuno,inference,8,1,12,12,1
8,kuno,quant,8,1,12,8,1
8,lexi,cause,8,1,12,12,1
8,lexi,delay,8,1,12,5,1
8,lexi,gaze,8,1,8,1,1
8,lexi,inference,8,1,12,4,1
8,lexi,quant,8,1,12,8,1
8,luiza,cause,8,1,12,11,1
8,luiza,delay,8,1,12,1,1
8,luiza,gaze,8,1,8,0,1
8,luiza,inference,8,1,12,12,1
8,luiza,quant,8,1,12,8,1
8,maja,cause,8,1,12,8,1
8,maja,delay,8,1,12,0,1
8,maja,gaze,8,1,8,2,1
8,maja,inference,8,1,12,4,1
8,maja,quant,8,1,12,7,1
8,makeni,cause,8,1,12,6,1
8,makeni,delay,8,1,12,2,1
8,makeni,gaze,8,1,8,1,1
8,makeni,inference,8,1,12,6,1
8,makeni,quant,8,1,12,6,1
8,natascha,cause,8,1,12,6,1
8,natascha,gaze,8,1,6,0,1
8,natascha,inference,8,1,12,9,1
8,natascha,quant,8,1,4,3,1
8,ohini,cause,8,1,12,8,1
8,ohini,delay,8,1,12,1,1
8,ohini,gaze,8,1,8,0,1
8,ohini,inference,8,1,12,5,1
8,ohini,quant,8,1,12,6,1
8,padana,cause,8,1,12,11,1
8,padana,delay,8,1,12,3,1
8,padana,gaze,8,1,8,0,1
8,padana,inference,8,1,12,9,1
8,padana,quant,8,1,12,11,1
8,pini,cause,8,1,12,12,1
8,pini,delay,8,1,12,10,1
8,pini,gaze,8,1,8,3,1
8,pini,inference,8,1,12,11,1
8,pini,quant,8,1,12,9,1
8,raja,cause,8,1,12,10,1
8,raja,delay,8,1,12,6,1
8,raja,gaze,8,1,8,0,1
8,raja,inference,8,1,12,5,1
8,raja,quant,8,1,12,6,1
8,riet,cause,8,1,12,10,1
8,riet,delay,8,1,12,1,1
8,riet,gaze,8,1,8,7,1
8,riet,inference,8,1,12,8,1
8,riet,quant,8,1,12,9,1
8,robert,cause,8,1,12,4,1
8,robert,gaze,8,1,6,0,1
8,robert,inference,8,1,12,8,1
8,sandra,cause,8,1,12,12,1
8,sandra,delay,8,1,12,7,1
8,sandra,gaze,8,1,8,1,1
8,sandra,inference,8,1,12,12,1
8,sandra,quant,8,1,12,12,1
8,shanga,cause,8,1,12,12,1
8,shanga,delay,8,1,12,6,1
8,shanga,gaze,8,1,8,0,1
8,shanga,inference,8,1,12,6,1
8,shanga,quant,8,1,12,12,1
8,swela,cause,8,1,12,6,1
8,swela,delay,8,1,12,0,1
8,swela,gaze,8,1,8,0,1
8,swela,inference,8,1,12,6,1
8,swela,quant,8,1,12,12,1
8,tai,cause,8,1,12,7,1
8,tai,delay,8,1,12,12,1
8,tai,gaze,8,1,8,0,1
8,tai,inference,8,1,12,11,1
8,tai,quant,8,1,12,11,1
8,yaro,cause,8,1,12,9,1
8,yaro,delay,8,1,3,0,1
8,yaro,gaze,8,1,6,0,1
8,yaro,inference,8,1,12,9,1
8,yaro,quant,8,1,12,11,1
8,yasa,cause,8,1,12,1,1
8,yasa,delay,8,1,12,11,1
8,yasa,gaze,8,1,8,0,1
8,yasa,inference,8,1,12,12,1
8,yasa,quant,8,1,12,9,1
8,youma,cause,8,1,12,6,1
8,youma,delay,8,1,12,4,1
8,youma,gaze,8,1,8,0,1
8,youma,inference,8,1,12,7,1
8,youma,quant,8,1,12,7,1
8,zira,cause,8,1,12,12,1
8,zira,delay,8,1,12,12,1
8,zira,gaze,8,1,8,2,1
8,zira,inference,8,1,12,9,1
8,zira,quant,8,1,12,10,1
9,abeeku,cause,9,1,10,6,1
9,abeeku,delay,9,1,8,8,1
9,abeeku,gaze,9,1,8,0,1
9,abeeku,inference,9,1,9,2,1
9,abeeku,quant,9,1,12,11,1
9,alex,cause,9,1,12,12,1
9,alex,delay,9,1,12,7,1
9,alex,gaze,9,1,5,2,1
9,alex,inference,9,1,12,12,1
9,alex,quant,9,1,12,11,1
9,azibo,cause,9,1,12,12,1
9,azibo,delay,9,1,12,1,1
9,azibo,gaze,9,1,8,1,1
9,azibo,inference,9,1,12,3,1
9,azibo,quant,9,1,12,8,1
9,bambari,cause,9,1,11,8,1
9,bambari,delay,9,1,12,0,1
9,bambari,gaze,9,1,6,2,1
9,bambari,inference,9,1,9,2,1
9,bambari,quant,9,1,12,11,1
9,bimbo,cause,9,1,12,12,1
9,bimbo,delay,9,1,12,7,1
9,bimbo,gaze,9,1,8,0,1
9,bimbo,inference,9,1,12,8,1
9,bimbo,quant,9,1,12,7,1
9,corrie,cause,9,1,12,9,1
9,corrie,delay,9,1,12,0,1
9,corrie,gaze,9,1,8,0,1
9,corrie,inference,9,1,12,3,1
9,corrie,quant,9,1,12,9,1
9,daza,cause,9,1,12,11,1
9,daza,delay,9,1,12,5,1
9,daza,gaze,9,1,8,0,1
9,daza,inference,9,1,12,6,1
9,daza,quant,9,1,12,9,1
9,diara,cause,9,1,12,11,1
9,diara,delay,9,1,12,10,1
9,diara,gaze,9,1,8,0,1
9,diara,inference,9,1,12,12,1
9,diara,quant,9,1,12,9,1
9,dokana,cause,9,1,12,12,1
9,dokana,delay,9,1,12,12,1
9,dokana,gaze,9,1,8,0,1
9,dokana,inference,9,1,12,10,1
9,dokana,quant,9,1,12,9,1
9,dorien,cause,9,1,12,11,1
9,dorien,delay,9,1,12,6,1
9,dorien,gaze,9,1,8,0,1
9,dorien,inference,9,1,12,5,1
9,dorien,quant,9,1,12,11,1
9,fraukje,cause,9,1,12,11,1
9,fraukje,gaze,9,1,6,0,1
9,fraukje,inference,9,1,12,12,1
9,frederike,cause,9,1,12,10,1
9,frederike,delay,9,1,12,1,1
9,frederike,gaze,9,1,8,0,1
9,frederike,inference,9,1,12,11,1
9,frederike,quant,9,1,12,10,1
9,frodo,cause,9,1,12,11,1
9,frodo,delay,9,1,12,12,1
9,frodo,gaze,9,1,8,0,1
9,frodo,inference,9,1,12,9,1
9,frodo,quant,9,1,12,11,1
9,hope,cause,9,1,12,11,1
9,hope,delay,9,1,12,3,1
9,hope,gaze,9,1,8,1,1
9,hope,inference,9,1,12,12,1
9,hope,quant,9,1,12,12,1
9,jasongo,cause,9,1,12,8,1
9,jasongo,gaze,9,1,4,3,1
9,jasongo,inference,9,1,12,6,1
9,jeudi,delay,9,1,12,6,1
9,jeudi,gaze,9,1,4,0,1
9,jeudi,quant,9,1,12,6,1
9,joey,cause,9,1,12,7,1
9,joey,gaze,9,1,4,0,1
9,joey,inference,9,1,12,3,1
9,kasai,cause,9,1,12,8,1
9,kasai,delay,9,1,12,6,1
9,kasai,gaze,9,1,7,0,1
9,kasai,inference,9,1,12,5,1
9,kasai,quant,9,1,12,6,1
9,kianga,cause,9,1,12,10,1
9,kianga,delay,9,1,12,0,1
9,kianga,gaze,9,1,8,0,1
9,kianga,inference,9,1,12,5,1
9,kianga,quant,9,1,12,7,1
9,kibara,cause,9,1,12,9,1
9,kibara,delay,9,1,12,1,1
9,kibara,gaze,9,1,8,2,1
9,kibara,inference,9,1,12,12,1
9,kibara,quant,9,1,12,9,1
9,kio,cause,9,1,12,7,1
9,kio,delay,9,1,12,0,1
9,kio,gaze,9,1,7,0,1
9,kio,inference,9,1,12,7,1
9,kio,quant,9,1,12,5,1
9,kisha,cause,9,1,12,8,1
9,kisha,delay,9,1,11,1,1
9,kisha,gaze,9,1,6,0,1
9,kisha,inference,9,1,12,5,1
9,kisha,quant,9,1,12,11,1
9,kumili,cause,9,1,12,12,1
9,kumili,delay,9,1,12,0,1
9,kumili,gaze,9,1,8,0,1
9,kumili,inference,9,1,12,12,1
9,kumili,quant,9,1,12,8,1
9,kuno,cause,9,1,12,11,1
9,kuno,delay,9,1,12,12,1
9,kuno,gaze,9,1,7,0,1
9,kuno,inference,9,1,12,12,1
9,kuno,quant,9,1,12,11,1
9,lexi,cause,9,1,12,12,1
9,lexi,delay,9,1,12,0,1
9,lexi,gaze,9,1,8,0,1
9,lexi,inference,9,1,12,6,1
9,lexi,quant,9,1,12,11,1
9,luiza,cause,9,1,12,12,1
9,luiza,delay,9,1,12,2,1
9,luiza,gaze,9,1,8,0,1
9,luiza,inference,9,1,12,10,1
9,luiza,quant,9,1,12,6,1
9,maja,cause,9,1,6,5,1
9,maja,gaze,9,1,4,3,1
9,maja,inference,9,1,6,4,1
9,maja,quant,9,1,2,2,1
9,makeni,cause,9,1,12,6,1
9,makeni,delay,9,1,12,0,1
9,makeni,gaze,9,1,8,0,1
9,makeni,inference,9,1,12,6,1
9,makeni,quant,9,1,12,6,1
9,natascha,cause,9,1,12,8,1
9,natascha,gaze,9,1,6,0,1
9,natascha,inference,9,1,12,8,1
9,natascha,quant,9,1,2,2,1
9,ohini,cause,9,1,12,9,1
9,ohini,delay,9,1,12,0,1
9,ohini,gaze,9,1,8,2,1
9,ohini,inference,9,1,12,4,1
9,ohini,quant,9,1,12,8,1
9,padana,cause,9,1,12,12,1
9,padana,delay,9,1,12,3,1
9,padana,gaze,9,1,8,0,1
9,padana,inference,9,1,12,12,1
9,padana,quant,9,1,12,11,1
9,pini,cause,9,1,12,12,1
9,pini,delay,9,1,12,10,1
9,pini,gaze,9,1,8,0,1
9,pini,inference,9,1,12,10,1
9,pini,quant,9,1,12,10,1
9,raja,cause,9,1,12,11,1
9,raja,delay,9,1,12,4,1
9,raja,gaze,9,1,8,0,1
9,raja,inference,9,1,12,8,1
9,raja,quant,9,1,12,6,1
9,riet,cause,9,1,12,11,1
9,riet,delay,9,1,12,2,1
9,riet,gaze,9,1,8,8,1
9,riet,inference,9,1,12,10,1
9,riet,quant,9,1,12,11,1
9,robert,cause,9,1,12,4,1
9,robert,delay,9,1,12,7,1
9,robert,gaze,9,1,8,0,1
9,robert,inference,9,1,12,10,1
9,robert,quant,9,1,12,11,1
9,sandra,cause,9,1,12,12,1
9,sandra,delay,9,1,12,9,1
9,sandra,gaze,9,1,8,4,1
9,sandra,inference,9,1,12,12,1
9,sandra,quant,9,1,12,11,1
9,shanga,cause,9,1,12,12,1
9,shanga,delay,9,1,12,7,1
9,shanga,gaze,9,1,8,0,1
9,shanga,inference,9,1,12,8,1
9,shanga,quant,9,1,12,11,1
9,swela,cause,9,1,12,6,1
9,swela,delay,9,1,12,0,1
9,swela,gaze,9,1,8,0,1
9,swela,inference,9,1,12,5,1
9,swela,quant,9,1,12,12,1
9,tai,cause,9,1,12,7,1
9,tai,delay,9,1,12,10,1
9,tai,gaze,9,1,8,0,1
9,tai,inference,9,1,12,7,1
9,tai,quant,9,1,12,12,1
9,yaro,cause,9,1,12,10,1
9,yaro,delay,9,1,12,2,1
9,yaro,gaze,9,1,6,0,1
9,yaro,inference,9,1,12,7,1
9,yaro,quant,9,1,12,8,1
9,yasa,cause,9,1,12,2,1
9,yasa,delay,9,1,12,3,1
9,yasa,gaze,9,1,8,1,1
9,yasa,inference,9,1,12,10,1
9,yasa,quant,9,1,12,10,1
9,youma,cause,9,1,12,5,1
9,youma,delay,9,1,12,6,1
9,youma,gaze,9,1,8,0,1
9,youma,inference,9,1,12,6,1
9,youma,quant,9,1,12,6,1
9,zira,cause,9,1,12,11,1
9,zira,delay,9,1,12,8,1
9,zira,gaze,9,1,8,3,1
9,zira,inference,9,1,12,11,1
9,zira,quant,9,1,12,11,1
10,abeeku,cause,10,1,12,11,1
10,abeeku,delay,10,1,12,12,1
10,abeeku,gaze,10,1,7,1,1
10,abeeku,inference,10,1,12,6,1
10,abeeku,quant,10,1,12,12,1
10,alex,cause,10,1,12,11,1
10,alex,delay,10,1,12,6,1
10,alex,gaze,10,1,8,3,1
10,alex,inference,10,1,12,12,1
10,alex,quant,10,1,12,11,1
10,azibo,cause,10,1,12,12,1
10,azibo,delay,10,1,12,0,1
10,azibo,gaze,10,1,8,0,1
10,azibo,inference,10,1,12,2,1
10,azibo,quant,10,1,12,11,1
10,bambari,cause,10,1,12,6,1
10,bambari,delay,10,1,12,1,1
10,bambari,gaze,10,1,8,0,1
10,bambari,inference,10,1,12,5,1
10,bambari,quant,10,1,12,10,1
10,bimbo,cause,10,1,12,12,1
10,bimbo,delay,10,1,12,8,1
10,bimbo,gaze,10,1,8,0,1
10,bimbo,inference,10,1,12,9,1
10,bimbo,quant,10,1,12,8,1
10,corrie,cause,10,1,12,6,1
10,corrie,delay,10,1,12,0,1
10,corrie,gaze,10,1,8,0,1
10,corrie,inference,10,1,12,6,1
10,corrie,quant,10,1,12,10,1
10,daza,cause,10,1,12,8,1
10,daza,delay,10,1,12,2,1
10,daza,gaze,10,1,7,0,1
10,daza,inference,10,1,12,10,1
10,daza,quant,10,1,12,8,1
10,diara,cause,10,1,12,11,1
10,diara,delay,10,1,12,11,1
10,diara,gaze,10,1,8,0,1
10,diara,inference,10,1,12,12,1
10,diara,quant,10,1,12,6,1
10,dokana,cause,10,1,12,12,1
10,dokana,delay,10,1,12,11,1
10,dokana,gaze,10,1,8,0,1
10,dokana,inference,10,1,12,9,1
10,dokana,quant,10,1,12,11,1
10,dorien,cause,10,1,12,8,1
10,dorien,delay,10,1,12,12,1
10,dorien,gaze,10,1,8,0,1
10,dorien,inference,10,1,12,4,1
10,dorien,quant,10,1,12,12,1
10,fraukje,cause,10,1,12,12,1
10,fraukje,gaze,10,1,6,1,1
10,fraukje,inference,10,1,12,12,1
10,frederike,cause,10,1,12,12,1
10,frederike,delay,10,1,12,1,1
10,frederike,gaze,10,1,8,0,1
10,frederike,inference,10,1,12,12,1
10,frederike,quant,10,1,12,9,1
10,frodo,cause,10,1,12,12,1
10,frodo,delay,10,1,12,12,1
10,frodo,gaze,10,1,8,0,1
10,frodo,inference,10,1,12,8,1
10,frodo,quant,10,1,12,11,1
10,hope,cause,10,1,12,10,1
10,hope,delay,10,1,12,5,1
10,hope,gaze,10,1,8,2,1
10,hope,inference,10,1,12,12,1
10,hope,quant,10,1,12,11,1
10,jasongo,cause,10,1,12,11,1
10,jasongo,gaze,10,1,4,3,1
10,jasongo,inference,10,1,12,6,1
10,jeudi,cause,10,1,12,12,1
10,jeudi,delay,10,1,12,1,1
10,jeudi,gaze,10,1,8,0,1
10,jeudi,inference,10,1,12,9,1
10,jeudi,quant,10,1,12,6,1
10,joey,cause,10,1,12,11,1
10,joey,gaze,10,1,4,0,1
10,joey,inference,10,1,12,4,1
10,kasai,cause,10,1,12,8,1
10,kasai,delay,10,1,12,5,1
10,kasai,gaze,10,1,8,0,1
10,kasai,inference,10,1,12,5,1
10,kasai,quant,10,1,12,9,1
10,kianga,cause,10,1,12,9,1
10,kianga,delay,10,1,12,0,1
10,kianga,gaze,10,1,8,0,1
10,kianga,inference,10,1,12,0,1
10,kianga,quant,10,1,12,5,1
10,kibara,cause,10,1,12,10,1
10,kibara,delay,10,1,12,6,1
10,kibara,gaze,10,1,8,0,1
10,kibara,inference,10,1,12,12,1
10,kibara,quant,10,1,12,9,1
10,kio,cause,10,1,12,8,1
10,kio,delay,10,1,12,0,1
10,kio,gaze,10,1,7,0,1
10,kio,inference,10,1,12,4,1
10,kio,quant,10,1,12,6,1
10,kisha,cause,10,1,12,8,1
10,kisha,delay,10,1,12,1,1
10,kisha,gaze,10,1,8,0,1
10,kisha,inference,10,1,12,7,1
10,kisha,quant,10,1,12,10,1
10,kumili,cause,10,1,12,11,1
10,kumili,delay,10,1,12,0,1
10,kumili,gaze,10,1,6,0,1
10,kumili,inference,10,1,12,12,1
10,kumili,quant,10,1,12,8,1
10,kuno,cause,10,1,12,11,1
10,kuno,delay,10,1,12,12,1
10,kuno,gaze,10,1,5,0,1
10,kuno,inference,10,1,12,12,1
10,kuno,quant,10,1,12,11,1
10,lexi,cause,10,1,12,10,1
10,lexi,delay,10,1,12,2,1
10,lexi,gaze,10,1,4,0,1
10,lexi,inference,10,1,12,9,1
10,lexi,quant,10,1,12,11,1
10,luiza,cause,10,1,12,12,1
10,luiza,delay,10,1,12,2,1
10,luiza,gaze,10,1,8,0,1
10,luiza,inference,10,1,12,8,1
10,luiza,quant,10,1,12,12,1
10,maja,cause,10,1,12,10,1
10,maja,delay,10,1,12,0,1
10,maja,gaze,10,1,8,2,1
10,maja,inference,10,1,12,6,1
10,maja,quant,10,1,12,7,1
10,makeni,cause,10,1,12,6,1
10,makeni,delay,10,1,12,1,1
10,makeni,gaze,10,1,8,0,1
10,makeni,inference,10,1,12,6,1
10,makeni,quant,10,1,12,6,1
10,natascha,cause,10,1,12,5,1
10,natascha,gaze,10,1,6,1,1
10,natascha,inference,10,1,12,10,1
10,natascha,quant,10,1,1,1,1
10,ohini,cause,10,1,12,12,1
10,ohini,delay,10,1,12,0,1
10,ohini,gaze,10,1,8,0,1
10,ohini,inference,10,1,12,1,1
10,ohini,quant,10,1,12,10,1
10,padana,cause,10,1,12,12,1
10,padana,delay,10,1,12,0,1
10,padana,gaze,10,1,8,0,1
10,padana,inference,10,1,12,10,1
10,padana,quant,10,1,12,10,1
10,pini,cause,10,1,12,12,1
10,pini,delay,10,1,12,3,1
10,pini,gaze,10,1,8,0,1
10,pini,inference,10,1,12,12,1
10,pini,quant,10,1,12,11,1
10,raja,cause,10,1,12,9,1
10,raja,delay,10,1,12,0,1
10,raja,gaze,10,1,8,0,1
10,raja,inference,10,1,12,8,1
10,raja,quant,10,1,12,8,1
10,riet,cause,10,1,12,11,1
10,riet,delay,10,1,12,1,1
10,riet,gaze,10,1,8,8,1
10,riet,inference,10,1,12,6,1
10,riet,quant,10,1,12,11,1
10,robert,cause,10,1,12,4,1
10,robert,gaze,10,1,6,0,1
10,robert,inference,10,1,12,9,1
10,sandra,cause,10,1,12,12,1
10,sandra,delay,10,1,12,12,1
10,sandra,gaze,10,1,8,1,1
10,sandra,inference,10,1,12,12,1
10,sandra,quant,10,1,12,12,1
10,shanga,cause,10,1,12,12,1
10,shanga,delay,10,1,12,10,1
10,shanga,gaze,10,1,8,0,1
10,shanga,inference,10,1,12,8,1
10,shanga,quant,10,1,12,12,1
10,swela,cause,10,1,12,6,1
10,swela,delay,10,1,12,0,1
10,swela,gaze,10,1,8,1,1
10,swela,inference,10,1,12,6,1
10,swela,quant,10,1,12,11,1
10,tai,cause,10,1,12,7,1
10,tai,delay,10,1,12,12,1
10,tai,gaze,10,1,8,0,1
10,tai,inference,10,1,12,9,1
10,tai,quant,10,1,12,12,1
10,yaro,cause,10,1,12,7,1
10,yaro,delay,10,1,12,0,1
10,yaro,gaze,10,1,4,0,1
10,yaro,inference,10,1,12,8,1
10,yaro,quant,10,1,12,8,1
10,yasa,cause,10,1,12,2,1
10,yasa,delay,10,1,12,1,1
10,yasa,gaze,10,1,8,0,1
10,yasa,inference,10,1,12,12,1
10,yasa,quant,10,1,12,12,1
10,youma,cause,10,1,12,6,1
10,youma,delay,10,1,12,2,1
10,youma,gaze,10,1,8,0,1
10,youma,inference,10,1,12,7,1
10,youma,quant,10,1,12,6,1
10,zira,cause,10,1,12,8,1
10,zira,delay,10,1,12,11,1
10,zira,gaze,10,1,8,6,1
10,zira,inference,10,1,12,11,1
10,zira,quant,10,1,12,7,1
