group,time_point,date,subject,task,trial,pick,code,code_reli,match_code
a_chimp,3,20220904,azibo,visible_food,1,3,1,1,1
a_chimp,3,20220904,azibo,visible_food,2,1,1,1,1
a_chimp,3,20220904,azibo,visible_food,3,3,1,1,1
a_chimp,3,20220904,azibo,visible_food,4,1,1,1,1
a_chimp,3,20220904,azibo,visible_food,5,3,1,1,1
a_chimp,3,20220904,azibo,visible_food,6,1,1,1,1
a_chimp,3,20220904,azibo,visible_food,7,3,1,1,1
a_chimp,3,20220904,azibo,visible_food,8,3,1,1,1
a_chimp,3,20220904,azibo,visible_food,9,1,1,1,1
a_chimp,3,20220904,azibo,visible_food,10,1,1,1,1
a_chimp,3,20220904,azibo,visible_food,11,3,1,1,1
a_chimp,3,20220904,azibo,visible_food,12,1,1,1,1
a_chimp,4,20221027,ohini,population,1,1,1,1,1
a_chimp,4,20221027,ohini,population,2,3,0,0,1
a_chimp,4,20221027,ohini,population,3,3,1,1,1
a_chimp,4,20221027,ohini,population,4,1,1,1,1
a_chimp,4,20221027,ohini,population,5,3,1,1,1
a_chimp,4,20221027,ohini,population,6,3,1,1,1
a_chimp,4,20221027,ohini,population,7,3,0,0,1
a_chimp,4,20221027,ohini,population,8,3,1,1,1
a_chimp,4,20221027,ohini,population,9,3,1,1,1
a_chimp,4,20221027,ohini,population,10,1,1,1,1
a_chimp,4,20221027,ohini,population,11,3,1,1,1
a_chimp,4,20221027,ohini,population,12,3,0,0,1
a_chimp,4,20221027,ohini,reasoning,1,3,1,1,1
a_chimp,4,20221027,ohini,reasoning,2,3,0,0,1
a_chimp,4,20221027,ohini,reasoning,3,3,0,0,1
a_chimp,4,20221027,ohini,reasoning,4,3,1,1,1
a_chimp,4,20221027,ohini,reasoning,5,3,0,0,1
a_chimp,4,20221027,ohini,reasoning,6,3,0,0,1
a_chimp,4,20221027,ohini,reasoning,7,3,1,1,1
a_chimp,4,20221027,ohini,reasoning,8,3,1,1,1
a_chimp,4,20221027,ohini,reasoning,9,3,0,0,1
a_chimp,4,20221027,ohini,reasoning,10,3,1,1,1
a_chimp,4,20221027,ohini,reasoning,11,3,1,1,1
a_chimp,4,20221027,ohini,reasoning,12,3,0,0,1
a_chimp,4,20221028,ohini,communication,1,1,1,1,1
a_chimp,4,20221028,ohini,communication,2,1,1,1,1
a_chimp,4,20221028,ohini,communication,3,2,1,1,1
a_chimp,4,20221028,ohini,communication,4,2,1,1,1
a_chimp,4,20221028,ohini,communication,5,3,1,1,1
a_chimp,4,20221028,ohini,communication,6,1,1,1,1
a_chimp,4,20221028,ohini,communication,7,1,1,1,1
a_chimp,4,20221028,ohini,communication,8,3,1,1,1
a_chimp,4,20221028,ohini,communication,9,2,1,1,1
a_chimp,4,20221028,ohini,communication,10,3,1,1,1
a_chimp,4,20221028,ohini,communication,11,2,1,1,1
a_chimp,4,20221028,ohini,communication,12,3,1,1,1
a_chimp,4,20221028,ohini,visible_food,1,3,1,1,1
a_chimp,4,20221028,ohini,visible_food,2,1,1,1,1
a_chimp,4,20221028,ohini,visible_food,3,3,1,1,1
a_chimp,4,20221028,ohini,visible_food,4,1,1,1,1
a_chimp,4,20221028,ohini,visible_food,5,3,1,1,1
a_chimp,4,20221028,ohini,visible_food,6,1,1,1,1
a_chimp,4,20221028,ohini,visible_food,7,3,1,1,1
a_chimp,4,20221028,ohini,visible_food,8,3,1,1,1
a_chimp,4,20221028,ohini,visible_food,9,1,1,1,1
a_chimp,4,20221028,ohini,visible_food,10,1,1,1,1
a_chimp,4,20221028,ohini,visible_food,11,3,1,1,1
a_chimp,4,20221028,ohini,visible_food,12,1,1,1,1
a_chimp,4,20221030,ohini,inhibit_searched,1,NA,0,0,1
a_chimp,4,20221030,ohini,inhibit_searched,2,NA,0,0,1
a_chimp,4,20221030,ohini,inhibit_searched,3,NA,0,0,1
a_chimp,4,20221030,ohini,inhibit_searched,4,NA,0,0,1
a_chimp,4,20221030,ohini,inhibit_searched,5,NA,0,0,1
a_chimp,4,20221030,ohini,inhibit_searched,6,NA,0,0,1
a_chimp,4,20221030,ohini,inhibit_searched,7,NA,0,0,1
a_chimp,4,20221030,ohini,inhibit_searched,8,NA,0,0,1
a_chimp,4,20221030,ohini,inhibit_searched,9,NA,0,0,1
a_chimp,4,20221030,ohini,inhibit_searched,10,NA,0,0,1
a_chimp,4,20221030,ohini,inhibit_searched,11,NA,0,0,1
a_chimp,4,20221030,ohini,inhibit_searched,12,NA,0,0,1
a_chimp,4,20221030,ohini,attention,1,3,1,1,1
a_chimp,4,20221030,ohini,attention,2,1,1,1,1
a_chimp,4,20221030,ohini,attention,3,1,0,0,1
a_chimp,4,20221030,ohini,attention,4,1,1,1,1
a_chimp,4,20221030,ohini,attention,5,1,1,1,1
a_chimp,4,20221030,ohini,attention,6,1,0,0,1
a_chimp,4,20221030,ohini,attention,7,1,1,1,1
a_chimp,4,20221030,ohini,attention,8,3,1,1,1
a_chimp,4,20221030,ohini,attention,9,3,0,0,1
a_chimp,4,20221030,ohini,attention,10,3,1,1,1
a_chimp,4,20221030,ohini,attention,11,3,1,1,1
a_chimp,4,20221030,ohini,attention,12,3,0,0,1
a_chimp,4,20221027,kisha,population,1,1,1,1,1
a_chimp,4,20221027,kisha,population,2,1,1,1,1
a_chimp,4,20221027,kisha,population,3,1,0,0,1
a_chimp,4,20221027,kisha,population,4,1,1,1,1
a_chimp,4,20221027,kisha,population,5,1,0,0,1
a_chimp,4,20221027,kisha,population,6,3,1,1,1
a_chimp,4,20221027,kisha,population,7,3,0,0,1
a_chimp,4,20221027,kisha,population,8,1,0,0,1
a_chimp,4,20221027,kisha,population,9,1,0,0,1
a_chimp,4,20221027,kisha,population,10,3,0,0,1
a_chimp,4,20221027,kisha,population,11,3,1,1,1
a_chimp,4,20221027,kisha,population,12,3,0,0,1
a_chimp,4,20221027,kisha,reasoning,1,3,1,1,1
a_chimp,4,20221027,kisha,reasoning,2,3,0,0,1
a_chimp,4,20221027,kisha,reasoning,3,1,1,1,1
a_chimp,4,20221027,kisha,reasoning,4,1,0,0,1
a_chimp,4,20221027,kisha,reasoning,5,1,1,1,1
a_chimp,4,20221027,kisha,reasoning,6,1,1,1,1
a_chimp,4,20221027,kisha,reasoning,7,1,0,0,1
a_chimp,4,20221027,kisha,reasoning,8,1,0,0,1
a_chimp,4,20221027,kisha,reasoning,9,1,1,1,1
a_chimp,4,20221027,kisha,reasoning,10,1,0,0,1
a_chimp,4,20221027,kisha,reasoning,11,1,0,0,1
a_chimp,4,20221027,kisha,reasoning,12,1,1,1,1
a_chimp,4,20221028,kisha,communication,1,1,1,1,1
a_chimp,4,20221028,kisha,communication,2,2,0,0,1
a_chimp,4,20221028,kisha,communication,3,2,1,1,1
a_chimp,4,20221028,kisha,communication,4,1,0,0,1
a_chimp,4,20221028,kisha,visible_food,1,1,0,0,1
a_chimp,4,20221028,kisha,visible_food,2,3,0,0,1
a_chimp,4,20221030,kisha,inhibit_searched,1,NA,1,1,1
a_chimp,4,20221030,kisha,inhibit_searched,2,NA,1,1,1
a_chimp,4,20221030,kisha,inhibit_searched,3,NA,1,1,1
a_chimp,4,20221030,kisha,inhibit_searched,4,NA,0,0,1
a_chimp,4,20221030,kisha,inhibit_searched,5,NA,0,0,1
a_chimp,4,20221030,kisha,inhibit_searched,6,NA,1,1,1
a_chimp,4,20221030,kisha,inhibit_searched,7,NA,1,1,1
a_chimp,4,20221030,kisha,inhibit_searched,8,NA,0,0,1
a_chimp,4,20221030,kisha,inhibit_searched,9,NA,1,1,1
a_chimp,4,20221030,kisha,inhibit_searched,10,NA,1,1,1
a_chimp,4,20221030,kisha,inhibit_searched,11,NA,0,0,1
a_chimp,4,20221030,kisha,inhibit_searched,12,NA,0,0,1
a_chimp,4,20221030,kisha,attention,1,3,1,1,1
a_chimp,4,20221030,kisha,attention,2,3,0,0,1
a_chimp,4,20221030,kisha,attention,3,3,1,1,1
a_chimp,4,20221030,kisha,attention,4,3,0,0,1
a_chimp,4,20221030,kisha,attention,5,3,0,0,1
a_chimp,4,20221030,kisha,attention,6,3,1,1,1
a_chimp,4,20221030,kisha,attention,7,3,0,0,1
a_chimp,4,20221030,kisha,attention,8,3,1,1,1
a_chimp,4,20221030,kisha,attention,9,3,0,0,1
a_chimp,4,20221030,kisha,attention,10,3,1,1,1
a_chimp,4,20221030,kisha,attention,11,3,1,1,1
a_chimp,4,20221030,kisha,attention,12,3,0,0,1
a_chimp,4,20221027,maja,reasoning,1,3,1,1,1
a_chimp,4,20221027,maja,reasoning,2,1,1,1,1
a_chimp,4,20221027,maja,reasoning,3,1,1,1,1
a_chimp,4,20221027,maja,reasoning,4,1,0,0,1
a_chimp,4,20221027,maja,reasoning,5,1,1,1,1
a_chimp,4,20221028,maja,communication,1,1,1,1,1
a_chimp,4,20221028,maja,communication,2,1,1,1,1
a_chimp,4,20221028,maja,communication,3,1,0,0,1
a_chimp,4,20221028,maja,communication,4,2,1,1,1
a_chimp,4,20221028,maja,communication,5,3,1,1,1
a_chimp,4,20221028,maja,communication,6,1,1,1,1
a_chimp,4,20221028,maja,communication,7,1,1,1,1
a_chimp,4,20221028,maja,visible_food,1,3,1,1,1
a_chimp,4,20221028,maja,visible_food,2,1,1,1,1
a_chimp,4,20221028,maja,visible_food,3,3,1,1,1
a_chimp,4,20221028,maja,visible_food,4,1,1,1,1
a_chimp,4,20221028,maja,visible_food,5,3,1,1,1
a_chimp,4,20221028,maja,visible_food,6,1,1,1,1
a_chimp,4,20221028,maja,visible_food,7,3,1,1,1
a_chimp,4,20221028,maja,visible_food,8,3,1,1,1
a_chimp,4,20221028,maja,visible_food,9,1,1,1,1
a_chimp,4,20221028,maja,visible_food,10,1,1,1,1
a_chimp,4,20221028,maja,visible_food,11,3,1,1,1
a_chimp,4,20221028,maja,visible_food,12,1,1,1,1
a_chimp,4,20221030,maja,attention,1,1,0,0,1
a_chimp,4,20221030,maja,attention,2,1,1,1,1
a_chimp,4,20221030,maja,attention,3,3,1,1,1
a_chimp,4,20221030,maja,attention,4,1,1,1,1
a_chimp,4,20221030,maja,attention,5,1,1,1,1
a_chimp,4,20221030,maja,attention,6,3,1,1,1
a_chimp,4,20221030,maja,attention,7,1,1,1,1
a_chimp,4,20221030,maja,attention,8,1,0,0,1
a_chimp,4,20221030,maja,attention,9,1,1,1,1
a_chimp,4,20221030,maja,attention,10,3,1,1,1
a_chimp,4,20221030,maja,attention,11,3,1,1,1
a_chimp,4,20221030,maja,attention,12,1,1,1,1
a_chimp,4,20221027,corrie,population,1,1,1,1,1
a_chimp,4,20221027,corrie,population,2,1,1,1,1
a_chimp,4,20221027,corrie,population,3,3,1,1,1
a_chimp,4,20221027,corrie,population,4,3,0,0,1
a_chimp,4,20221027,corrie,population,5,3,1,1,1
a_chimp,4,20221027,corrie,population,6,3,1,1,1
a_chimp,4,20221027,corrie,population,7,1,1,1,1
a_chimp,4,20221027,corrie,population,8,3,1,1,1
a_chimp,4,20221027,corrie,population,9,3,1,1,1
a_chimp,4,20221027,corrie,population,10,1,1,1,1
a_chimp,4,20221027,corrie,population,11,3,1,1,1
a_chimp,4,20221027,corrie,population,12,3,0,0,1
a_chimp,4,20221027,corrie,reasoning,1,1,0,0,1
a_chimp,4,20221027,corrie,reasoning,2,3,0,0,1
a_chimp,4,20221027,corrie,reasoning,3,1,1,1,1
a_chimp,4,20221027,corrie,reasoning,4,1,0,0,1
a_chimp,4,20221027,corrie,reasoning,5,1,1,1,1
a_chimp,4,20221027,corrie,reasoning,6,3,0,0,1
a_chimp,4,20221027,corrie,reasoning,7,1,0,0,1
a_chimp,4,20221027,corrie,reasoning,8,1,0,0,1
a_chimp,4,20221027,corrie,reasoning,9,1,1,1,1
a_chimp,4,20221027,corrie,reasoning,10,1,0,0,1
a_chimp,4,20221027,corrie,reasoning,11,3,1,1,1
a_chimp,4,20221027,corrie,reasoning,12,3,0,0,1
a_chimp,4,20221028,corrie,communication,1,1,1,1,1
a_chimp,4,20221028,corrie,communication,2,2,0,0,1
a_chimp,4,20221028,corrie,communication,3,2,1,1,1
a_chimp,4,20221028,corrie,communication,4,2,1,1,1
a_chimp,4,20221028,corrie,communication,5,3,1,1,1
a_chimp,4,20221028,corrie,communication,6,2,0,0,1
a_chimp,4,20221028,corrie,communication,7,2,0,0,1
a_chimp,4,20221028,corrie,communication,8,3,1,1,1
a_chimp,4,20221028,corrie,communication,9,2,1,1,1
a_chimp,4,20221028,corrie,communication,10,3,1,1,1
a_chimp,4,20221028,corrie,communication,11,2,1,1,1
a_chimp,4,20221028,corrie,communication,12,3,1,1,1
a_chimp,4,20221028,corrie,visible_food,1,1,0,0,1
a_chimp,4,20221028,corrie,visible_food,2,3,0,0,1
a_chimp,4,20221028,corrie,visible_food,3,3,1,1,1
a_chimp,4,20221028,corrie,visible_food,4,3,0,0,1
a_chimp,4,20221028,corrie,visible_food,5,3,1,1,1
a_chimp,4,20221028,corrie,visible_food,6,1,1,1,1
a_chimp,4,20221028,corrie,visible_food,7,3,1,1,1
a_chimp,4,20221028,corrie,visible_food,8,3,1,1,1
a_chimp,4,20221028,corrie,visible_food,9,1,1,1,1
a_chimp,4,20221028,corrie,visible_food,10,1,1,1,1
a_chimp,4,20221028,corrie,visible_food,11,3,1,1,1
a_chimp,4,20221028,corrie,visible_food,12,1,1,1,1
a_chimp,4,20221030,corrie,inhibit_searched,1,NA,2,2,1
a_chimp,4,20221030,corrie,inhibit_searched,2,NA,1,1,1
a_chimp,4,20221030,corrie,inhibit_searched,3,NA,1,1,1
a_chimp,4,20221030,corrie,inhibit_searched,4,NA,1,1,1
a_chimp,4,20221030,corrie,inhibit_searched,5,NA,1,1,1
a_chimp,4,20221030,corrie,inhibit_searched,6,NA,1,1,1
a_chimp,4,20221030,corrie,inhibit_searched,7,NA,0,0,1
a_chimp,4,20221030,corrie,inhibit_searched,8,NA,0,0,1
a_chimp,4,20221030,corrie,inhibit_searched,9,NA,0,0,1
a_chimp,4,20221030,corrie,inhibit_searched,10,NA,0,1,0
a_chimp,4,20221030,corrie,inhibit_searched,11,NA,0,0,1
a_chimp,4,20221030,corrie,inhibit_searched,12,NA,0,0,1
a_chimp,4,20221030,corrie,attention,1,1,0,0,1
a_chimp,4,20221030,corrie,attention,2,1,1,1,1
a_chimp,4,20221030,corrie,attention,3,3,1,1,1
a_chimp,4,20221030,corrie,attention,4,1,1,1,1
a_chimp,4,20221030,corrie,attention,5,1,1,1,1
a_chimp,4,20221030,corrie,attention,6,3,1,1,1
a_chimp,4,20221030,corrie,attention,7,1,1,1,1
a_chimp,4,20221030,corrie,attention,8,3,1,1,1
a_chimp,4,20221030,corrie,attention,9,1,1,1,1
a_chimp,4,20221030,corrie,attention,10,3,1,1,1
a_chimp,4,20221030,corrie,attention,11,3,1,1,1
a_chimp,4,20221030,corrie,attention,12,1,1,1,1
a_chimp,4,20221027,makeni,population,1,3,0,0,1
a_chimp,4,20221027,makeni,population,2,3,0,0,1
a_chimp,4,20221027,makeni,population,3,3,1,1,1
a_chimp,4,20221027,makeni,population,4,1,1,1,1
a_chimp,4,20221027,makeni,population,5,3,1,1,1
a_chimp,4,20221027,makeni,population,6,1,0,0,1
a_chimp,4,20221027,makeni,population,7,3,0,0,1
a_chimp,4,20221027,makeni,population,8,3,1,1,1
a_chimp,4,20221027,makeni,population,9,1,0,0,1
a_chimp,4,20221027,makeni,population,10,3,0,0,1
a_chimp,4,20221027,makeni,population,11,1,0,0,1
a_chimp,4,20221027,makeni,population,12,1,1,1,1
a_chimp,4,20221027,makeni,reasoning,1,1,0,0,1
a_chimp,4,20221027,makeni,reasoning,2,3,0,0,1
a_chimp,4,20221027,makeni,reasoning,3,3,0,0,1
a_chimp,4,20221027,makeni,reasoning,4,3,1,1,1
a_chimp,4,20221027,makeni,reasoning,5,3,0,0,1
a_chimp,4,20221027,makeni,reasoning,6,3,0,0,1
a_chimp,4,20221027,makeni,reasoning,7,1,0,0,1
a_chimp,4,20221027,makeni,reasoning,8,3,1,1,1
a_chimp,4,20221027,makeni,reasoning,9,3,0,0,1
a_chimp,4,20221027,makeni,reasoning,10,3,1,1,1
a_chimp,4,20221027,makeni,reasoning,11,3,1,1,1
a_chimp,4,20221027,makeni,reasoning,12,3,0,0,1
a_chimp,4,20221028,makeni,communication,1,3,0,0,1
a_chimp,4,20221028,makeni,communication,2,3,0,0,1
a_chimp,4,20221028,makeni,communication,3,3,0,0,1
a_chimp,4,20221028,makeni,communication,4,2,1,1,1
a_chimp,4,20221028,makeni,communication,5,3,1,1,1
a_chimp,4,20221028,makeni,communication,6,3,0,0,1
a_chimp,4,20221028,makeni,communication,7,3,0,0,1
a_chimp,4,20221028,makeni,communication,8,3,1,1,1
a_chimp,4,20221028,makeni,communication,9,3,0,0,1
a_chimp,4,20221028,makeni,communication,10,3,1,1,1
a_chimp,4,20221028,makeni,communication,11,3,0,0,1
a_chimp,4,20221028,makeni,communication,12,3,1,1,1
a_chimp,4,20221028,makeni,visible_food,1,3,1,1,1
a_chimp,4,20221028,makeni,visible_food,2,3,0,0,1
a_chimp,4,20221028,makeni,visible_food,3,3,1,1,1
a_chimp,4,20221028,makeni,visible_food,4,3,0,0,1
a_chimp,4,20221028,makeni,visible_food,5,3,1,1,1
a_chimp,4,20221028,makeni,visible_food,6,3,0,0,1
a_chimp,4,20221028,makeni,visible_food,7,3,1,1,1
a_chimp,4,20221028,makeni,visible_food,8,3,1,1,1
a_chimp,4,20221028,makeni,visible_food,9,1,1,1,1
a_chimp,4,20221028,makeni,visible_food,10,1,1,1,1
a_chimp,4,20221028,makeni,visible_food,11,3,1,1,1
a_chimp,4,20221028,makeni,visible_food,12,1,1,1,1
a_chimp,4,20221030,makeni,inhibit_searched,1,NA,1,1,1
a_chimp,4,20221030,makeni,inhibit_searched,2,NA,1,1,1
a_chimp,4,20221030,makeni,inhibit_searched,3,NA,1,1,1
a_chimp,4,20221030,makeni,inhibit_searched,4,NA,1,1,1
a_chimp,4,20221030,makeni,inhibit_searched,5,NA,1,1,1
a_chimp,4,20221030,makeni,inhibit_searched,6,NA,1,1,1
a_chimp,4,20221030,makeni,inhibit_searched,7,NA,1,1,1
a_chimp,4,20221030,makeni,inhibit_searched,8,NA,1,1,1
a_chimp,4,20221030,makeni,inhibit_searched,9,NA,1,1,1
a_chimp,4,20221030,makeni,inhibit_searched,10,NA,1,1,1
a_chimp,4,20221030,makeni,inhibit_searched,11,NA,1,1,1
a_chimp,4,20221030,makeni,inhibit_searched,12,NA,1,1,1
a_chimp,4,20221030,makeni,attention,1,3,1,1,1
a_chimp,4,20221030,makeni,attention,2,3,0,0,1
a_chimp,4,20221030,makeni,attention,3,3,1,1,1
a_chimp,4,20221030,makeni,attention,4,3,0,0,1
a_chimp,4,20221030,makeni,attention,5,3,0,0,1
a_chimp,4,20221030,makeni,attention,6,3,1,1,1
a_chimp,4,20221030,makeni,attention,7,3,0,0,1
a_chimp,4,20221030,makeni,attention,8,3,1,1,1
a_chimp,4,20221030,makeni,attention,9,3,0,0,1
a_chimp,4,20221030,makeni,attention,10,3,1,1,1
a_chimp,4,20221030,makeni,attention,11,3,1,1,1
a_chimp,4,20221030,makeni,attention,12,3,0,0,1
a_chimp,4,20221027,youma,population,1,1,1,1,1
a_chimp,4,20221027,youma,population,2,3,0,0,1
a_chimp,4,20221027,youma,population,3,1,0,0,1
a_chimp,4,20221027,youma,population,4,3,0,0,1
a_chimp,4,20221027,youma,population,5,3,1,0,0
a_chimp,4,20221027,youma,population,6,3,1,1,1
a_chimp,4,20221027,youma,population,7,1,1,1,1
a_chimp,4,20221027,youma,population,8,1,0,0,1
a_chimp,4,20221027,youma,population,9,3,1,1,1
a_chimp,4,20221027,youma,population,10,1,1,1,1
a_chimp,4,20221027,youma,population,11,3,1,1,1
a_chimp,4,20221027,youma,population,12,3,0,0,1
a_chimp,4,20221027,youma,reasoning,1,1,0,0,1
a_chimp,4,20221027,youma,reasoning,2,1,1,1,1
a_chimp,4,20221027,youma,reasoning,3,1,1,1,1
a_chimp,4,20221027,youma,reasoning,4,1,0,0,1
a_chimp,4,20221027,youma,reasoning,5,1,1,1,1
a_chimp,4,20221027,youma,reasoning,6,1,1,1,1
a_chimp,4,20221027,youma,reasoning,7,1,0,0,1
a_chimp,4,20221027,youma,reasoning,8,1,0,0,1
a_chimp,4,20221027,youma,reasoning,9,3,0,0,1
a_chimp,4,20221027,youma,reasoning,10,1,0,0,1
a_chimp,4,20221027,youma,reasoning,11,1,0,0,1
a_chimp,4,20221027,youma,reasoning,12,1,1,1,1
a_chimp,4,20221028,youma,communication,1,1,1,1,1
a_chimp,4,20221028,youma,communication,2,1,1,1,1
a_chimp,4,20221028,youma,communication,3,1,0,0,1
a_chimp,4,20221028,youma,communication,4,1,0,0,1
a_chimp,4,20221028,youma,communication,5,1,0,0,1
a_chimp,4,20221028,youma,communication,6,1,1,1,1
a_chimp,4,20221028,youma,communication,7,1,1,1,1
a_chimp,4,20221028,youma,communication,8,1,0,0,1
a_chimp,4,20221028,youma,communication,9,1,0,0,1
a_chimp,4,20221028,youma,communication,10,1,0,0,1
a_chimp,4,20221028,youma,communication,11,1,0,0,1
a_chimp,4,20221028,youma,communication,12,2,0,0,1
a_chimp,4,20221028,youma,visible_food,1,1,0,0,1
a_chimp,4,20221028,youma,visible_food,2,1,1,1,1
a_chimp,4,20221028,youma,visible_food,3,1,0,0,1
a_chimp,4,20221028,youma,visible_food,4,1,1,1,1
a_chimp,4,20221028,youma,visible_food,5,1,0,0,1
a_chimp,4,20221028,youma,visible_food,6,1,1,1,1
a_chimp,4,20221028,youma,visible_food,7,1,0,0,1
a_chimp,4,20221028,youma,visible_food,8,1,0,0,1
a_chimp,4,20221028,youma,visible_food,9,1,1,1,1
a_chimp,4,20221028,youma,visible_food,10,1,1,1,1
a_chimp,4,20221028,youma,visible_food,11,1,0,0,1
a_chimp,4,20221028,youma,visible_food,12,1,1,1,1
a_chimp,4,20221030,youma,inhibit_searched,1,NA,1,1,1
a_chimp,4,20221030,youma,inhibit_searched,2,NA,1,1,1
a_chimp,4,20221030,youma,inhibit_searched,3,NA,2,2,1
a_chimp,4,20221030,youma,inhibit_searched,4,NA,1,1,1
a_chimp,4,20221030,youma,inhibit_searched,5,NA,1,1,1
a_chimp,4,20221030,youma,inhibit_searched,6,NA,1,1,1
a_chimp,4,20221030,youma,inhibit_searched,7,NA,1,1,1
a_chimp,4,20221030,youma,inhibit_searched,8,NA,1,1,1
a_chimp,4,20221030,youma,inhibit_searched,9,NA,1,1,1
a_chimp,4,20221030,youma,inhibit_searched,10,NA,1,1,1
a_chimp,4,20221030,youma,inhibit_searched,11,NA,1,1,1
a_chimp,4,20221030,youma,inhibit_searched,12,NA,2,2,1
a_chimp,4,20221030,youma,attention,1,3,1,1,1
a_chimp,4,20221030,youma,attention,2,3,0,0,1
a_chimp,4,20221030,youma,attention,3,3,1,1,1
a_chimp,4,20221030,youma,attention,4,3,0,0,1
a_chimp,4,20221030,youma,attention,5,3,0,0,1
a_chimp,4,20221030,youma,attention,6,3,1,1,1
a_chimp,4,20221030,youma,attention,7,3,0,0,1
a_chimp,4,20221028,shanga,communication,1,1,1,1,1
a_chimp,4,20221028,shanga,communication,2,3,0,0,1
a_chimp,4,20221028,shanga,communication,3,2,1,1,1
a_chimp,4,20221028,shanga,communication,4,2,1,1,1
a_chimp,4,20221028,shanga,communication,5,3,1,1,1
a_chimp,4,20221028,shanga,communication,6,2,0,0,1
a_chimp,4,20221028,shanga,communication,7,1,1,1,1
a_chimp,4,20221028,shanga,communication,8,3,1,1,1
a_chimp,4,20221028,shanga,communication,9,2,1,1,1
a_chimp,4,20221028,shanga,communication,10,3,1,1,1
a_chimp,4,20221028,shanga,communication,11,2,1,1,1
a_chimp,4,20221028,shanga,communication,12,3,1,1,1
a_chimp,4,20221028,shanga,visible_food,1,3,1,1,1
a_chimp,4,20221028,shanga,visible_food,2,1,1,1,1
a_chimp,4,20221028,shanga,visible_food,3,3,1,1,1
a_chimp,4,20221028,shanga,visible_food,4,1,1,1,1
a_chimp,4,20221028,shanga,visible_food,5,3,1,1,1
a_chimp,4,20221028,shanga,visible_food,6,1,1,1,1
a_chimp,4,20221028,shanga,visible_food,7,1,0,0,1
a_chimp,4,20221028,shanga,visible_food,8,3,1,1,1
a_chimp,4,20221028,shanga,visible_food,9,1,1,1,1
a_chimp,4,20221028,shanga,visible_food,10,1,1,1,1
a_chimp,4,20221028,shanga,visible_food,11,3,1,1,1
a_chimp,4,20221028,shanga,visible_food,12,1,1,1,1
a_chimp,4,20221030,shanga,inhibit_searched,1,NA,0,0,1
a_chimp,4,20221030,shanga,inhibit_searched,2,NA,0,0,1
a_chimp,4,20221030,shanga,inhibit_searched,3,NA,0,0,1
a_chimp,4,20221030,shanga,inhibit_searched,4,NA,1,1,1
a_chimp,4,20221030,shanga,inhibit_searched,5,NA,0,0,1
a_chimp,4,20221030,shanga,inhibit_searched,6,NA,0,0,1
a_chimp,4,20221030,shanga,inhibit_searched,7,NA,0,0,1
a_chimp,4,20221030,shanga,inhibit_searched,8,NA,0,0,1
a_chimp,4,20221030,shanga,attention,1,3,1,1,1
a_chimp,4,20221030,shanga,attention,2,1,1,1,1
a_chimp,4,20221030,shanga,attention,3,1,0,0,1
a_chimp,4,20221028,bambari,communication,1,1,1,1,1
a_chimp,4,20221028,bambari,communication,2,1,1,1,1
a_chimp,4,20221028,bambari,communication,3,2,1,1,1
a_chimp,4,20221028,bambari,communication,4,2,1,1,1
a_chimp,4,20221028,bambari,communication,5,3,1,1,1
a_chimp,4,20221028,bambari,communication,6,2,0,0,1
a_chimp,4,20221028,bambari,communication,7,1,1,1,1
a_chimp,4,20221028,bambari,communication,8,3,1,1,1
a_chimp,4,20221028,bambari,communication,9,2,1,1,1
a_chimp,4,20221028,bambari,communication,10,3,1,1,1
a_chimp,4,20221028,bambari,communication,11,2,1,1,1
a_chimp,4,20221028,bambari,communication,12,3,1,1,1
a_chimp,4,20221028,bambari,visible_food,1,3,1,1,1
a_chimp,4,20221028,bambari,visible_food,2,3,0,0,1
a_chimp,4,20221028,bambari,visible_food,3,3,1,1,1
a_chimp,4,20221030,bambari,inhibit_searched,1,NA,1,1,1
a_chimp,4,20221030,bambari,inhibit_searched,2,NA,0,0,1
a_chimp,4,20221030,bambari,inhibit_searched,3,NA,0,0,1
a_chimp,4,20221030,bambari,inhibit_searched,4,NA,0,0,1
a_chimp,4,20221030,bambari,inhibit_searched,5,NA,0,0,1
a_chimp,4,20221030,bambari,inhibit_searched,6,NA,0,0,1
a_chimp,4,20221030,bambari,inhibit_searched,7,NA,0,0,1
a_chimp,4,20221030,bambari,inhibit_searched,8,NA,0,0,1
a_chimp,4,20221030,bambari,inhibit_searched,9,NA,0,0,1
a_chimp,4,20221030,bambari,inhibit_searched,10,NA,0,0,1
a_chimp,4,20221030,bambari,inhibit_searched,11,NA,0,0,1
a_chimp,4,20221030,bambari,inhibit_searched,12,NA,0,0,1
a_chimp,4,20221030,bambari,attention,1,3,1,1,1
a_chimp,4,20221030,bambari,attention,2,1,1,1,1
a_chimp,4,20221030,bambari,attention,3,3,1,1,1
a_chimp,4,20221030,bambari,attention,4,1,1,1,1
a_chimp,4,20221030,bambari,attention,5,1,1,1,1
a_chimp,4,20221030,bambari,attention,6,3,1,1,1
a_chimp,4,20221030,bambari,attention,7,1,1,1,1
a_chimp,4,20221030,bambari,attention,8,1,0,0,1
a_chimp,4,20221030,bambari,attention,9,1,1,1,1
a_chimp,4,20221030,bambari,attention,10,1,0,0,1
a_chimp,4,20221030,bambari,attention,11,1,0,0,1
a_chimp,4,20221030,bambari,attention,12,1,1,1,1
a_chimp,4,20221024,azibo,population,1,1,1,1,1
a_chimp,4,20221024,azibo,population,2,3,0,0,1
a_chimp,4,20221024,azibo,population,3,3,1,1,1
a_chimp,4,20221024,azibo,population,4,3,0,0,1
a_chimp,4,20221024,azibo,population,5,3,1,1,1
a_chimp,4,20221024,azibo,population,6,3,1,1,1
a_chimp,4,20221024,azibo,population,7,3,0,0,1
a_chimp,4,20221024,azibo,population,8,3,1,1,1
a_chimp,4,20221024,azibo,population,9,3,1,1,1
a_chimp,4,20221024,azibo,population,10,1,1,1,1
a_chimp,4,20221024,azibo,population,11,3,1,1,1
a_chimp,4,20221024,azibo,population,12,3,0,0,1
a_chimp,4,20221024,azibo,reasoning,1,1,0,0,1
a_chimp,4,20221024,azibo,reasoning,2,3,0,0,1
a_chimp,4,20221024,azibo,reasoning,3,3,0,0,1
a_chimp,4,20221024,azibo,reasoning,4,1,0,0,1
a_chimp,4,20221024,azibo,reasoning,5,3,0,0,1
a_chimp,4,20221024,azibo,reasoning,6,3,0,0,1
a_chimp,4,20221024,azibo,reasoning,7,3,1,1,1
a_chimp,4,20221024,azibo,reasoning,8,1,0,0,1
a_chimp,4,20221024,azibo,reasoning,9,1,1,1,1
a_chimp,4,20221024,azibo,reasoning,10,1,0,0,1
a_chimp,4,20221024,azibo,reasoning,11,1,0,0,1
a_chimp,4,20221024,azibo,reasoning,12,3,0,0,1
a_chimp,4,20221026,azibo,communication,1,3,0,0,1
a_chimp,4,20221026,azibo,communication,2,3,0,0,1
a_chimp,4,20221026,azibo,communication,3,2,1,1,1
a_chimp,4,20221026,azibo,communication,4,3,0,0,1
a_chimp,4,20221026,azibo,communication,5,3,1,1,1
a_chimp,4,20221026,azibo,communication,6,3,0,0,1
a_chimp,4,20221026,azibo,communication,7,1,1,1,1
a_chimp,4,20221026,azibo,communication,8,3,1,1,1
a_chimp,4,20221026,azibo,communication,9,3,0,0,1
a_chimp,4,20221026,azibo,communication,10,3,1,1,1
a_chimp,4,20221026,azibo,communication,11,3,0,0,1
a_chimp,4,20221026,azibo,communication,12,3,1,1,1
a_chimp,4,20221025,azibo,inhibit_searched,1,NA,0,0,1
a_chimp,4,20221025,azibo,inhibit_searched,2,NA,0,0,1
a_chimp,4,20221025,azibo,inhibit_searched,3,NA,0,0,1
a_chimp,4,20221025,azibo,inhibit_searched,4,NA,1,1,1
a_chimp,4,20221025,azibo,inhibit_searched,5,NA,0,0,1
a_chimp,4,20221025,azibo,inhibit_searched,6,NA,0,0,1
a_chimp,4,20221025,azibo,inhibit_searched,7,NA,0,0,1
a_chimp,4,20221025,azibo,inhibit_searched,8,NA,0,0,1
a_chimp,4,20221025,azibo,inhibit_searched,9,NA,0,0,1
a_chimp,4,20221025,azibo,inhibit_searched,10,NA,0,0,1
a_chimp,4,20221025,azibo,inhibit_searched,11,NA,0,0,1
a_chimp,4,20221025,azibo,inhibit_searched,12,NA,0,0,1
a_chimp,4,20221025,azibo,attention,1,3,1,1,1
a_chimp,4,20221025,azibo,attention,2,3,0,0,1
a_chimp,4,20221025,azibo,attention,3,1,0,0,1
a_chimp,4,20221025,azibo,attention,4,3,0,0,1
a_chimp,4,20221025,azibo,attention,5,3,0,0,1
a_chimp,4,20221025,azibo,attention,6,3,1,1,1
a_chimp,4,20221025,azibo,attention,7,3,0,0,1
a_chimp,4,20221025,azibo,attention,8,3,1,1,1
a_chimp,4,20221025,azibo,attention,9,3,0,0,1
a_chimp,4,20221025,azibo,attention,10,3,1,1,1
a_chimp,4,20221025,azibo,attention,11,3,1,1,1
a_chimp,4,20221025,azibo,attention,12,3,0,0,1
a_chimp,4,20221024,swela,population,1,1,1,1,1
a_chimp,4,20221024,swela,population,2,3,0,0,1
a_chimp,4,20221024,swela,population,3,1,0,0,1
a_chimp,4,20221024,swela,population,4,1,1,1,1
a_chimp,4,20221024,swela,population,5,1,0,0,1
a_chimp,4,20221024,swela,population,6,3,1,1,1
a_chimp,4,20221024,swela,population,7,1,1,1,1
a_chimp,4,20221024,swela,population,8,1,0,0,1
a_chimp,4,20221024,swela,population,9,3,1,1,1
a_chimp,4,20221024,swela,population,10,1,1,1,1
a_chimp,4,20221024,swela,population,11,1,0,0,1
a_chimp,4,20221024,swela,population,12,3,0,0,1
a_chimp,4,20221024,swela,reasoning,1,1,0,0,1
a_chimp,4,20221024,swela,reasoning,2,1,1,1,1
a_chimp,4,20221024,swela,reasoning,3,3,0,0,1
a_chimp,4,20221024,swela,reasoning,4,1,0,0,1
a_chimp,4,20221024,swela,reasoning,5,3,0,0,1
a_chimp,4,20221024,swela,reasoning,6,1,1,1,1
a_chimp,4,20221024,swela,reasoning,7,1,0,0,1
a_chimp,4,20221024,swela,reasoning,8,3,1,1,1
a_chimp,4,20221024,swela,reasoning,9,1,1,1,1
a_chimp,4,20221024,swela,reasoning,10,3,1,1,1
a_chimp,4,20221024,swela,reasoning,11,3,1,1,1
a_chimp,4,20221024,swela,reasoning,12,1,1,1,1
a_chimp,4,20221026,swela,communication,1,1,1,1,1
a_chimp,4,20221026,swela,communication,2,1,1,1,1
a_chimp,4,20221026,swela,communication,3,1,0,0,1
a_chimp,4,20221026,swela,communication,4,2,1,1,1
a_chimp,4,20221026,swela,communication,5,2,0,0,1
a_chimp,4,20221026,swela,communication,6,1,1,1,1
a_chimp,4,20221026,swela,visible_food,1,1,0,0,1
a_chimp,4,20221026,swela,visible_food,2,1,1,1,1
a_chimp,4,20221026,swela,visible_food,3,1,0,0,1
a_chimp,4,20221026,swela,visible_food,4,3,0,0,1
a_chimp,4,20221026,swela,visible_food,5,3,1,1,1
a_chimp,4,20221026,swela,visible_food,6,1,1,1,1
a_chimp,4,20221026,swela,visible_food,7,1,0,0,1
a_chimp,4,20221026,swela,visible_food,8,1,0,0,1
a_chimp,4,20221026,swela,visible_food,9,1,1,1,1
a_chimp,4,20221026,swela,visible_food,10,1,1,1,1
a_chimp,4,20221026,swela,visible_food,11,1,0,0,1
a_chimp,4,20221026,swela,visible_food,12,1,1,1,1
a_chimp,4,20221025,swela,inhibit_searched,1,NA,1,1,1
a_chimp,4,20221025,swela,inhibit_searched,2,NA,0,0,1
a_chimp,4,20221025,swela,inhibit_searched,3,NA,0,0,1
a_chimp,4,20221025,swela,inhibit_searched,4,NA,0,0,1
a_chimp,4,20221025,swela,inhibit_searched,5,NA,0,0,1
a_chimp,4,20221025,swela,inhibit_searched,6,NA,0,0,1
a_chimp,4,20221025,swela,inhibit_searched,7,NA,0,0,1
a_chimp,4,20221025,swela,inhibit_searched,8,NA,0,0,1
a_chimp,4,20221025,swela,inhibit_searched,9,NA,0,0,1
a_chimp,4,20221025,swela,inhibit_searched,10,NA,0,0,1
a_chimp,4,20221025,swela,inhibit_searched,11,NA,0,0,1
a_chimp,4,20221025,swela,inhibit_searched,12,NA,0,0,1
a_chimp,4,20221025,swela,attention,1,1,0,0,1
a_chimp,4,20221025,swela,attention,2,1,1,1,1
a_chimp,4,20221025,swela,attention,3,1,0,0,1
a_chimp,4,20221025,swela,attention,4,1,1,1,1
a_chimp,4,20221025,swela,attention,5,1,1,1,1
a_chimp,4,20221025,swela,attention,6,1,0,0,1
a_chimp,4,20221025,swela,attention,7,1,1,1,1
a_chimp,4,20221025,swela,attention,8,3,1,1,1
a_chimp,4,20221025,swela,attention,9,1,1,1,1
a_chimp,4,20221025,swela,attention,10,1,0,0,1
a_chimp,4,20221025,swela,attention,11,3,1,1,1
a_chimp,4,20221025,swela,attention,12,1,1,1,1
a_chimp,4,20221024,sandra,population,1,1,1,1,1
a_chimp,4,20221024,sandra,population,2,1,1,1,1
a_chimp,4,20221024,sandra,population,3,3,1,1,1
a_chimp,4,20221024,sandra,population,4,1,1,1,1
a_chimp,4,20221024,sandra,population,5,3,1,1,1
a_chimp,4,20221024,sandra,population,6,3,1,1,1
a_chimp,4,20221024,sandra,population,7,1,1,1,1
a_chimp,4,20221024,sandra,population,8,3,1,1,1
a_chimp,4,20221024,sandra,population,9,3,1,1,1
a_chimp,4,20221024,sandra,population,10,1,1,1,1
a_chimp,4,20221024,sandra,population,11,3,1,1,1
a_chimp,4,20221024,sandra,population,12,1,1,1,1
a_chimp,4,20221024,sandra,reasoning,1,1,0,0,1
a_chimp,4,20221024,sandra,reasoning,2,3,0,0,1
a_chimp,4,20221024,sandra,reasoning,3,1,1,1,1
a_chimp,4,20221024,sandra,reasoning,4,1,0,0,1
a_chimp,4,20221024,sandra,reasoning,5,3,0,0,1
a_chimp,4,20221024,sandra,reasoning,6,1,1,1,1
a_chimp,4,20221026,sandra,communication,1,1,1,1,1
a_chimp,4,20221026,sandra,communication,2,2,0,0,1
a_chimp,4,20221026,sandra,communication,3,2,1,1,1
a_chimp,4,20221026,sandra,communication,4,2,1,1,1
a_chimp,4,20221025,sandra,inhibit_searched,1,NA,0,0,1
a_chimp,4,20221025,sandra,inhibit_searched,2,NA,0,0,1
a_chimp,4,20221025,sandra,inhibit_searched,3,NA,0,0,1
a_chimp,4,20221025,sandra,inhibit_searched,4,NA,0,0,1
a_chimp,4,20221025,sandra,inhibit_searched,5,NA,0,0,1
a_chimp,4,20221025,sandra,inhibit_searched,6,NA,0,0,1
a_chimp,4,20221025,sandra,inhibit_searched,7,NA,0,0,1
a_chimp,4,20221025,sandra,inhibit_searched,8,NA,0,0,1
a_chimp,4,20221025,sandra,inhibit_searched,9,NA,0,0,1
a_chimp,4,20221025,sandra,inhibit_searched,10,NA,0,0,1
a_chimp,4,20221025,sandra,inhibit_searched,11,NA,0,0,1
a_chimp,4,20221025,sandra,inhibit_searched,12,NA,0,0,1
a_chimp,4,20221025,sandra,attention,1,3,1,1,1
a_chimp,4,20221025,sandra,attention,2,3,0,0,1
a_chimp,4,20221025,sandra,attention,3,3,1,1,1
a_chimp,4,20221025,sandra,attention,4,3,0,0,1
a_chimp,4,20221025,sandra,attention,5,1,1,1,1
a_chimp,4,20221025,sandra,attention,6,3,1,1,1
a_chimp,4,20221025,sandra,attention,7,1,1,1,1
a_chimp,4,20221025,sandra,attention,8,3,1,1,1
a_chimp,4,20221025,sandra,attention,9,3,0,0,1
a_chimp,4,20221025,sandra,attention,10,1,0,0,1
a_chimp,4,20221025,sandra,attention,11,3,1,1,1
a_chimp,4,20221025,sandra,attention,12,3,0,0,1
a_chimp,4,20221024,frodo,population,1,1,1,1,1
a_chimp,4,20221024,frodo,population,2,1,1,1,1
a_chimp,4,20221024,frodo,population,3,3,1,1,1
a_chimp,4,20221024,frodo,population,4,1,1,1,1
a_chimp,4,20221024,frodo,population,5,3,1,1,1
a_chimp,4,20221024,frodo,population,6,3,1,1,1
a_chimp,4,20221024,frodo,population,7,1,1,1,1
a_chimp,4,20221024,frodo,population,8,3,1,1,1
a_chimp,4,20221024,frodo,population,9,3,1,1,1
a_chimp,4,20221024,frodo,population,10,1,1,1,1
a_chimp,4,20221024,frodo,population,11,3,1,1,1
a_chimp,4,20221024,frodo,population,12,1,1,1,1
a_chimp,4,20221024,frodo,reasoning,1,1,0,0,1
a_chimp,4,20221024,frodo,reasoning,2,1,1,1,1
a_chimp,4,20221024,frodo,reasoning,3,3,0,0,1
a_chimp,4,20221024,frodo,reasoning,4,3,1,1,1
a_chimp,4,20221024,frodo,reasoning,5,3,0,0,1
a_chimp,4,20221024,frodo,reasoning,6,3,0,0,1
a_chimp,4,20221024,frodo,reasoning,7,1,0,0,1
a_chimp,4,20221024,frodo,reasoning,8,3,1,1,1
a_chimp,4,20221024,frodo,reasoning,9,1,1,1,1
a_chimp,4,20221024,frodo,reasoning,10,3,1,1,1
a_chimp,4,20221024,frodo,reasoning,11,1,0,0,1
a_chimp,4,20221024,frodo,reasoning,12,1,1,1,1
a_chimp,4,20221026,frodo,communication,1,1,1,1,1
a_chimp,4,20221026,frodo,communication,2,1,1,1,1
a_chimp,4,20221026,frodo,communication,3,2,1,1,1
a_chimp,4,20221026,frodo,communication,4,2,1,1,1
a_chimp,4,20221026,frodo,communication,5,3,1,1,1
a_chimp,4,20221026,frodo,communication,6,1,1,1,1
a_chimp,4,20221026,frodo,communication,7,1,1,1,1
a_chimp,4,20221026,frodo,communication,8,3,1,1,1
a_chimp,4,20221026,frodo,communication,9,2,1,1,1
a_chimp,4,20221026,frodo,communication,10,3,1,1,1
a_chimp,4,20221026,frodo,communication,11,2,1,1,1
a_chimp,4,20221026,frodo,communication,12,3,1,1,1
a_chimp,4,20221026,frodo,visible_food,1,3,1,1,1
a_chimp,4,20221026,frodo,visible_food,2,1,1,1,1
a_chimp,4,20221026,frodo,visible_food,3,3,1,1,1
a_chimp,4,20221026,frodo,visible_food,4,1,1,1,1
a_chimp,4,20221026,frodo,visible_food,5,3,1,1,1
a_chimp,4,20221026,frodo,visible_food,6,1,1,1,1
a_chimp,4,20221026,frodo,visible_food,7,3,1,1,1
a_chimp,4,20221026,frodo,visible_food,8,3,1,1,1
a_chimp,4,20221026,frodo,visible_food,9,1,1,1,1
a_chimp,4,20221026,frodo,visible_food,10,1,1,1,1
a_chimp,4,20221026,frodo,visible_food,11,3,1,1,1
a_chimp,4,20221026,frodo,visible_food,12,1,1,1,1
a_chimp,4,20221025,frodo,inhibit_searched,1,NA,0,0,1
a_chimp,4,20221025,frodo,inhibit_searched,2,NA,0,0,1
a_chimp,4,20221025,frodo,inhibit_searched,3,NA,0,0,1
a_chimp,4,20221025,frodo,inhibit_searched,4,NA,0,0,1
a_chimp,4,20221025,frodo,inhibit_searched,5,NA,0,0,1
a_chimp,4,20221025,frodo,inhibit_searched,6,NA,0,0,1
a_chimp,4,20221025,frodo,inhibit_searched,7,NA,0,0,1
a_chimp,4,20221025,frodo,inhibit_searched,8,NA,0,0,1
a_chimp,4,20221025,frodo,inhibit_searched,9,NA,0,0,1
a_chimp,4,20221025,frodo,inhibit_searched,10,NA,0,0,1
a_chimp,4,20221025,frodo,inhibit_searched,11,NA,0,0,1
a_chimp,4,20221025,frodo,inhibit_searched,12,NA,0,0,1
a_chimp,4,20221025,frodo,attention,1,1,0,0,1
a_chimp,4,20221025,frodo,attention,2,1,1,1,1
a_chimp,4,20221025,frodo,attention,3,1,0,0,1
a_chimp,4,20221025,frodo,attention,4,3,0,0,1
a_chimp,4,20221025,frodo,attention,5,3,0,0,1
a_chimp,4,20221024,tai,population,1,1,1,1,1
a_chimp,4,20221024,tai,population,2,1,1,1,1
a_chimp,4,20221024,tai,population,3,3,1,1,1
a_chimp,4,20221024,tai,population,4,3,0,0,1
a_chimp,4,20221024,tai,population,5,3,1,1,1
a_chimp,4,20221024,tai,population,6,3,1,1,1
a_chimp,4,20221024,tai,population,7,1,1,1,1
a_chimp,4,20221024,tai,population,8,3,1,1,1
a_chimp,4,20221024,tai,population,9,3,1,1,1
a_chimp,4,20221024,tai,population,10,1,1,1,1
a_chimp,4,20221024,tai,population,11,3,1,1,1
a_chimp,4,20221024,tai,population,12,1,1,1,1
a_chimp,4,20221024,tai,reasoning,1,3,1,1,1
a_chimp,4,20221024,tai,reasoning,2,1,1,1,1
a_chimp,4,20221024,tai,reasoning,3,3,0,0,1
a_chimp,4,20221024,tai,reasoning,4,3,1,1,1
a_chimp,4,20221024,tai,reasoning,5,3,0,0,1
a_chimp,4,20221024,tai,reasoning,6,1,1,1,1
a_chimp,4,20221024,tai,reasoning,7,1,0,0,1
a_chimp,4,20221024,tai,reasoning,8,3,1,1,1
a_chimp,4,20221024,tai,reasoning,9,1,1,1,1
a_chimp,4,20221024,tai,reasoning,10,3,1,1,1
a_chimp,4,20221024,tai,reasoning,11,3,1,1,1
a_chimp,4,20221024,tai,reasoning,12,1,1,1,1
a_chimp,4,20221026,tai,communication,1,2,0,0,1
a_chimp,4,20221026,tai,communication,2,3,0,0,1
a_chimp,4,20221026,tai,visible_food,1,3,1,1,1
a_chimp,4,20221026,tai,visible_food,2,1,1,1,1
a_chimp,4,20221026,tai,visible_food,3,3,1,1,1
a_chimp,4,20221026,tai,visible_food,4,1,1,1,1
a_chimp,4,20221026,tai,visible_food,5,3,1,1,1
a_chimp,4,20221026,tai,visible_food,6,1,1,1,1
a_chimp,4,20221026,tai,visible_food,7,3,1,1,1
a_chimp,4,20221026,tai,visible_food,8,3,1,1,1
a_chimp,4,20221026,tai,visible_food,9,1,1,1,1
a_chimp,4,20221026,tai,visible_food,10,1,1,1,1
a_chimp,4,20221026,tai,visible_food,11,3,1,1,1
a_chimp,4,20221026,tai,visible_food,12,1,1,1,1
a_chimp,4,20221025,tai,inhibit_searched,1,NA,0,0,1
a_chimp,4,20221025,tai,inhibit_searched,2,NA,0,0,1
a_chimp,4,20221025,tai,inhibit_searched,3,NA,0,0,1
a_chimp,4,20221025,tai,inhibit_searched,4,NA,0,0,1
a_chimp,4,20221025,tai,inhibit_searched,5,NA,0,0,1
a_chimp,4,20221025,tai,inhibit_searched,6,NA,0,0,1
a_chimp,4,20221025,tai,inhibit_searched,7,NA,0,0,1
a_chimp,4,20221025,tai,inhibit_searched,8,NA,0,0,1
a_chimp,4,20221025,tai,inhibit_searched,9,NA,0,0,1
a_chimp,4,20221025,tai,inhibit_searched,10,NA,0,0,1
a_chimp,4,20221025,tai,inhibit_searched,11,NA,0,0,1
a_chimp,4,20221025,tai,inhibit_searched,12,NA,0,0,1
a_chimp,4,20221025,tai,attention,1,3,1,1,1
a_chimp,4,20221025,tai,attention,2,3,0,0,1
a_chimp,4,20221025,tai,attention,3,1,0,0,1
a_chimp,4,20221025,tai,attention,4,3,0,0,1
a_chimp,4,20221025,tai,attention,5,1,1,1,1
a_chimp,4,20221025,tai,attention,6,1,0,0,1
a_chimp,4,20221025,tai,attention,7,3,0,0,1
a_chimp,4,20221025,tai,attention,8,3,1,1,1
a_chimp,4,20221025,tai,attention,9,1,1,1,1
a_chimp,4,20221025,tai,attention,10,3,1,1,1
a_chimp,4,20221025,tai,attention,11,3,1,1,1
a_chimp,4,20221025,tai,attention,12,1,1,1,1
a_chimp,4,20221024,fraukje,population,1,1,1,1,1
a_chimp,4,20221024,fraukje,population,2,1,1,1,1
a_chimp,4,20221024,fraukje,population,3,3,1,1,1
a_chimp,4,20221024,fraukje,population,4,1,1,1,1
a_chimp,4,20221024,fraukje,population,5,3,1,1,1
a_chimp,4,20221024,fraukje,population,6,3,1,1,1
a_chimp,4,20221024,fraukje,population,7,1,1,1,1
a_chimp,4,20221024,fraukje,population,8,3,1,1,1
a_chimp,4,20221024,fraukje,population,9,3,1,1,1
a_chimp,4,20221024,fraukje,population,10,1,1,1,1
a_chimp,4,20221024,fraukje,population,11,3,1,1,1
a_chimp,4,20221024,fraukje,population,12,1,1,1,1
a_chimp,4,20221024,fraukje,reasoning,1,1,0,0,1
a_chimp,4,20221024,fraukje,reasoning,2,1,1,1,1
a_chimp,4,20221024,fraukje,reasoning,3,1,1,1,1
a_chimp,4,20221024,fraukje,reasoning,4,3,1,1,1
a_chimp,4,20221024,fraukje,reasoning,5,1,1,1,1
a_chimp,4,20221024,fraukje,reasoning,6,3,0,0,1
a_chimp,4,20221024,fraukje,reasoning,7,1,0,0,1
a_chimp,4,20221024,fraukje,reasoning,8,3,1,1,1
a_chimp,4,20221024,fraukje,reasoning,9,1,1,1,1
a_chimp,4,20221024,fraukje,reasoning,10,1,0,0,1
a_chimp,4,20221024,fraukje,reasoning,11,1,0,0,1
a_chimp,4,20221024,fraukje,reasoning,12,3,0,0,1
a_chimp,4,20221026,fraukje,communication,1,1,1,1,1
a_chimp,4,20221026,fraukje,communication,2,1,1,1,1
a_chimp,4,20221026,fraukje,communication,3,2,1,1,1
a_chimp,4,20221026,fraukje,communication,4,2,1,1,1
a_chimp,4,20221026,fraukje,communication,5,3,1,0,0
a_chimp,4,20221026,fraukje,communication,6,1,1,1,1
a_chimp,4,20221026,fraukje,communication,7,1,1,1,1
a_chimp,4,20221026,fraukje,communication,8,3,1,1,1
a_chimp,4,20221026,fraukje,communication,9,2,1,1,1
a_chimp,4,20221026,fraukje,communication,10,3,1,1,1
a_chimp,4,20221026,fraukje,communication,11,2,1,1,1
a_chimp,4,20221026,fraukje,communication,12,3,1,1,1
a_chimp,4,20221026,fraukje,visible_food,1,1,0,0,1
a_chimp,4,20221026,fraukje,visible_food,2,1,1,1,1
a_chimp,4,20221026,fraukje,visible_food,3,3,1,1,1
a_chimp,4,20221026,fraukje,visible_food,4,1,1,1,1
a_chimp,4,20221026,fraukje,visible_food,5,3,1,1,1
a_chimp,4,20221026,fraukje,visible_food,6,1,1,1,1
a_chimp,4,20221026,fraukje,visible_food,7,3,1,1,1
a_chimp,4,20221026,fraukje,visible_food,8,3,1,1,1
a_chimp,4,20221026,fraukje,visible_food,9,1,1,1,1
a_chimp,4,20221026,fraukje,visible_food,10,1,1,1,1
a_chimp,4,20221026,fraukje,visible_food,11,3,1,1,1
a_chimp,4,20221026,fraukje,visible_food,12,1,1,1,1
a_chimp,4,20221025,fraukje,inhibit_searched,1,NA,0,0,1
a_chimp,4,20221025,fraukje,inhibit_searched,2,NA,0,0,1
a_chimp,4,20221025,fraukje,inhibit_searched,3,NA,0,0,1
a_chimp,4,20221025,fraukje,inhibit_searched,4,NA,0,0,1
a_chimp,4,20221025,fraukje,inhibit_searched,5,NA,0,0,1
a_chimp,4,20221025,fraukje,inhibit_searched,6,NA,0,0,1
a_chimp,4,20221025,fraukje,inhibit_searched,7,NA,0,0,1
a_chimp,4,20221025,fraukje,inhibit_searched,8,NA,0,0,1
a_chimp,4,20221025,fraukje,inhibit_searched,9,NA,0,0,1
a_chimp,4,20221025,fraukje,inhibit_searched,10,NA,0,0,1
a_chimp,4,20221025,fraukje,inhibit_searched,11,NA,0,0,1
a_chimp,4,20221025,fraukje,inhibit_searched,12,NA,0,0,1
a_chimp,4,20221025,fraukje,attention,1,3,1,1,1
a_chimp,4,20221025,fraukje,attention,2,3,0,0,1
a_chimp,4,20221025,fraukje,attention,3,1,0,0,1
a_chimp,4,20221025,fraukje,attention,4,1,1,1,1
a_chimp,4,20221025,fraukje,attention,5,3,0,0,1
a_chimp,4,20221025,fraukje,attention,6,3,1,1,1
a_chimp,4,20221025,fraukje,attention,7,3,0,0,1
a_chimp,4,20221025,fraukje,attention,8,1,0,0,1
a_chimp,4,20221025,fraukje,attention,9,3,0,0,1
a_chimp,4,20221025,fraukje,attention,10,1,0,0,1
a_chimp,4,20221025,fraukje,attention,11,3,1,1,1
a_chimp,4,20221025,fraukje,attention,12,3,0,0,1
a_chimp,4,20221024,riet,population,1,1,1,1,1
a_chimp,4,20221024,riet,population,2,3,0,0,1
a_chimp,4,20221024,riet,population,3,1,0,0,1
a_chimp,4,20221024,riet,population,4,1,1,1,1
a_chimp,4,20221024,riet,population,5,3,1,1,1
a_chimp,4,20221024,riet,population,6,3,1,1,1
a_chimp,4,20221024,riet,population,7,1,1,1,1
a_chimp,4,20221024,riet,population,8,3,1,1,1
a_chimp,4,20221024,riet,population,9,3,1,1,1
a_chimp,4,20221024,riet,population,10,1,1,1,1
a_chimp,4,20221024,riet,population,11,3,1,1,1
a_chimp,4,20221024,riet,population,12,1,1,1,1
a_chimp,4,20221024,riet,reasoning,1,1,0,0,1
a_chimp,4,20221024,riet,reasoning,2,1,1,1,1
a_chimp,4,20221024,riet,reasoning,3,1,1,1,1
a_chimp,4,20221024,riet,reasoning,4,1,0,0,1
a_chimp,4,20221024,riet,reasoning,5,1,1,1,1
a_chimp,4,20221024,riet,reasoning,6,1,1,1,1
a_chimp,4,20221024,riet,reasoning,7,3,1,1,1
a_chimp,4,20221024,riet,reasoning,8,1,0,0,1
a_chimp,4,20221024,riet,reasoning,9,3,0,0,1
a_chimp,4,20221024,riet,reasoning,10,1,0,0,1
a_chimp,4,20221024,riet,reasoning,11,1,0,0,1
a_chimp,4,20221024,riet,reasoning,12,1,1,1,1
a_chimp,4,20221025,riet,inhibit_searched,1,NA,0,0,1
a_chimp,4,20221025,riet,inhibit_searched,2,NA,0,0,1
a_chimp,4,20221025,riet,inhibit_searched,3,NA,0,0,1
a_chimp,4,20221025,riet,inhibit_searched,4,NA,1,1,1
a_chimp,4,20221025,riet,inhibit_searched,5,NA,0,0,1
a_chimp,4,20221025,riet,inhibit_searched,6,NA,0,0,1
a_chimp,4,20221025,riet,inhibit_searched,7,NA,0,0,1
a_chimp,4,20221025,riet,inhibit_searched,8,NA,0,0,1
a_chimp,4,20221025,riet,inhibit_searched,9,NA,0,0,1
a_chimp,4,20221025,riet,inhibit_searched,10,NA,0,0,1
a_chimp,4,20221025,riet,inhibit_searched,11,NA,0,0,1
a_chimp,4,20221025,riet,inhibit_searched,12,NA,0,0,1
a_chimp,4,20221025,riet,attention,1,1,0,0,1
a_chimp,4,20221025,riet,attention,2,1,1,1,1
a_chimp,4,20221025,riet,attention,3,1,0,0,1
a_chimp,4,20221025,riet,attention,4,3,0,0,1
a_chimp,4,20221025,riet,attention,5,3,0,0,1
a_chimp,4,20221025,riet,attention,6,1,0,0,1
a_chimp,4,20221025,riet,attention,7,1,1,1,1
a_chimp,4,20221025,riet,attention,8,3,1,1,1
a_chimp,4,20221025,riet,attention,9,1,1,1,1
a_chimp,4,20221025,riet,attention,10,3,1,1,1
a_chimp,4,20221025,riet,attention,11,3,1,1,1
a_chimp,4,20221025,riet,attention,12,3,0,0,1
a_chimp,4,20221024,natascha,population,1,1,1,1,1
a_chimp,4,20221024,natascha,population,2,1,1,1,1
a_chimp,4,20221024,natascha,population,3,3,1,1,1
a_chimp,4,20221024,natascha,population,4,1,1,1,1
a_chimp,4,20221024,natascha,population,5,3,1,1,1
a_chimp,4,20221024,natascha,population,6,3,1,1,1
a_chimp,4,20221024,natascha,population,7,1,1,1,1
a_chimp,4,20221024,natascha,population,8,3,1,1,1
a_chimp,4,20221024,natascha,population,9,3,1,1,1
a_chimp,4,20221024,natascha,population,10,1,1,1,1
a_chimp,4,20221024,natascha,population,11,3,1,1,1
a_chimp,4,20221024,natascha,population,12,1,1,1,1
a_chimp,4,20221024,natascha,reasoning,1,1,0,0,1
a_chimp,4,20221024,natascha,reasoning,2,3,0,0,1
a_chimp,4,20221024,natascha,reasoning,3,3,0,0,1
a_chimp,4,20221024,natascha,reasoning,4,1,0,0,1
a_chimp,4,20221024,natascha,reasoning,5,3,0,0,1
a_chimp,4,20221024,natascha,reasoning,6,3,0,0,1
a_chimp,4,20221024,natascha,reasoning,7,3,1,1,1
a_chimp,4,20221024,natascha,reasoning,8,1,0,0,1
a_chimp,4,20221024,natascha,reasoning,9,3,0,0,1
a_chimp,4,20221024,natascha,reasoning,10,3,1,1,1
a_chimp,4,20221024,natascha,reasoning,11,1,0,0,1
a_chimp,4,20221024,natascha,reasoning,12,3,0,0,1
a_chimp,4,20221026,natascha,communication,1,3,0,0,1
a_chimp,4,20221026,natascha,communication,2,2,0,0,1
a_chimp,4,20221026,natascha,communication,3,3,0,0,1
a_chimp,4,20221026,natascha,communication,4,2,1,1,1
a_chimp,4,20221026,natascha,communication,5,3,1,1,1
a_chimp,4,20221026,natascha,communication,6,2,0,0,1
a_chimp,4,20221026,natascha,communication,7,3,0,0,1
a_chimp,4,20221026,natascha,communication,8,3,1,1,1
a_chimp,4,20221026,natascha,communication,9,3,0,0,1
a_chimp,4,20221026,natascha,communication,10,3,1,1,1
a_chimp,4,20221026,natascha,communication,11,2,1,1,1
a_chimp,4,20221026,natascha,communication,12,3,1,1,1
a_chimp,4,20221026,natascha,visible_food,1,1,0,0,1
a_chimp,4,20221026,natascha,visible_food,2,3,0,0,1
a_chimp,4,20221026,natascha,visible_food,3,1,0,0,1
a_chimp,4,20221026,natascha,visible_food,4,3,0,0,1
a_chimp,4,20221026,natascha,visible_food,5,1,0,0,1
a_chimp,4,20221025,natascha,inhibit_searched,2,NA,0,0,1
a_chimp,4,20221025,natascha,attention,1,1,0,0,1
a_chimp,4,20221025,natascha,attention,2,3,0,0,1
a_chimp,4,20221025,natascha,attention,3,1,0,0,1
a_chimp,4,20221025,natascha,attention,4,1,1,1,1
a_chimp,4,20221025,natascha,attention,5,3,0,0,1
a_chimp,4,20221025,natascha,attention,6,3,1,1,1
a_chimp,4,20221025,natascha,attention,7,3,0,0,1
a_chimp,4,20221025,natascha,attention,8,1,0,0,1
a_chimp,4,20221025,natascha,attention,9,3,0,0,1
a_chimp,4,20221025,natascha,attention,10,3,1,1,1
a_chimp,4,20221025,natascha,attention,11,1,0,0,1
a_chimp,4,20221025,natascha,attention,12,3,0,0,1
a_chimp,7,20230506,swela,inhibit_searched,1,NA,0,0,1
a_chimp,7,20230506,swela,inhibit_searched,2,NA,0,0,1
a_chimp,7,20230506,swela,inhibit_searched,3,NA,0,0,1
a_chimp,7,20230506,swela,inhibit_searched,4,NA,0,0,1
a_chimp,7,20230506,swela,inhibit_searched,5,NA,0,0,1
a_chimp,7,20230506,swela,inhibit_searched,6,NA,0,0,1
a_chimp,7,20230506,swela,inhibit_searched,7,NA,0,0,1
a_chimp,7,20230506,swela,inhibit_searched,8,NA,0,0,1
a_chimp,7,20230506,swela,inhibit_searched,9,NA,0,0,1
a_chimp,7,20230506,swela,inhibit_searched,10,NA,0,0,1
a_chimp,7,20230506,swela,inhibit_searched,11,NA,0,0,1
a_chimp,7,20230506,swela,inhibit_searched,12,NA,0,0,1
a_chimp,7,20230506,swela,attention,1,1,0,0,1
a_chimp,7,20230506,swela,attention,2,1,1,1,1
a_chimp,7,20230506,swela,attention,3,3,1,1,1
a_chimp,7,20230506,swela,attention,4,1,1,1,1
a_chimp,7,20230506,swela,attention,5,1,1,1,1
a_chimp,7,20230506,swela,attention,6,1,0,0,1
a_chimp,7,20230506,swela,attention,7,1,1,1,1
a_chimp,7,20230506,swela,attention,8,1,0,0,1
a_chimp,7,20230506,swela,attention,9,1,1,1,1
a_chimp,7,20230506,swela,attention,10,1,0,0,1
a_chimp,7,20230506,swela,attention,11,1,0,0,1
a_chimp,7,20230506,swela,attention,12,1,1,1,1
a_chimp,8,20230615,sandra,population,1,3,0,0,1
a_chimp,8,20230615,sandra,population,2,1,1,1,1
a_chimp,8,20230615,sandra,population,3,3,1,1,1
a_chimp,8,20230615,sandra,population,4,1,1,1,1
a_chimp,8,20230615,sandra,population,5,3,1,1,1
a_chimp,8,20230615,sandra,population,6,3,1,1,1
a_chimp,8,20230615,sandra,population,7,1,1,1,1
a_chimp,8,20230615,sandra,population,8,3,1,1,1
a_chimp,8,20230615,sandra,population,9,3,1,1,1
a_chimp,8,20230615,sandra,population,10,1,1,1,1
a_chimp,8,20230615,sandra,population,11,3,1,1,1
a_chimp,8,20230615,sandra,population,12,1,1,1,1
a_chimp,8,20230615,sandra,reasoning,1,3,1,1,1
a_chimp,8,20230615,sandra,reasoning,2,1,1,1,1
a_chimp,8,20230615,sandra,reasoning,3,3,0,0,1
a_chimp,8,20230615,sandra,reasoning,4,1,0,0,1
a_chimp,8,20230615,sandra,reasoning,5,3,0,0,1
a_chimp,8,20230615,sandra,reasoning,6,3,0,0,1
a_chimp,8,20230615,sandra,reasoning,7,3,1,1,1
a_chimp,8,20230615,sandra,reasoning,8,3,1,1,1
a_chimp,8,20230615,sandra,reasoning,9,3,0,0,1
a_chimp,8,20230615,sandra,reasoning,10,1,0,0,1
a_chimp,8,20230615,sandra,reasoning,11,3,1,1,1
a_chimp,8,20230615,sandra,reasoning,12,3,0,0,1
a_chimp,8,20230620,sandra,communication,1,1,1,1,1
a_chimp,8,20230620,sandra,communication,2,3,0,0,1
a_chimp,8,20230620,sandra,communication,3,3,0,0,1
a_chimp,8,20230620,sandra,communication,4,2,1,1,1
a_chimp,8,20230620,sandra,communication,5,3,1,1,1
a_chimp,8,20230620,sandra,communication,6,1,1,1,1
a_chimp,8,20230620,sandra,communication,7,2,0,0,1
a_chimp,8,20230620,sandra,communication,8,3,1,1,1
a_chimp,8,20230620,sandra,communication,9,2,1,1,1
a_chimp,8,20230620,sandra,communication,10,2,0,0,1
a_chimp,8,20230620,sandra,communication,11,2,1,1,1
a_chimp,8,20230620,sandra,communication,12,1,0,0,1
a_chimp,8,20230620,sandra,visible_food,1,3,1,1,1
a_chimp,8,20230620,sandra,visible_food,2,1,1,1,1
a_chimp,8,20230620,sandra,visible_food,3,3,1,1,1
a_chimp,8,20230620,sandra,visible_food,4,1,1,1,1
a_chimp,8,20230620,sandra,visible_food,5,3,1,1,1
a_chimp,8,20230620,sandra,visible_food,6,1,1,1,1
a_chimp,8,20230620,sandra,visible_food,7,3,1,1,1
a_chimp,8,20230620,sandra,visible_food,8,3,1,1,1
a_chimp,8,20230620,sandra,visible_food,9,1,1,1,1
a_chimp,8,20230620,sandra,visible_food,10,1,1,1,1
a_chimp,8,20230620,sandra,visible_food,11,3,1,1,1
a_chimp,8,20230620,sandra,visible_food,12,1,1,1,1
a_chimp,8,20230622,sandra,inhibit_searched,1,NA,0,0,1
a_chimp,8,20230622,sandra,inhibit_searched,2,NA,0,0,1
a_chimp,8,20230622,sandra,inhibit_searched,3,NA,0,0,1
a_chimp,8,20230622,sandra,inhibit_searched,4,NA,0,0,1
a_chimp,8,20230622,sandra,inhibit_searched,5,NA,0,0,1
a_chimp,8,20230622,sandra,inhibit_searched,6,NA,0,0,1
a_chimp,8,20230622,sandra,inhibit_searched,7,NA,0,0,1
a_chimp,8,20230622,sandra,inhibit_searched,8,NA,0,0,1
a_chimp,8,20230622,sandra,inhibit_searched,9,NA,0,0,1
a_chimp,8,20230622,sandra,inhibit_searched,10,NA,0,0,1
a_chimp,8,20230622,sandra,inhibit_searched,11,NA,0,0,1
a_chimp,8,20230622,sandra,inhibit_searched,12,NA,0,0,1
a_chimp,8,20230622,sandra,attention,1,3,1,1,1
a_chimp,8,20230622,sandra,attention,2,1,1,1,1
a_chimp,8,20230622,sandra,attention,3,3,1,1,1
a_chimp,8,20230622,sandra,attention,4,3,0,0,1
a_chimp,8,20230622,sandra,attention,5,1,1,1,1
a_chimp,8,20230622,sandra,attention,6,3,1,1,1
a_chimp,8,20230615,frodo,population,1,1,1,1,1
a_chimp,8,20230615,frodo,population,2,1,1,1,1
a_chimp,8,20230615,frodo,population,3,1,0,0,1
a_chimp,8,20230615,frodo,population,4,3,0,0,1
a_chimp,8,20230615,frodo,population,5,3,1,1,1
a_chimp,8,20230615,frodo,population,6,3,1,1,1
a_chimp,8,20230615,frodo,population,7,3,0,0,1
a_chimp,8,20230615,frodo,population,8,3,1,1,1
a_chimp,8,20230615,frodo,population,9,3,1,1,1
a_chimp,8,20230615,frodo,population,10,1,1,1,1
a_chimp,8,20230615,frodo,population,11,3,1,1,1
a_chimp,8,20230615,frodo,population,12,1,1,1,1
a_chimp,8,20230615,frodo,reasoning,1,1,0,0,1
a_chimp,8,20230615,frodo,reasoning,2,3,0,0,1
a_chimp,8,20230615,frodo,reasoning,3,3,0,0,1
a_chimp,8,20230615,frodo,reasoning,4,3,1,1,1
a_chimp,8,20230615,frodo,reasoning,5,1,1,1,1
a_chimp,8,20230615,frodo,reasoning,6,1,1,1,1
a_chimp,8,20230615,frodo,reasoning,7,3,1,1,1
a_chimp,8,20230615,frodo,reasoning,8,3,1,1,1
a_chimp,8,20230615,frodo,reasoning,9,1,1,1,1
a_chimp,8,20230615,frodo,reasoning,10,3,1,1,1
a_chimp,8,20230615,frodo,reasoning,11,3,1,1,1
a_chimp,8,20230615,frodo,reasoning,12,1,1,1,1
a_chimp,8,20230620,frodo,communication,1,1,1,1,1
a_chimp,8,20230620,frodo,communication,2,2,0,0,1
a_chimp,8,20230620,frodo,communication,3,2,1,1,1
a_chimp,8,20230620,frodo,communication,4,2,1,1,1
a_chimp,8,20230620,frodo,communication,5,3,1,1,1
a_chimp,8,20230620,frodo,communication,6,1,1,1,1
a_chimp,8,20230620,frodo,communication,7,1,1,1,1
a_chimp,8,20230620,frodo,communication,8,3,1,1,1
a_chimp,8,20230620,frodo,communication,9,2,1,1,1
a_chimp,8,20230620,frodo,communication,10,3,1,1,1
a_chimp,8,20230620,frodo,communication,11,2,1,1,1
a_chimp,8,20230620,frodo,communication,12,3,1,1,1
a_chimp,8,20230620,frodo,visible_food,1,3,1,1,1
a_chimp,8,20230620,frodo,visible_food,2,1,1,1,1
a_chimp,8,20230620,frodo,visible_food,3,3,1,1,1
a_chimp,8,20230620,frodo,visible_food,4,1,1,1,1
a_chimp,8,20230620,frodo,visible_food,5,3,1,1,1
a_chimp,8,20230620,frodo,visible_food,6,1,1,1,1
a_chimp,8,20230620,frodo,visible_food,7,3,1,1,1
a_chimp,8,20230620,frodo,visible_food,8,3,1,1,1
a_chimp,8,20230620,frodo,visible_food,9,1,1,1,1
a_chimp,8,20230620,frodo,visible_food,10,1,1,1,1
a_chimp,8,20230620,frodo,visible_food,11,3,1,1,1
a_chimp,8,20230620,frodo,visible_food,12,1,1,1,1
a_chimp,8,20230622,frodo,inhibit_searched,1,NA,0,0,1
a_chimp,8,20230622,frodo,inhibit_searched,2,NA,0,0,1
a_chimp,8,20230622,frodo,inhibit_searched,3,NA,0,0,1
a_chimp,8,20230622,frodo,inhibit_searched,4,NA,0,0,1
a_chimp,8,20230622,frodo,inhibit_searched,5,NA,0,0,1
a_chimp,8,20230622,frodo,inhibit_searched,6,NA,0,0,1
a_chimp,8,20230622,frodo,inhibit_searched,7,NA,0,0,1
a_chimp,8,20230622,frodo,inhibit_searched,8,NA,0,0,1
a_chimp,8,20230622,frodo,inhibit_searched,9,NA,0,0,1
a_chimp,8,20230622,frodo,inhibit_searched,10,NA,0,0,1
a_chimp,8,20230622,frodo,inhibit_searched,11,NA,0,0,1
a_chimp,8,20230622,frodo,inhibit_searched,12,NA,0,0,1
a_chimp,8,20230622,frodo,attention,1,1,0,0,1
a_chimp,8,20230622,frodo,attention,2,1,1,1,1
a_chimp,8,20230622,frodo,attention,3,3,1,1,1
a_chimp,8,20230622,frodo,attention,4,1,1,1,1
a_chimp,8,20230622,frodo,attention,5,1,1,1,1
a_chimp,8,20230622,frodo,attention,6,1,0,0,1
a_chimp,8,20230622,frodo,attention,7,3,0,0,1
a_chimp,8,20230622,frodo,attention,8,3,1,1,1
a_chimp,8,20230622,frodo,attention,9,1,1,1,1
a_chimp,8,20230622,frodo,attention,10,1,0,0,1
a_chimp,8,20230622,frodo,attention,11,1,0,0,1
a_chimp,8,20230622,frodo,attention,12,1,1,1,1
a_chimp,8,20230615,youma,population,1,1,1,1,1
a_chimp,8,20230615,youma,population,2,3,0,0,1
a_chimp,8,20230615,youma,population,3,1,0,0,1
a_chimp,8,20230615,youma,population,4,3,0,0,1
a_chimp,8,20230615,youma,population,5,1,0,0,1
a_chimp,8,20230615,youma,population,6,3,1,1,1
a_chimp,8,20230615,youma,population,7,1,1,1,1
a_chimp,8,20230615,youma,population,8,1,0,0,1
a_chimp,8,20230615,youma,population,9,1,0,0,1
a_chimp,8,20230615,youma,population,10,1,1,1,1
a_chimp,8,20230615,youma,population,11,3,1,1,1
a_chimp,8,20230615,youma,population,12,3,0,0,1
a_chimp,8,20230615,youma,reasoning,1,1,0,0,1
a_chimp,8,20230615,youma,reasoning,2,3,0,0,1
a_chimp,8,20230615,youma,reasoning,3,1,1,1,1
a_chimp,8,20230615,youma,reasoning,4,1,0,0,1
a_chimp,8,20230615,youma,reasoning,5,3,0,0,1
a_chimp,8,20230615,youma,reasoning,6,3,0,0,1
a_chimp,8,20230615,youma,reasoning,7,1,0,0,1
a_chimp,8,20230615,youma,reasoning,8,3,1,1,1
a_chimp,8,20230615,youma,reasoning,9,3,0,0,1
a_chimp,8,20230615,youma,reasoning,10,3,1,1,1
a_chimp,8,20230615,youma,reasoning,11,3,1,1,1
a_chimp,8,20230615,youma,reasoning,12,3,0,0,1
a_chimp,8,20230620,youma,communication,1,3,0,0,1
a_chimp,8,20230620,youma,communication,2,3,0,0,1
a_chimp,8,20230620,youma,communication,3,3,0,0,1
a_chimp,8,20230620,youma,communication,4,2,1,1,1
a_chimp,8,20230620,youma,communication,5,3,1,1,1
a_chimp,8,20230620,youma,communication,6,1,1,1,1
a_chimp,8,20230620,youma,communication,7,3,0,0,1
a_chimp,8,20230620,youma,communication,8,3,1,1,1
a_chimp,8,20230620,youma,communication,9,3,0,0,1
a_chimp,8,20230620,youma,communication,10,2,0,0,1
a_chimp,8,20230620,youma,visible_food,1,3,1,1,1
a_chimp,8,20230620,youma,visible_food,2,3,0,0,1
a_chimp,8,20230622,youma,inhibit_searched,1,NA,0,0,1
a_chimp,8,20230622,youma,inhibit_searched,2,NA,0,0,1
a_chimp,8,20230622,youma,inhibit_searched,3,NA,0,0,1
a_chimp,8,20230622,youma,inhibit_searched,4,NA,0,0,1
a_chimp,8,20230622,youma,inhibit_searched,5,NA,1,1,1
a_chimp,8,20230622,youma,inhibit_searched,6,NA,0,0,1
a_chimp,8,20230622,youma,inhibit_searched,7,NA,0,0,1
a_chimp,8,20230622,youma,inhibit_searched,8,NA,0,0,1
a_chimp,8,20230622,youma,inhibit_searched,9,NA,0,0,1
a_chimp,8,20230622,youma,inhibit_searched,10,NA,0,0,1
a_chimp,8,20230622,youma,inhibit_searched,11,NA,0,0,1
a_chimp,8,20230622,youma,inhibit_searched,12,NA,0,0,1
a_chimp,8,20230622,youma,attention,1,3,1,1,1
a_chimp,8,20230622,youma,attention,2,3,0,0,1
a_chimp,8,20230622,youma,attention,3,3,1,1,1
a_chimp,8,20230622,youma,attention,4,3,0,0,1
a_chimp,8,20230622,youma,attention,5,3,0,0,1
a_chimp,8,20230622,youma,attention,6,3,1,1,1
a_chimp,8,20230622,youma,attention,7,3,0,0,1
a_chimp,8,20230622,youma,attention,8,3,1,1,1
a_chimp,8,20230622,youma,attention,9,3,0,0,1
a_chimp,8,20230622,youma,attention,10,3,1,1,1
a_chimp,8,20230622,youma,attention,11,3,1,1,1
a_chimp,8,20230622,youma,attention,12,3,0,0,1
a_chimp,8,20230615,makeni,population,1,3,0,0,1
a_chimp,8,20230615,makeni,population,2,3,0,0,1
a_chimp,8,20230615,makeni,population,3,3,1,1,1
a_chimp,8,20230615,makeni,population,4,3,0,0,1
a_chimp,8,20230615,makeni,population,5,1,0,0,1
a_chimp,8,20230615,makeni,population,6,3,1,1,1
a_chimp,8,20230615,makeni,population,7,1,1,1,1
a_chimp,8,20230615,makeni,population,8,1,0,0,1
a_chimp,8,20230615,makeni,population,9,3,1,1,1
a_chimp,8,20230615,makeni,population,10,3,0,0,1
a_chimp,8,20230615,makeni,population,11,3,1,1,1
a_chimp,8,20230615,makeni,population,12,1,1,1,1
a_chimp,8,20230615,makeni,reasoning,1,3,1,1,1
a_chimp,8,20230615,makeni,reasoning,2,3,0,0,1
a_chimp,8,20230615,makeni,reasoning,3,3,0,0,1
a_chimp,8,20230615,makeni,reasoning,4,1,0,0,1
a_chimp,8,20230615,makeni,reasoning,5,1,1,1,1
a_chimp,8,20230615,makeni,reasoning,6,1,1,1,1
a_chimp,8,20230615,makeni,reasoning,7,1,0,0,1
a_chimp,8,20230615,makeni,reasoning,8,1,0,0,1
a_chimp,8,20230615,makeni,reasoning,9,1,1,1,1
a_chimp,8,20230615,makeni,reasoning,10,1,0,0,1
a_chimp,8,20230615,makeni,reasoning,11,1,0,0,1
a_chimp,8,20230615,makeni,reasoning,12,1,1,1,1
a_chimp,8,20230620,makeni,communication,1,1,1,1,1
a_chimp,8,20230620,makeni,communication,2,1,1,1,1
a_chimp,8,20230620,makeni,communication,3,2,1,1,1
a_chimp,8,20230620,makeni,communication,4,2,1,1,1
a_chimp,8,20230620,makeni,communication,5,2,0,0,1
a_chimp,8,20230620,makeni,communication,6,1,1,1,1
a_chimp,8,20230620,makeni,communication,7,1,1,1,1
a_chimp,8,20230620,makeni,communication,8,2,0,0,1
a_chimp,8,20230620,makeni,communication,9,2,1,1,1
a_chimp,8,20230620,makeni,communication,10,2,0,0,1
a_chimp,8,20230620,makeni,communication,11,2,1,1,1
a_chimp,8,20230620,makeni,communication,12,2,0,0,1
a_chimp,8,20230620,makeni,visible_food,1,1,0,0,1
a_chimp,8,20230620,makeni,visible_food,2,1,1,1,1
a_chimp,8,20230620,makeni,visible_food,3,3,1,1,1
a_chimp,8,20230620,makeni,visible_food,4,1,1,1,1
a_chimp,8,20230620,makeni,visible_food,5,3,1,1,1
a_chimp,8,20230620,makeni,visible_food,6,1,1,1,1
a_chimp,8,20230620,makeni,visible_food,7,3,1,1,1
a_chimp,8,20230620,makeni,visible_food,8,1,0,0,1
a_chimp,8,20230620,makeni,visible_food,9,1,1,1,1
a_chimp,8,20230620,makeni,visible_food,10,1,1,1,1
a_chimp,8,20230620,makeni,visible_food,11,1,0,0,1
a_chimp,8,20230620,makeni,visible_food,12,1,1,1,1
a_chimp,8,20230622,makeni,inhibit_searched,1,NA,0,0,1
a_chimp,8,20230622,makeni,inhibit_searched,2,NA,0,0,1
a_chimp,8,20230622,makeni,inhibit_searched,3,NA,0,0,1
a_chimp,8,20230622,makeni,inhibit_searched,4,NA,0,0,1
a_chimp,8,20230622,makeni,inhibit_searched,5,NA,0,0,1
a_chimp,8,20230622,makeni,inhibit_searched,6,NA,0,0,1
a_chimp,8,20230622,makeni,inhibit_searched,7,NA,0,0,1
a_chimp,8,20230622,makeni,inhibit_searched,8,NA,0,0,1
a_chimp,8,20230622,makeni,inhibit_searched,9,NA,0,0,1
a_chimp,8,20230622,makeni,inhibit_searched,10,NA,0,0,1
a_chimp,8,20230622,makeni,inhibit_searched,11,NA,0,0,1
a_chimp,8,20230622,makeni,inhibit_searched,12,NA,0,0,1
a_chimp,8,20230622,makeni,attention,1,3,1,1,1
a_chimp,8,20230622,makeni,attention,2,3,0,0,1
a_chimp,8,20230622,makeni,attention,3,3,1,1,1
a_chimp,8,20230622,makeni,attention,4,3,0,0,1
a_chimp,8,20230622,makeni,attention,5,3,0,0,1
a_chimp,8,20230622,makeni,attention,6,3,1,1,1
a_chimp,8,20230622,makeni,attention,7,3,0,0,1
a_chimp,8,20230615,natascha,population,1,3,0,0,1
a_chimp,8,20230615,natascha,population,2,1,1,1,1
a_chimp,8,20230615,natascha,population,3,3,1,1,1
a_chimp,8,20230615,natascha,population,4,3,0,0,1
a_chimp,8,20230615,natascha,population,5,1,0,0,1
a_chimp,8,20230615,natascha,population,6,3,1,1,1
a_chimp,8,20230615,natascha,population,7,1,1,1,1
a_chimp,8,20230615,natascha,population,8,3,1,1,1
a_chimp,8,20230615,natascha,population,9,3,1,1,1
a_chimp,8,20230615,natascha,population,10,1,1,1,1
a_chimp,8,20230615,natascha,population,11,3,1,1,1
a_chimp,8,20230615,natascha,population,12,1,1,1,1
a_chimp,8,20230615,natascha,reasoning,1,1,0,0,1
a_chimp,8,20230615,natascha,reasoning,2,3,0,0,1
a_chimp,8,20230615,natascha,reasoning,3,3,0,0,1
a_chimp,8,20230615,natascha,reasoning,4,1,0,0,1
a_chimp,8,20230615,natascha,reasoning,5,3,0,0,1
a_chimp,8,20230615,natascha,reasoning,6,3,0,0,1
a_chimp,8,20230620,natascha,communication,1,1,1,1,1
a_chimp,8,20230620,natascha,communication,2,2,0,0,1
a_chimp,8,20230620,natascha,communication,3,2,1,1,1
a_chimp,8,20230620,natascha,communication,4,2,1,1,1
a_chimp,8,20230620,natascha,communication,5,3,1,1,1
a_chimp,8,20230620,natascha,communication,6,2,0,0,1
a_chimp,8,20230620,natascha,communication,7,2,0,0,1
a_chimp,8,20230620,natascha,communication,8,3,1,1,1
a_chimp,8,20230620,natascha,communication,9,2,1,1,1
a_chimp,8,20230620,natascha,communication,10,3,1,1,1
a_chimp,8,20230620,natascha,communication,11,2,1,1,1
a_chimp,8,20230620,natascha,communication,12,3,1,1,1
a_chimp,8,20230620,natascha,visible_food,1,1,0,0,1
a_chimp,8,20230620,natascha,visible_food,2,1,1,1,1
a_chimp,8,20230620,natascha,visible_food,3,3,1,1,1
a_chimp,8,20230620,natascha,visible_food,4,1,1,1,1
a_chimp,8,20230620,natascha,visible_food,5,3,1,1,1
a_chimp,8,20230620,natascha,visible_food,6,1,1,1,1
a_chimp,8,20230620,natascha,visible_food,7,3,1,1,1
a_chimp,8,20230620,natascha,visible_food,8,3,1,1,1
a_chimp,8,20230620,natascha,visible_food,9,1,1,1,1
a_chimp,8,20230620,natascha,visible_food,10,1,1,1,1
a_chimp,8,20230620,natascha,visible_food,11,3,1,1,1
a_chimp,8,20230620,natascha,visible_food,12,1,1,1,1
a_chimp,8,20230622,natascha,inhibit_searched,1,NA,0,0,1
a_chimp,8,20230622,natascha,inhibit_searched,2,NA,1,1,1
a_chimp,8,20230622,natascha,inhibit_searched,3,NA,0,0,1
a_chimp,8,20230622,natascha,inhibit_searched,4,NA,0,0,1
a_chimp,8,20230622,natascha,inhibit_searched,5,NA,1,1,1
a_chimp,8,20230622,natascha,inhibit_searched,6,NA,0,0,1
a_chimp,8,20230622,natascha,inhibit_searched,7,NA,0,0,1
a_chimp,8,20230622,natascha,inhibit_searched,8,NA,1,1,1
a_chimp,8,20230622,natascha,inhibit_searched,9,NA,0,0,1
a_chimp,8,20230622,natascha,inhibit_searched,10,NA,0,0,1
a_chimp,8,20230622,natascha,inhibit_searched,11,NA,1,1,1
a_chimp,8,20230622,natascha,inhibit_searched,12,NA,0,0,1
a_chimp,8,20230622,natascha,attention,1,3,1,1,1
a_chimp,8,20230622,natascha,attention,2,1,1,1,1
a_chimp,8,20230622,natascha,attention,3,1,0,0,1
a_chimp,8,20230622,natascha,attention,4,3,0,0,1
a_chimp,8,20230622,natascha,attention,5,1,1,1,1
a_chimp,8,20230622,natascha,attention,6,1,0,0,1
a_chimp,8,20230615,fraukje,population,1,1,1,1,1
a_chimp,8,20230615,fraukje,population,2,1,1,1,1
a_chimp,8,20230615,fraukje,population,3,1,0,0,1
a_chimp,8,20230615,fraukje,population,4,3,0,0,1
a_chimp,8,20230615,fraukje,population,5,3,1,1,1
a_chimp,8,20230615,fraukje,population,6,3,1,1,1
a_chimp,8,20230615,fraukje,population,7,1,1,1,1
a_chimp,8,20230615,fraukje,population,8,3,1,1,1
a_chimp,8,20230615,fraukje,population,9,3,1,1,1
a_chimp,8,20230615,fraukje,population,10,1,1,1,1
a_chimp,8,20230615,fraukje,population,11,3,1,1,1
a_chimp,8,20230615,fraukje,population,12,1,1,1,1
a_chimp,8,20230615,fraukje,reasoning,1,1,0,0,1
a_chimp,8,20230615,fraukje,reasoning,2,1,1,1,1
a_chimp,8,20230615,fraukje,reasoning,3,3,0,0,1
a_chimp,8,20230615,fraukje,reasoning,4,3,1,1,1
a_chimp,8,20230615,fraukje,reasoning,5,3,0,0,1
a_chimp,8,20230615,fraukje,reasoning,6,1,1,1,1
a_chimp,8,20230615,fraukje,reasoning,7,1,0,0,1
a_chimp,8,20230615,fraukje,reasoning,8,3,1,1,1
a_chimp,8,20230615,fraukje,reasoning,9,1,1,1,1
a_chimp,8,20230615,fraukje,reasoning,10,3,1,1,1
a_chimp,8,20230615,fraukje,reasoning,11,1,0,0,1
a_chimp,8,20230615,fraukje,reasoning,12,1,1,1,1
a_chimp,8,20230620,fraukje,communication,1,1,1,1,1
a_chimp,8,20230620,fraukje,communication,2,1,1,1,1
a_chimp,8,20230620,fraukje,communication,3,2,1,1,1
a_chimp,8,20230620,fraukje,communication,4,2,1,1,1
a_chimp,8,20230620,fraukje,communication,5,3,1,1,1
a_chimp,8,20230620,fraukje,communication,6,1,1,1,1
a_chimp,8,20230620,fraukje,communication,7,1,1,1,1
a_chimp,8,20230620,fraukje,communication,8,3,1,1,1
a_chimp,8,20230620,fraukje,communication,9,2,1,1,1
a_chimp,8,20230620,fraukje,communication,10,3,1,1,1
a_chimp,8,20230620,fraukje,communication,11,2,1,1,1
a_chimp,8,20230620,fraukje,communication,12,3,1,1,1
a_chimp,8,20230620,fraukje,visible_food,1,3,1,1,1
a_chimp,8,20230620,fraukje,visible_food,2,1,1,1,1
a_chimp,8,20230620,fraukje,visible_food,3,3,1,1,1
a_chimp,8,20230620,fraukje,visible_food,4,1,1,1,1
a_chimp,8,20230620,fraukje,visible_food,5,3,1,1,1
a_chimp,8,20230620,fraukje,visible_food,6,1,1,1,1
a_chimp,8,20230620,fraukje,visible_food,7,3,1,1,1
a_chimp,8,20230620,fraukje,visible_food,8,3,1,1,1
a_chimp,8,20230620,fraukje,visible_food,9,3,0,0,1
a_chimp,8,20230620,fraukje,visible_food,10,1,1,1,1
a_chimp,8,20230620,fraukje,visible_food,11,1,0,0,1
a_chimp,8,20230620,fraukje,visible_food,12,1,1,1,1
a_chimp,8,20230622,fraukje,inhibit_searched,1,NA,0,0,1
a_chimp,8,20230622,fraukje,inhibit_searched,2,NA,0,0,1
a_chimp,8,20230622,fraukje,inhibit_searched,3,NA,0,0,1
a_chimp,8,20230622,fraukje,inhibit_searched,4,NA,0,0,1
a_chimp,8,20230622,fraukje,inhibit_searched,5,NA,0,0,1
a_chimp,8,20230622,fraukje,inhibit_searched,6,NA,0,0,1
a_chimp,8,20230622,fraukje,inhibit_searched,7,NA,0,0,1
a_chimp,8,20230622,fraukje,inhibit_searched,8,NA,0,0,1
a_chimp,8,20230622,fraukje,inhibit_searched,9,NA,0,0,1
a_chimp,8,20230622,fraukje,inhibit_searched,10,NA,0,0,1
a_chimp,8,20230622,fraukje,inhibit_searched,11,NA,0,0,1
a_chimp,8,20230622,fraukje,inhibit_searched,12,NA,0,0,1
a_chimp,8,20230622,fraukje,attention,1,1,0,0,1
a_chimp,8,20230622,fraukje,attention,2,1,1,1,1
a_chimp,8,20230622,fraukje,attention,3,1,0,0,1
a_chimp,8,20230622,fraukje,attention,4,3,0,0,1
a_chimp,8,20230622,fraukje,attention,5,3,0,0,1
a_chimp,8,20230622,fraukje,attention,6,1,0,0,1
a_chimp,8,20230622,fraukje,attention,7,1,1,1,1
a_chimp,8,20230622,fraukje,attention,8,3,1,1,1
a_chimp,8,20230622,fraukje,attention,9,1,1,1,1
a_chimp,8,20230622,fraukje,attention,10,3,1,1,1
a_chimp,8,20230622,fraukje,attention,11,3,1,1,1
a_chimp,8,20230622,fraukje,attention,12,1,1,1,1
a_chimp,8,20230615,tai,population,1,1,1,1,1
a_chimp,8,20230615,tai,population,2,1,1,1,1
a_chimp,8,20230615,tai,population,3,3,1,1,1
a_chimp,8,20230615,tai,population,4,1,1,1,1
a_chimp,8,20230615,tai,population,5,3,1,1,1
a_chimp,8,20230615,tai,population,6,3,1,1,1
a_chimp,8,20230615,tai,population,7,1,1,1,1
a_chimp,8,20230615,tai,population,8,3,1,1,1
a_chimp,8,20230615,tai,population,9,3,1,1,1
a_chimp,8,20230615,tai,population,10,1,1,1,1
a_chimp,8,20230615,tai,population,11,3,1,1,1
a_chimp,8,20230615,tai,population,12,1,1,1,1
a_chimp,8,20230615,tai,reasoning,1,3,1,1,1
a_chimp,8,20230615,tai,reasoning,2,3,0,0,1
a_chimp,8,20230615,tai,reasoning,3,1,1,1,1
a_chimp,8,20230615,tai,reasoning,4,3,1,1,1
a_chimp,8,20230615,tai,reasoning,5,3,0,0,1
a_chimp,8,20230615,tai,reasoning,6,3,0,0,1
a_chimp,8,20230615,tai,reasoning,7,3,1,1,1
a_chimp,8,20230615,tai,reasoning,8,3,1,1,1
a_chimp,8,20230615,tai,reasoning,9,3,0,0,1
a_chimp,8,20230615,tai,reasoning,10,3,1,1,1
a_chimp,8,20230615,tai,reasoning,11,3,1,1,1
a_chimp,8,20230615,tai,reasoning,12,3,1,0,0
a_chimp,8,20230620,tai,communication,1,1,1,1,1
a_chimp,8,20230620,tai,communication,2,3,0,0,1
a_chimp,8,20230620,tai,communication,3,2,1,1,1
a_chimp,8,20230620,tai,communication,4,2,1,1,1
a_chimp,8,20230620,tai,communication,5,3,1,1,1
a_chimp,8,20230620,tai,communication,6,1,1,1,1
a_chimp,8,20230620,tai,communication,7,1,1,1,1
a_chimp,8,20230620,tai,communication,8,3,1,1,1
a_chimp,8,20230620,tai,communication,9,2,1,1,1
a_chimp,8,20230620,tai,communication,10,3,1,1,1
a_chimp,8,20230620,tai,communication,11,2,1,1,1
a_chimp,8,20230620,tai,communication,12,3,1,1,1
a_chimp,8,20230620,tai,visible_food,1,3,1,1,1
a_chimp,8,20230620,tai,visible_food,2,1,1,1,1
a_chimp,8,20230620,tai,visible_food,3,3,1,1,1
a_chimp,8,20230620,tai,visible_food,4,1,1,1,1
a_chimp,8,20230620,tai,visible_food,5,3,1,1,1
a_chimp,8,20230620,tai,visible_food,6,1,1,1,1
a_chimp,8,20230620,tai,visible_food,7,3,1,1,1
a_chimp,8,20230620,tai,visible_food,8,3,1,1,1
a_chimp,8,20230620,tai,visible_food,9,1,1,1,1
a_chimp,8,20230620,tai,visible_food,10,1,1,1,1
a_chimp,8,20230620,tai,visible_food,11,3,1,1,1
a_chimp,8,20230620,tai,visible_food,12,1,1,1,1
a_chimp,8,20230622,tai,inhibit_searched,1,NA,0,0,1
a_chimp,8,20230622,tai,inhibit_searched,2,NA,0,0,1
a_chimp,8,20230622,tai,inhibit_searched,3,NA,0,0,1
a_chimp,8,20230622,tai,inhibit_searched,4,NA,0,0,1
a_chimp,8,20230622,tai,inhibit_searched,5,NA,0,0,1
a_chimp,8,20230622,tai,inhibit_searched,6,NA,0,0,1
a_chimp,8,20230622,tai,inhibit_searched,7,NA,0,0,1
a_chimp,8,20230622,tai,inhibit_searched,8,NA,0,0,1
a_chimp,8,20230622,tai,inhibit_searched,9,NA,0,0,1
a_chimp,8,20230622,tai,inhibit_searched,10,NA,0,0,1
a_chimp,8,20230622,tai,inhibit_searched,11,NA,0,0,1
a_chimp,8,20230622,tai,inhibit_searched,12,NA,0,0,1
a_chimp,8,20230622,tai,attention,1,3,1,1,1
a_chimp,8,20230622,tai,attention,2,3,0,0,1
a_chimp,8,20230622,tai,attention,3,3,1,1,1
a_chimp,8,20230622,tai,attention,4,1,1,1,1
a_chimp,8,20230622,tai,attention,5,3,0,0,1
a_chimp,8,20230622,tai,attention,6,3,1,1,1
a_chimp,8,20230622,tai,attention,7,1,1,1,1
a_chimp,8,20230622,tai,attention,8,3,1,1,1
a_chimp,8,20230622,tai,attention,9,3,0,0,1
a_chimp,8,20230622,tai,attention,10,1,0,0,1
a_chimp,8,20230622,tai,attention,11,3,1,1,1
a_chimp,8,20230622,tai,attention,12,1,1,1,1
a_chimp,8,20230620,shanga,communication,1,1,1,1,1
a_chimp,8,20230620,shanga,communication,2,1,1,1,1
a_chimp,8,20230620,shanga,communication,3,2,1,1,1
a_chimp,8,20230620,shanga,communication,4,2,1,1,1
a_chimp,8,20230620,shanga,communication,5,3,1,1,1
a_chimp,8,20230620,shanga,communication,6,1,1,1,1
a_chimp,8,20230620,shanga,communication,7,2,0,0,1
a_chimp,8,20230620,shanga,communication,8,1,0,0,1
a_chimp,8,20230620,shanga,communication,9,2,1,1,1
a_chimp,8,20230620,shanga,communication,10,3,1,1,1
a_chimp,8,20230620,shanga,communication,11,2,1,1,1
a_chimp,8,20230620,shanga,communication,12,3,1,1,1
a_chimp,8,20230620,shanga,visible_food,1,3,1,1,1
a_chimp,8,20230620,shanga,visible_food,2,1,1,1,1
a_chimp,8,20230620,shanga,visible_food,3,3,1,1,1
a_chimp,8,20230620,shanga,visible_food,4,1,1,1,1
a_chimp,8,20230620,shanga,visible_food,5,3,1,1,1
a_chimp,8,20230620,shanga,visible_food,6,1,1,1,1
a_chimp,8,20230620,shanga,visible_food,7,1,0,0,1
a_chimp,8,20230620,shanga,visible_food,8,3,1,1,1
a_chimp,8,20230620,shanga,visible_food,9,1,1,1,1
a_chimp,8,20230620,shanga,visible_food,10,1,1,1,1
a_chimp,8,20230620,shanga,visible_food,11,3,1,1,1
a_chimp,8,20230620,shanga,visible_food,12,1,1,1,1
a_chimp,8,20230622,shanga,inhibit_searched,1,NA,0,0,1
a_chimp,8,20230622,shanga,inhibit_searched,2,NA,0,0,1
a_chimp,8,20230622,shanga,inhibit_searched,3,NA,0,0,1
a_chimp,8,20230622,shanga,inhibit_searched,4,NA,0,0,1
a_chimp,8,20230622,shanga,inhibit_searched,5,NA,0,0,1
a_chimp,8,20230716,riet,population,1,1,1,1,1
a_chimp,8,20230716,riet,population,2,1,1,1,1
a_chimp,8,20230716,riet,population,3,3,1,1,1
a_chimp,8,20230716,riet,population,4,1,1,1,1
a_chimp,8,20230716,riet,population,5,3,1,1,1
a_chimp,8,20230716,riet,population,6,1,0,0,1
a_chimp,8,20230716,riet,population,7,1,1,1,1
a_chimp,8,20230717,riet,communication,1,1,1,1,1
a_chimp,8,20230717,riet,communication,2,2,0,0,1
a_chimp,8,20230717,riet,communication,3,2,1,1,1
a_chimp,8,20230717,riet,communication,4,2,1,1,1
a_chimp,8,20230717,riet,communication,5,3,1,1,1
a_chimp,8,20230717,riet,communication,6,1,1,1,1
a_chimp,8,20230717,riet,communication,7,2,0,0,1
a_chimp,8,20230717,riet,communication,8,3,1,1,1
a_chimp,8,20230717,riet,communication,9,2,1,1,1
a_chimp,8,20230717,riet,communication,10,1,0,0,1
a_chimp,8,20230717,riet,communication,11,2,1,1,1
a_chimp,8,20230717,riet,communication,12,3,1,1,1
a_chimp,8,20230717,riet,visible_food,1,3,1,1,1
a_chimp,8,20230717,riet,visible_food,2,3,0,0,1
a_chimp,8,20230717,riet,visible_food,3,3,1,1,1
a_chimp,8,20230717,riet,visible_food,4,1,1,1,1
a_chimp,8,20230717,riet,visible_food,5,3,1,1,1
a_chimp,8,20230717,riet,visible_food,6,3,0,0,1
a_chimp,8,20230717,riet,visible_food,7,3,1,1,1
a_chimp,8,20230717,riet,visible_food,8,3,1,1,1
a_chimp,8,20230717,riet,visible_food,9,3,0,0,1
a_chimp,8,20230717,riet,visible_food,10,1,1,1,1
a_chimp,8,20230717,riet,visible_food,11,3,1,1,1
a_chimp,8,20230717,riet,visible_food,12,1,1,1,1
a_chimp,8,20230718,riet,inhibit_searched,1,NA,0,0,1
a_chimp,8,20230718,riet,inhibit_searched,2,NA,0,0,1
a_chimp,8,20230718,riet,inhibit_searched,3,NA,0,0,1
a_chimp,8,20230718,riet,inhibit_searched,4,NA,0,0,1
a_chimp,8,20230718,riet,inhibit_searched,5,NA,0,0,1
a_chimp,8,20230718,riet,inhibit_searched,6,NA,0,0,1
a_chimp,8,20230718,riet,inhibit_searched,7,NA,0,0,1
a_chimp,8,20230718,riet,inhibit_searched,8,NA,0,0,1
a_chimp,8,20230718,riet,inhibit_searched,9,NA,0,0,1
a_chimp,8,20230718,riet,inhibit_searched,10,NA,0,0,1
a_chimp,8,20230718,riet,inhibit_searched,11,NA,0,0,1
a_chimp,8,20230718,riet,inhibit_searched,12,NA,0,0,1
a_chimp,8,20230718,riet,attention,1,3,1,1,1
a_chimp,8,20230718,riet,attention,2,1,1,1,1
a_chimp,8,20230718,riet,attention,3,3,1,1,1
a_chimp,8,20230718,riet,attention,4,3,0,0,1
a_chimp,8,20230718,riet,attention,5,1,1,1,1
a_chimp,8,20230718,riet,attention,6,3,1,1,1
a_chimp,8,20230718,riet,attention,7,1,1,1,1
a_chimp,8,20230718,riet,attention,8,3,1,1,1
a_chimp,8,20230718,riet,attention,9,3,0,0,1
a_chimp,8,20230718,riet,attention,10,3,1,1,1
a_chimp,8,20230718,riet,attention,11,3,1,1,1
a_chimp,8,20230718,riet,attention,12,3,0,0,1
a_chimp,8,20230716,ohini,population,1,1,1,1,1
a_chimp,8,20230716,ohini,population,2,3,0,0,1
a_chimp,8,20230716,ohini,population,3,1,0,0,1
a_chimp,8,20230716,ohini,population,4,3,0,0,1
a_chimp,8,20230716,ohini,population,5,1,0,0,1
a_chimp,8,20230716,ohini,population,6,3,1,1,1
a_chimp,8,20230716,ohini,population,7,1,1,1,1
a_chimp,8,20230716,ohini,population,8,1,0,0,1
a_chimp,8,20230716,ohini,population,9,3,1,1,1
a_chimp,8,20230716,ohini,population,10,1,1,1,1
a_chimp,8,20230716,ohini,population,11,3,1,1,1
a_chimp,8,20230716,ohini,population,12,3,0,0,1
a_chimp,8,20230716,ohini,reasoning,1,1,0,0,1
a_chimp,8,20230716,ohini,reasoning,2,1,1,1,1
a_chimp,8,20230716,ohini,reasoning,3,1,1,1,1
a_chimp,8,20230716,ohini,reasoning,4,3,1,1,1
a_chimp,8,20230716,ohini,reasoning,5,3,0,0,1
a_chimp,8,20230716,ohini,reasoning,6,3,0,0,1
a_chimp,8,20230716,ohini,reasoning,7,3,1,1,1
a_chimp,8,20230716,ohini,reasoning,8,3,1,1,1
a_chimp,8,20230716,ohini,reasoning,9,3,0,0,1
a_chimp,8,20230716,ohini,reasoning,10,3,1,1,1
a_chimp,8,20230716,ohini,reasoning,11,3,1,1,1
a_chimp,8,20230716,ohini,reasoning,12,3,0,0,1
a_chimp,8,20230717,ohini,communication,1,1,1,1,1
a_chimp,8,20230717,ohini,communication,2,1,1,1,1
a_chimp,8,20230717,ohini,communication,3,2,1,1,1
a_chimp,8,20230717,ohini,communication,4,2,1,1,1
a_chimp,8,20230717,ohini,communication,5,3,1,1,1
a_chimp,8,20230717,ohini,communication,6,1,1,1,1
a_chimp,8,20230717,ohini,communication,7,1,1,1,1
a_chimp,8,20230717,ohini,communication,8,3,1,1,1
a_chimp,8,20230717,ohini,communication,9,2,1,1,1
a_chimp,8,20230717,ohini,communication,10,3,1,1,1
a_chimp,8,20230717,ohini,communication,11,2,1,1,1
a_chimp,8,20230717,ohini,communication,12,3,1,1,1
a_chimp,8,20230717,ohini,visible_food,1,3,1,1,1
a_chimp,8,20230717,ohini,visible_food,2,1,1,1,1
a_chimp,8,20230717,ohini,visible_food,3,3,1,1,1
a_chimp,8,20230717,ohini,visible_food,4,1,1,1,1
a_chimp,8,20230717,ohini,visible_food,5,3,1,1,1
a_chimp,8,20230717,ohini,visible_food,6,1,1,1,1
a_chimp,8,20230717,ohini,visible_food,7,3,1,1,1
a_chimp,8,20230717,ohini,visible_food,8,3,1,1,1
a_chimp,8,20230717,ohini,visible_food,9,1,1,1,1
a_chimp,8,20230717,ohini,visible_food,10,1,1,1,1
a_chimp,8,20230717,ohini,visible_food,11,3,1,1,1
a_chimp,8,20230717,ohini,visible_food,12,1,1,1,1
a_chimp,8,20230718,ohini,inhibit_searched,1,NA,0,0,1
a_chimp,8,20230718,ohini,inhibit_searched,2,NA,0,0,1
a_chimp,8,20230718,ohini,inhibit_searched,3,NA,0,0,1
a_chimp,8,20230718,ohini,inhibit_searched,4,NA,0,0,1
a_chimp,8,20230718,ohini,inhibit_searched,5,NA,0,0,1
a_chimp,8,20230718,ohini,inhibit_searched,6,NA,0,0,1
a_chimp,8,20230718,ohini,inhibit_searched,7,NA,0,0,1
a_chimp,8,20230718,ohini,inhibit_searched,8,NA,0,0,1
a_chimp,8,20230718,ohini,inhibit_searched,9,NA,0,0,1
a_chimp,8,20230718,ohini,inhibit_searched,10,NA,0,0,1
a_chimp,8,20230718,ohini,inhibit_searched,11,NA,0,0,1
a_chimp,8,20230718,ohini,inhibit_searched,12,NA,0,0,1
a_chimp,8,20230718,ohini,attention,1,1,0,0,1
a_chimp,8,20230718,ohini,attention,2,1,1,1,1
a_chimp,8,20230718,ohini,attention,3,3,1,1,1
a_chimp,8,20230718,ohini,attention,4,3,0,0,1
a_chimp,8,20230718,ohini,attention,5,1,1,1,1
a_chimp,8,20230718,ohini,attention,6,3,1,1,1
a_chimp,8,20230718,ohini,attention,7,1,1,1,1
a_chimp,8,20230718,ohini,attention,8,3,1,1,1
a_chimp,8,20230718,ohini,attention,9,1,1,1,1
a_chimp,8,20230718,ohini,attention,10,3,1,1,1
a_chimp,8,20230718,ohini,attention,11,3,1,1,1
a_chimp,8,20230718,ohini,attention,12,1,1,1,1
a_chimp,8,20230716,kisha,population,1,1,1,1,1
a_chimp,8,20230716,kisha,population,2,3,0,0,1
a_chimp,8,20230716,kisha,population,3,3,1,1,1
a_chimp,8,20230716,kisha,population,4,3,0,0,1
a_chimp,8,20230716,kisha,population,5,3,1,1,1
a_chimp,8,20230716,kisha,population,6,1,0,0,1
a_chimp,8,20230716,kisha,population,7,3,0,0,1
a_chimp,8,20230716,kisha,population,8,3,1,1,1
a_chimp,8,20230716,kisha,population,9,3,1,1,1
a_chimp,8,20230716,kisha,population,10,3,0,0,1
a_chimp,8,20230716,kisha,population,11,1,0,0,1
a_chimp,8,20230716,kisha,population,12,3,0,0,1
a_chimp,8,20230716,kisha,reasoning,1,1,0,0,1
a_chimp,8,20230716,kisha,reasoning,2,3,0,0,1
a_chimp,8,20230716,kisha,reasoning,3,3,0,0,1
a_chimp,8,20230716,kisha,reasoning,4,1,0,0,1
a_chimp,8,20230716,kisha,reasoning,5,3,0,0,1
a_chimp,8,20230716,kisha,reasoning,6,3,0,0,1
a_chimp,8,20230717,kisha,communication,2,1,1,1,1
a_chimp,8,20230717,kisha,communication,3,1,0,0,1
a_chimp,8,20230717,kisha,communication,4,1,0,0,1
a_chimp,8,20230717,kisha,communication,5,2,0,0,1
a_chimp,8,20230717,kisha,communication,6,2,0,0,1
a_chimp,8,20230717,kisha,communication,7,2,0,0,1
a_chimp,8,20230717,kisha,visible_food,1,3,1,1,1
a_chimp,8,20230717,kisha,visible_food,2,1,1,1,1
a_chimp,8,20230717,kisha,visible_food,3,1,0,0,1
a_chimp,8,20230717,kisha,visible_food,4,1,1,1,1
a_chimp,8,20230717,kisha,visible_food,5,3,1,1,1
a_chimp,8,20230717,kisha,visible_food,6,1,1,1,1
a_chimp,8,20230717,kisha,visible_food,7,3,1,1,1
a_chimp,8,20230717,kisha,visible_food,8,3,1,1,1
a_chimp,8,20230717,kisha,visible_food,9,1,1,1,1
a_chimp,8,20230717,kisha,visible_food,10,1,1,1,1
a_chimp,8,20230717,kisha,visible_food,11,3,1,1,1
a_chimp,8,20230717,kisha,visible_food,12,1,1,1,1
a_chimp,8,20230718,kisha,inhibit_searched,2,NA,1,1,1
a_chimp,8,20230718,kisha,inhibit_searched,3,NA,0,0,1
a_chimp,8,20230718,kisha,inhibit_searched,4,NA,1,1,1
a_chimp,8,20230718,kisha,inhibit_searched,5,NA,1,1,1
a_chimp,8,20230718,kisha,inhibit_searched,6,NA,0,0,1
a_chimp,8,20230718,kisha,attention,1,3,1,1,1
a_chimp,8,20230718,kisha,attention,2,1,1,1,1
a_chimp,8,20230718,kisha,attention,3,3,1,1,1
a_chimp,8,20230718,kisha,attention,4,3,0,0,1
a_chimp,8,20230718,kisha,attention,5,3,0,0,1
a_chimp,8,20230718,kisha,attention,6,1,0,0,1
a_chimp,8,20230717,corrie,communication,1,1,1,1,1
a_chimp,8,20230717,corrie,communication,2,1,0,0,1
a_chimp,8,20230717,corrie,communication,3,2,1,1,1
a_chimp,8,20230717,corrie,communication,4,1,0,0,1
a_chimp,8,20230717,corrie,communication,5,1,0,0,1
a_chimp,8,20230717,corrie,communication,6,1,1,1,1
a_chimp,8,20230717,corrie,communication,7,1,1,1,1
a_chimp,8,20230717,corrie,communication,8,1,0,0,1
a_chimp,8,20230717,corrie,communication,9,2,1,1,1
a_chimp,8,20230717,corrie,communication,10,2,0,0,1
a_chimp,8,20230717,corrie,communication,11,2,1,1,1
a_chimp,8,20230717,corrie,communication,12,2,0,0,1
a_chimp,8,20230717,corrie,visible_food,1,3,1,1,1
a_chimp,8,20230717,corrie,visible_food,2,1,1,1,1
a_chimp,8,20230717,corrie,visible_food,3,3,1,1,1
a_chimp,8,20230717,corrie,visible_food,4,1,1,1,1
a_chimp,8,20230717,corrie,visible_food,5,3,1,1,1
a_chimp,8,20230717,corrie,visible_food,6,1,1,1,1
a_chimp,8,20230717,corrie,visible_food,7,3,1,1,1
a_chimp,8,20230717,corrie,visible_food,8,3,1,1,1
a_chimp,8,20230717,corrie,visible_food,9,1,1,1,1
a_chimp,8,20230717,corrie,visible_food,10,1,1,1,1
a_chimp,8,20230717,corrie,visible_food,11,3,1,1,1
a_chimp,8,20230717,corrie,visible_food,12,1,1,1,1
a_chimp,8,20230718,corrie,inhibit_searched,1,NA,1,1,1
a_chimp,8,20230718,corrie,inhibit_searched,2,NA,0,0,1
a_chimp,8,20230718,corrie,inhibit_searched,3,NA,0,0,1
a_chimp,8,20230718,corrie,inhibit_searched,4,NA,1,1,1
a_chimp,8,20230718,corrie,inhibit_searched,5,NA,0,0,1
a_chimp,8,20230718,corrie,inhibit_searched,6,NA,0,0,1
a_chimp,8,20230718,corrie,inhibit_searched,7,NA,0,0,1
a_chimp,8,20230718,corrie,inhibit_searched,8,NA,0,0,1
a_chimp,8,20230718,corrie,inhibit_searched,9,NA,0,0,1
a_chimp,8,20230718,corrie,inhibit_searched,10,NA,0,0,1
a_chimp,8,20230718,corrie,inhibit_searched,11,NA,0,0,1
a_chimp,8,20230718,corrie,inhibit_searched,12,NA,1,1,1
a_chimp,8,20230718,corrie,attention,1,1,0,0,1
a_chimp,8,20230718,corrie,attention,2,1,1,1,1
a_chimp,8,20230718,corrie,attention,3,3,1,1,1
a_chimp,8,20230718,corrie,attention,4,1,1,1,1
a_chimp,8,20230718,corrie,attention,5,3,0,0,1
a_chimp,8,20230718,corrie,attention,6,3,1,1,1
a_chimp,8,20230718,corrie,attention,7,3,0,0,1
a_chimp,8,20230718,corrie,attention,8,3,1,1,1
a_chimp,8,20230718,corrie,attention,9,1,1,1,1
a_chimp,8,20230718,corrie,attention,10,3,1,1,1
a_chimp,8,20230718,corrie,attention,11,3,1,1,1
a_chimp,8,20230718,corrie,attention,12,1,1,1,1
a_chimp,8,20230716,maja,population,1,1,1,1,1
a_chimp,8,20230716,maja,population,2,3,0,0,1
a_chimp,8,20230716,maja,population,3,1,0,0,1
a_chimp,8,20230716,maja,population,4,3,0,0,1
a_chimp,8,20230716,maja,population,5,3,1,1,1
a_chimp,8,20230716,maja,population,6,3,1,1,1
a_chimp,8,20230716,maja,population,7,1,1,1,1
a_chimp,8,20230716,maja,population,8,1,0,0,1
a_chimp,8,20230716,maja,population,9,3,1,1,1
a_chimp,8,20230716,maja,population,10,1,1,1,1
a_chimp,8,20230716,maja,population,11,3,1,1,1
a_chimp,8,20230716,maja,population,12,3,0,0,1
a_chimp,8,20230716,maja,reasoning,1,1,0,0,1
a_chimp,8,20230716,maja,reasoning,2,1,1,1,1
a_chimp,8,20230716,maja,reasoning,3,1,1,1,1
a_chimp,8,20230716,maja,reasoning,4,1,0,0,1
a_chimp,8,20230716,maja,reasoning,5,1,1,1,1
a_chimp,8,20230716,maja,reasoning,6,1,1,1,1
a_chimp,8,20230716,maja,reasoning,7,1,0,0,1
a_chimp,8,20230717,swela,communication,1,1,1,1,1
a_chimp,8,20230717,swela,communication,2,1,1,1,1
a_chimp,8,20230717,swela,communication,3,2,1,1,1
a_chimp,8,20230717,swela,communication,4,2,1,1,1
a_chimp,8,20230717,swela,communication,5,3,1,1,1
a_chimp,8,20230717,swela,communication,6,1,1,1,1
a_chimp,8,20230717,swela,communication,7,1,1,1,1
a_chimp,8,20230717,swela,communication,8,3,1,1,1
a_chimp,8,20230717,swela,communication,9,2,1,1,1
a_chimp,8,20230717,swela,communication,10,3,1,1,1
a_chimp,8,20230717,swela,communication,11,2,1,1,1
a_chimp,8,20230717,swela,communication,12,3,1,1,1
a_chimp,8,20230717,swela,visible_food,1,3,1,1,1
a_chimp,8,20230717,swela,visible_food,2,1,1,1,1
a_chimp,8,20230717,swela,visible_food,3,3,1,1,1
a_chimp,8,20230717,swela,visible_food,4,1,1,1,1
a_chimp,8,20230717,swela,visible_food,5,3,1,1,1
a_chimp,8,20230717,swela,visible_food,6,1,1,1,1
a_chimp,8,20230717,swela,visible_food,7,3,1,1,1
a_chimp,8,20230717,swela,visible_food,8,3,1,1,1
a_chimp,8,20230717,swela,visible_food,9,1,1,1,1
a_chimp,8,20230717,swela,visible_food,10,1,1,1,1
a_chimp,8,20230717,swela,visible_food,11,3,1,1,1
a_chimp,8,20230717,swela,visible_food,12,1,1,1,1
a_chimp,8,20230718,maja,inhibit_searched,1,NA,1,1,1
a_chimp,8,20230718,maja,inhibit_searched,2,NA,0,0,1
a_chimp,8,20230718,maja,inhibit_searched,3,NA,0,0,1
a_chimp,8,20230718,maja,inhibit_searched,4,NA,0,0,1
a_chimp,8,20230718,maja,inhibit_searched,5,NA,0,0,1
a_chimp,8,20230718,maja,inhibit_searched,6,NA,0,0,1
a_chimp,8,20230718,maja,inhibit_searched,7,NA,0,0,1
a_chimp,8,20230718,maja,inhibit_searched,8,NA,0,0,1
a_chimp,8,20230718,maja,inhibit_searched,9,NA,0,0,1
a_chimp,8,20230718,maja,inhibit_searched,10,NA,0,0,1
a_chimp,8,20230718,maja,inhibit_searched,11,NA,0,0,1
a_chimp,8,20230718,maja,inhibit_searched,12,NA,0,0,1
a_chimp,8,20230718,maja,attention,1,3,1,1,1
a_chimp,8,20230718,maja,attention,2,1,1,1,1
a_chimp,8,20230718,maja,attention,3,3,1,1,1
a_chimp,8,20230718,maja,attention,4,1,1,1,1
a_chimp,8,20230718,maja,attention,5,1,1,1,1
a_chimp,8,20230718,maja,attention,6,3,1,1,1
a_chimp,8,20230718,maja,attention,7,1,1,1,1
a_chimp,8,20230718,maja,attention,8,3,1,1,1
a_chimp,8,20230718,maja,attention,9,1,1,1,1
a_chimp,8,20230718,maja,attention,10,3,1,1,1
a_chimp,8,20230718,maja,attention,11,3,1,1,1
a_chimp,8,20230718,maja,attention,12,1,1,1,1
a_chimp,8,20230716,swela,population,1,3,0,0,1
a_chimp,8,20230716,swela,population,2,3,0,0,1
a_chimp,8,20230716,swela,population,3,3,1,1,1
a_chimp,8,20230716,swela,population,4,3,0,0,1
a_chimp,8,20230716,swela,population,5,3,1,1,1
a_chimp,8,20230716,swela,population,6,3,1,1,1
a_chimp,8,20230716,swela,population,7,1,1,1,1
a_chimp,8,20230716,swela,population,8,3,1,1,1
a_chimp,8,20230716,swela,population,9,3,1,1,1
a_chimp,8,20230716,swela,population,10,3,0,0,1
a_chimp,8,20230716,swela,population,11,3,1,1,1
a_chimp,8,20230716,swela,population,12,3,0,0,1
a_chimp,8,20230716,swela,reasoning,1,1,0,0,1
a_chimp,8,20230716,swela,reasoning,2,1,1,1,1
a_chimp,8,20230716,swela,reasoning,3,1,1,1,1
a_chimp,8,20230717,maja,communication,1,1,1,1,1
a_chimp,8,20230717,maja,communication,2,1,1,1,1
a_chimp,8,20230717,maja,communication,3,1,0,0,1
a_chimp,8,20230717,maja,communication,4,1,0,0,1
a_chimp,8,20230717,maja,communication,5,3,1,1,1
a_chimp,8,20230717,maja,communication,6,1,1,1,1
a_chimp,8,20230717,maja,communication,7,1,1,1,1
a_chimp,8,20230717,maja,communication,8,3,1,1,1
a_chimp,8,20230717,maja,communication,9,1,0,0,1
a_chimp,8,20230717,maja,communication,10,1,0,0,1
a_chimp,8,20230717,maja,communication,11,2,1,1,1
a_chimp,8,20230717,maja,communication,12,3,1,1,1
a_chimp,8,20230717,maja,visible_food,1,3,1,1,1
a_chimp,8,20230717,maja,visible_food,2,1,1,1,1
a_chimp,8,20230717,maja,visible_food,3,3,1,1,1
a_chimp,8,20230717,maja,visible_food,4,1,1,1,1
a_chimp,8,20230717,maja,visible_food,5,3,1,1,1
a_chimp,8,20230717,maja,visible_food,6,1,1,1,1
a_chimp,8,20230717,maja,visible_food,7,3,1,1,1
a_chimp,8,20230717,maja,visible_food,8,3,1,1,1
a_chimp,8,20230717,maja,visible_food,9,1,1,1,1
a_chimp,8,20230717,maja,visible_food,10,1,1,1,1
a_chimp,8,20230717,maja,visible_food,11,3,1,1,1
a_chimp,8,20230717,maja,visible_food,12,1,1,1,1
b_chimp,4,20221101,alex,population,1,3,0,0,1
b_chimp,4,20221101,alex,population,2,1,1,1,1
b_chimp,4,20221101,alex,reasoning,1,1,0,0,1
b_chimp,4,20221101,alex,reasoning,2,3,0,0,1
b_chimp,4,20221101,alex,reasoning,3,3,0,0,1
b_chimp,4,20221101,alex,reasoning,4,3,1,1,1
b_chimp,4,20221101,alex,reasoning,5,3,0,0,1
b_chimp,4,20221101,alex,reasoning,6,3,0,0,1
b_chimp,4,20221101,alex,reasoning,7,1,0,0,1
b_chimp,4,20221101,alex,reasoning,8,1,0,0,1
b_chimp,4,20221101,alex,reasoning,9,3,0,0,1
b_chimp,4,20221101,alex,reasoning,10,1,0,0,1
b_chimp,4,20221101,alex,reasoning,11,1,0,0,1
b_chimp,4,20221101,alex,reasoning,12,3,0,0,1
b_chimp,4,20221102,alex,communication,1,1,1,1,1
b_chimp,4,20221102,alex,communication,2,1,1,1,1
b_chimp,4,20221102,alex,communication,3,2,1,1,1
b_chimp,4,20221102,alex,communication,4,2,1,1,1
b_chimp,4,20221102,alex,communication,5,3,1,1,1
b_chimp,4,20221102,alex,communication,6,1,1,1,1
b_chimp,4,20221102,alex,communication,7,1,1,1,1
b_chimp,4,20221102,alex,communication,8,3,1,1,1
b_chimp,4,20221102,alex,communication,9,2,1,1,1
b_chimp,4,20221102,alex,communication,10,3,1,1,1
b_chimp,4,20221102,alex,communication,11,2,1,1,1
b_chimp,4,20221102,alex,communication,12,3,1,1,1
b_chimp,4,20221102,alex,visible_food,1,3,1,1,1
b_chimp,4,20221102,alex,visible_food,2,3,0,0,1
b_chimp,4,20221102,alex,visible_food,3,1,0,0,1
b_chimp,4,20221102,alex,visible_food,4,1,1,1,1
b_chimp,4,20221102,alex,visible_food,5,3,1,1,1
b_chimp,4,20221102,alex,visible_food,6,1,1,1,1
b_chimp,4,20221102,alex,visible_food,7,3,1,1,1
b_chimp,4,20221102,alex,visible_food,8,3,1,1,1
b_chimp,4,20221102,alex,visible_food,9,1,1,1,1
b_chimp,4,20221102,alex,visible_food,10,1,1,1,1
b_chimp,4,20221102,alex,visible_food,11,3,1,1,1
b_chimp,4,20221102,alex,visible_food,12,1,1,1,1
b_chimp,4,20221106,alex,inhibit_searched,1,NA,0,0,1
b_chimp,4,20221106,alex,inhibit_searched,2,NA,1,1,1
b_chimp,4,20221106,alex,inhibit_searched,3,NA,0,0,1
b_chimp,4,20221106,alex,inhibit_searched,4,NA,0,0,1
b_chimp,4,20221106,alex,inhibit_searched,5,NA,0,0,1
b_chimp,4,20221106,alex,inhibit_searched,6,NA,0,0,1
b_chimp,4,20221106,alex,inhibit_searched,7,NA,1,1,1
b_chimp,4,20221106,alex,inhibit_searched,8,NA,0,0,1
b_chimp,4,20221106,alex,inhibit_searched,9,NA,0,0,1
b_chimp,4,20221106,alex,inhibit_searched,10,NA,0,0,1
b_chimp,4,20221106,alex,inhibit_searched,11,NA,0,0,1
b_chimp,4,20221106,alex,inhibit_searched,12,NA,0,0,1
b_chimp,4,20221106,alex,attention,1,3,1,1,1
b_chimp,4,20221106,alex,attention,2,3,0,0,1
b_chimp,4,20221106,alex,attention,3,3,1,1,1
b_chimp,4,20221101,zira,population,1,1,1,1,1
b_chimp,4,20221101,zira,population,2,1,1,1,1
b_chimp,4,20221101,zira,population,3,3,1,1,1
b_chimp,4,20221101,zira,population,4,1,1,1,1
b_chimp,4,20221101,zira,population,5,3,1,1,1
b_chimp,4,20221101,zira,population,6,1,0,0,1
b_chimp,4,20221101,zira,population,7,1,1,1,1
b_chimp,4,20221101,zira,population,8,3,1,1,1
b_chimp,4,20221101,zira,population,9,3,1,1,1
b_chimp,4,20221101,zira,population,10,1,1,1,1
b_chimp,4,20221101,zira,population,11,1,0,0,1
b_chimp,4,20221101,zira,population,12,1,1,1,1
b_chimp,4,20221101,zira,reasoning,1,1,0,0,1
b_chimp,4,20221101,zira,reasoning,2,1,1,1,1
b_chimp,4,20221101,zira,reasoning,3,1,1,1,1
b_chimp,4,20221101,zira,reasoning,4,1,0,0,1
b_chimp,4,20221101,zira,reasoning,5,3,0,0,1
b_chimp,4,20221101,zira,reasoning,6,1,1,1,1
b_chimp,4,20221101,zira,reasoning,7,3,1,1,1
b_chimp,4,20221101,zira,reasoning,8,3,1,1,1
b_chimp,4,20221101,zira,reasoning,9,3,0,0,1
b_chimp,4,20221101,zira,reasoning,10,3,1,1,1
b_chimp,4,20221101,zira,reasoning,11,3,1,1,1
b_chimp,4,20221101,zira,reasoning,12,3,0,0,1
b_chimp,4,20221102,zira,communication,1,1,1,1,1
b_chimp,4,20221102,zira,communication,2,1,1,1,1
b_chimp,4,20221102,zira,communication,3,2,1,1,1
b_chimp,4,20221102,zira,communication,4,2,1,1,1
b_chimp,4,20221102,zira,communication,5,3,1,1,1
b_chimp,4,20221102,zira,communication,6,3,0,0,1
b_chimp,4,20221102,zira,communication,7,1,1,1,1
b_chimp,4,20221102,zira,communication,8,3,1,1,1
b_chimp,4,20221102,zira,communication,9,2,1,1,1
b_chimp,4,20221102,zira,communication,10,3,1,1,1
b_chimp,4,20221102,zira,communication,11,2,1,1,1
b_chimp,4,20221102,zira,communication,12,2,0,0,1
b_chimp,4,20221102,zira,visible_food,1,3,1,1,1
b_chimp,4,20221102,zira,visible_food,2,1,1,1,1
b_chimp,4,20221102,zira,visible_food,3,3,1,1,1
b_chimp,4,20221102,zira,visible_food,4,1,1,1,1
b_chimp,4,20221102,zira,visible_food,5,3,1,1,1
b_chimp,4,20221102,zira,visible_food,6,1,1,1,1
b_chimp,4,20221102,zira,visible_food,7,1,0,0,1
b_chimp,4,20221102,zira,visible_food,8,3,1,1,1
b_chimp,4,20221102,zira,visible_food,9,3,0,0,1
b_chimp,4,20221102,zira,visible_food,10,1,1,1,1
b_chimp,4,20221102,zira,visible_food,11,3,1,1,1
b_chimp,4,20221102,zira,visible_food,12,1,1,1,1
b_chimp,4,20221101,hope,population,1,1,1,1,1
b_chimp,4,20221101,hope,population,2,1,1,1,1
b_chimp,4,20221101,hope,population,3,3,1,1,1
b_chimp,4,20221101,hope,population,4,1,1,1,1
b_chimp,4,20221101,hope,population,5,3,1,1,1
b_chimp,4,20221101,hope,population,6,3,1,1,1
b_chimp,4,20221101,hope,population,7,1,1,1,1
b_chimp,4,20221101,hope,population,8,3,1,1,1
b_chimp,4,20221101,hope,population,9,3,1,1,1
b_chimp,4,20221101,hope,population,10,1,1,1,1
b_chimp,4,20221101,hope,population,11,3,1,1,1
b_chimp,4,20221101,hope,population,12,1,1,1,1
b_chimp,4,20221101,hope,reasoning,1,3,1,1,1
b_chimp,4,20221101,hope,reasoning,2,1,1,1,1
b_chimp,4,20221101,hope,reasoning,3,3,0,0,1
b_chimp,4,20221101,hope,reasoning,4,1,0,0,1
b_chimp,4,20221101,hope,reasoning,5,3,0,0,1
b_chimp,4,20221101,hope,reasoning,6,3,0,0,1
b_chimp,4,20221101,hope,reasoning,7,1,0,0,1
b_chimp,4,20221101,hope,reasoning,8,1,0,0,1
b_chimp,4,20221101,hope,reasoning,9,3,0,0,1
b_chimp,4,20221101,hope,reasoning,10,1,0,0,1
b_chimp,4,20221101,hope,reasoning,11,1,0,0,1
b_chimp,4,20221101,hope,reasoning,12,3,0,0,1
b_chimp,4,20221102,hope,communication,1,1,1,1,1
b_chimp,4,20221102,hope,communication,2,1,1,1,1
b_chimp,4,20221102,hope,communication,3,2,1,1,1
b_chimp,4,20221102,hope,communication,4,2,1,1,1
b_chimp,4,20221102,hope,communication,5,3,1,1,1
b_chimp,4,20221102,hope,communication,6,1,1,1,1
b_chimp,4,20221102,hope,communication,7,1,1,1,1
b_chimp,4,20221102,hope,communication,8,3,1,1,1
b_chimp,4,20221102,hope,communication,9,2,1,1,1
b_chimp,4,20221102,hope,communication,10,3,1,1,1
b_chimp,4,20221102,hope,communication,11,2,1,1,1
b_chimp,4,20221102,hope,communication,12,3,1,1,1
b_chimp,4,20221102,hope,visible_food,1,3,1,1,1
b_chimp,4,20221102,hope,visible_food,2,1,1,1,1
b_chimp,4,20221102,hope,visible_food,3,3,1,1,1
b_chimp,4,20221102,hope,visible_food,4,3,0,0,1
b_chimp,4,20221102,hope,visible_food,5,3,1,1,1
b_chimp,4,20221102,hope,visible_food,6,3,0,0,1
b_chimp,4,20221102,hope,visible_food,7,1,0,0,1
b_chimp,4,20221102,hope,visible_food,8,3,1,1,1
b_chimp,4,20221102,hope,visible_food,9,1,1,1,1
b_chimp,4,20221102,hope,visible_food,10,1,1,1,1
b_chimp,4,20221102,hope,visible_food,11,3,1,1,1
b_chimp,4,20221102,hope,visible_food,12,1,1,1,1
b_chimp,4,20221106,hope,inhibit_searched,1,NA,0,0,1
b_chimp,4,20221106,hope,inhibit_searched,2,NA,0,0,1
b_chimp,4,20221106,hope,inhibit_searched,3,NA,0,0,1
b_chimp,4,20221106,hope,inhibit_searched,4,NA,0,0,1
b_chimp,4,20221106,hope,inhibit_searched,5,NA,0,0,1
b_chimp,4,20221106,hope,inhibit_searched,6,NA,0,0,1
b_chimp,4,20221106,hope,inhibit_searched,7,NA,0,0,1
b_chimp,4,20221106,hope,inhibit_searched,8,NA,0,0,1
b_chimp,4,20221106,hope,inhibit_searched,9,NA,0,0,1
b_chimp,4,20221106,hope,inhibit_searched,10,NA,0,0,1
b_chimp,4,20221106,hope,inhibit_searched,11,NA,0,0,1
b_chimp,4,20221106,hope,inhibit_searched,12,NA,0,0,1
b_chimp,4,20221106,hope,attention,1,3,1,1,1
b_chimp,4,20221106,hope,attention,2,3,0,0,1
b_chimp,4,20221106,hope,attention,3,3,1,0,0
b_chimp,4,20221106,hope,attention,4,3,0,0,1
b_chimp,4,20221106,hope,attention,5,3,0,0,1
b_chimp,4,20221106,hope,attention,6,3,1,1,1
b_chimp,4,20221106,hope,attention,7,3,0,0,1
b_chimp,4,20221106,hope,attention,8,3,1,1,1
b_chimp,4,20221106,hope,attention,9,3,0,0,1
b_chimp,4,20221106,hope,attention,10,3,1,1,1
b_chimp,4,20221106,hope,attention,11,3,1,1,1
b_chimp,4,20221106,hope,attention,12,3,0,0,1
b_chimp,4,20221101,frederike,population,1,1,1,1,1
b_chimp,4,20221101,frederike,population,2,1,1,1,1
b_chimp,4,20221101,frederike,population,3,3,1,1,1
b_chimp,4,20221101,frederike,population,4,1,1,1,1
b_chimp,4,20221101,frederike,population,5,3,1,1,1
b_chimp,4,20221101,frederike,population,6,3,1,1,1
b_chimp,4,20221101,frederike,population,7,1,1,1,1
b_chimp,4,20221101,frederike,population,8,3,1,1,1
b_chimp,4,20221101,frederike,population,9,3,1,1,1
b_chimp,4,20221101,frederike,population,10,1,1,1,1
b_chimp,4,20221101,frederike,population,11,3,1,1,1
b_chimp,4,20221101,frederike,population,12,1,1,1,1
b_chimp,4,20221101,frederike,reasoning,1,3,1,1,1
b_chimp,4,20221101,frederike,reasoning,2,3,0,0,1
b_chimp,4,20221101,frederike,reasoning,3,3,0,0,1
b_chimp,4,20221101,frederike,reasoning,4,3,1,1,1
b_chimp,4,20221101,frederike,reasoning,5,3,0,0,1
b_chimp,4,20221101,frederike,reasoning,6,3,0,0,1
b_chimp,4,20221101,frederike,reasoning,7,3,1,1,1
b_chimp,4,20221101,frederike,reasoning,8,3,1,1,1
b_chimp,4,20221101,frederike,reasoning,9,1,1,1,1
b_chimp,4,20221101,frederike,reasoning,10,3,1,1,1
b_chimp,4,20221101,frederike,reasoning,11,3,1,1,1
b_chimp,4,20221101,frederike,reasoning,12,3,0,0,1
b_chimp,4,20221102,frederike,communication,1,1,1,1,1
b_chimp,4,20221102,frederike,communication,2,1,1,1,1
b_chimp,4,20221102,frederike,communication,3,2,1,1,1
b_chimp,4,20221102,frederike,communication,4,2,1,1,1
b_chimp,4,20221102,frederike,communication,5,3,1,1,1
b_chimp,4,20221102,frederike,communication,6,1,1,1,1
b_chimp,4,20221102,frederike,communication,7,1,1,1,1
b_chimp,4,20221102,frederike,communication,8,3,1,1,1
b_chimp,4,20221102,frederike,communication,9,2,1,1,1
b_chimp,4,20221102,frederike,communication,10,3,1,1,1
b_chimp,4,20221102,frederike,communication,11,2,1,1,1
b_chimp,4,20221102,frederike,communication,12,3,1,1,1
b_chimp,4,20221102,frederike,visible_food,1,3,1,1,1
b_chimp,4,20221102,frederike,visible_food,2,1,1,1,1
b_chimp,4,20221102,frederike,visible_food,3,3,1,1,1
b_chimp,4,20221102,frederike,visible_food,4,1,1,1,1
b_chimp,4,20221102,frederike,visible_food,5,3,1,1,1
b_chimp,4,20221102,frederike,visible_food,6,1,1,1,1
b_chimp,4,20221102,frederike,visible_food,7,3,1,1,1
b_chimp,4,20221102,frederike,visible_food,8,3,1,1,1
b_chimp,4,20221102,frederike,visible_food,9,1,1,1,1
b_chimp,4,20221102,frederike,visible_food,10,1,1,1,1
b_chimp,4,20221102,frederike,visible_food,11,3,1,1,1
b_chimp,4,20221102,frederike,visible_food,12,1,1,1,1
b_chimp,4,20221106,frederike,inhibit_searched,1,NA,1,1,1
b_chimp,4,20221106,frederike,inhibit_searched,2,NA,0,0,1
b_chimp,4,20221106,frederike,inhibit_searched,3,NA,0,0,1
b_chimp,4,20221106,frederike,inhibit_searched,4,NA,0,0,1
b_chimp,4,20221106,frederike,inhibit_searched,5,NA,0,0,1
b_chimp,4,20221106,frederike,inhibit_searched,6,NA,0,0,1
b_chimp,4,20221106,frederike,inhibit_searched,7,NA,0,0,1
b_chimp,4,20221106,frederike,inhibit_searched,8,NA,0,0,1
b_chimp,4,20221106,frederike,attention,1,3,1,1,1
b_chimp,4,20221106,frederike,attention,2,1,1,1,1
b_chimp,4,20221106,frederike,attention,3,3,1,1,1
b_chimp,4,20221106,frederike,attention,4,1,1,1,1
b_chimp,4,20221106,frederike,attention,5,1,1,1,1
b_chimp,4,20221106,frederike,attention,6,1,0,0,1
b_chimp,4,20221106,frederike,attention,7,1,1,1,1
b_chimp,4,20221106,frederike,attention,8,3,1,1,1
b_chimp,4,20221106,frederike,attention,9,3,0,0,1
b_chimp,4,20221106,frederike,attention,10,3,1,1,1
b_chimp,4,20221106,frederike,attention,11,3,1,1,1
b_chimp,4,20221106,frederike,attention,12,3,0,0,1
b_chimp,4,20221101,daza,population,1,1,1,1,1
b_chimp,4,20221101,daza,population,2,3,0,0,1
b_chimp,4,20221101,daza,population,3,3,1,1,1
b_chimp,4,20221101,daza,population,4,1,1,1,1
b_chimp,4,20221101,daza,population,5,3,1,1,1
b_chimp,4,20221101,daza,population,6,3,1,1,1
b_chimp,4,20221101,daza,population,7,1,1,1,1
b_chimp,4,20221101,daza,population,8,3,1,1,1
b_chimp,4,20221101,daza,population,9,1,0,0,1
b_chimp,4,20221101,daza,population,10,1,1,1,1
b_chimp,4,20221101,daza,population,11,1,0,0,1
b_chimp,4,20221101,daza,population,12,3,0,0,1
b_chimp,4,20221101,daza,reasoning,1,3,1,1,1
b_chimp,4,20221101,daza,reasoning,2,3,0,0,1
b_chimp,4,20221101,daza,reasoning,3,3,0,0,1
b_chimp,4,20221101,daza,reasoning,4,3,1,1,1
b_chimp,4,20221101,daza,reasoning,5,3,0,0,1
b_chimp,4,20221101,daza,reasoning,6,3,0,0,1
b_chimp,4,20221101,daza,reasoning,7,1,0,0,1
b_chimp,4,20221101,daza,reasoning,8,3,1,1,1
b_chimp,4,20221101,daza,reasoning,9,3,0,0,1
b_chimp,4,20221101,daza,reasoning,10,1,0,0,1
b_chimp,4,20221101,daza,reasoning,11,1,0,0,1
b_chimp,4,20221101,daza,reasoning,12,3,0,0,1
b_chimp,4,20221102,daza,communication,1,2,0,0,1
b_chimp,4,20221102,daza,communication,2,2,0,0,1
b_chimp,4,20221102,daza,communication,3,2,1,1,1
b_chimp,4,20221102,daza,communication,4,2,1,1,1
b_chimp,4,20221102,daza,communication,5,3,1,1,1
b_chimp,4,20221102,daza,communication,6,2,0,0,1
b_chimp,4,20221102,daza,communication,7,2,0,0,1
b_chimp,4,20221102,daza,communication,8,3,1,1,1
b_chimp,4,20221102,daza,communication,9,2,1,1,1
b_chimp,4,20221102,daza,communication,10,3,1,1,1
b_chimp,4,20221102,daza,communication,11,2,1,1,1
b_chimp,4,20221102,daza,communication,12,3,1,1,1
b_chimp,4,20221102,daza,visible_food,1,3,1,1,1
b_chimp,4,20221102,daza,visible_food,2,1,1,1,1
b_chimp,4,20221102,daza,visible_food,3,3,1,1,1
b_chimp,4,20221102,daza,visible_food,4,3,0,0,1
b_chimp,4,20221102,daza,visible_food,5,3,1,1,1
b_chimp,4,20221102,daza,visible_food,6,1,1,1,1
b_chimp,4,20221102,daza,visible_food,7,3,1,1,1
b_chimp,4,20221102,daza,visible_food,8,3,1,1,1
b_chimp,4,20221102,daza,visible_food,9,1,1,1,1
b_chimp,4,20221102,daza,visible_food,10,1,1,1,1
b_chimp,4,20221102,daza,visible_food,11,3,1,1,1
b_chimp,4,20221102,daza,visible_food,12,1,1,1,1
b_chimp,4,20221106,daza,inhibit_searched,1,NA,0,0,1
b_chimp,4,20221106,daza,inhibit_searched,2,NA,0,0,1
b_chimp,4,20221106,daza,inhibit_searched,3,NA,0,0,1
b_chimp,4,20221106,daza,inhibit_searched,4,NA,1,1,1
b_chimp,4,20221106,daza,inhibit_searched,5,NA,1,1,1
b_chimp,4,20221106,daza,inhibit_searched,6,NA,0,0,1
b_chimp,4,20221106,daza,inhibit_searched,7,NA,1,1,1
b_chimp,4,20221106,daza,inhibit_searched,8,NA,1,1,1
b_chimp,4,20221106,daza,inhibit_searched,9,NA,1,1,1
b_chimp,4,20221106,daza,inhibit_searched,10,NA,0,0,1
b_chimp,4,20221106,daza,inhibit_searched,11,NA,1,1,1
b_chimp,4,20221106,daza,inhibit_searched,12,NA,1,1,1
b_chimp,4,20221106,daza,attention,1,3,1,1,1
b_chimp,4,20221106,daza,attention,2,3,0,0,1
b_chimp,4,20221106,daza,attention,3,3,1,1,1
b_chimp,4,20221106,daza,attention,4,3,0,0,1
b_chimp,4,20221106,daza,attention,5,3,0,0,1
b_chimp,4,20221106,daza,attention,6,3,1,1,1
b_chimp,4,20221106,daza,attention,7,3,0,0,1
b_chimp,4,20221106,daza,attention,8,3,1,1,1
b_chimp,4,20221106,daza,attention,9,1,1,1,1
b_chimp,4,20221106,daza,attention,10,3,1,1,1
b_chimp,4,20221106,daza,attention,11,3,1,1,1
b_chimp,4,20221106,daza,attention,12,3,0,0,1
b_chimp,4,20221101,jeudi,population,1,1,1,1,1
b_chimp,4,20221101,jeudi,population,2,1,1,1,1
b_chimp,4,20221101,jeudi,population,3,3,1,1,1
b_chimp,4,20221101,jeudi,population,4,1,1,1,1
b_chimp,4,20221101,jeudi,population,5,3,1,1,1
b_chimp,4,20221101,jeudi,population,6,1,0,0,1
b_chimp,4,20221101,jeudi,population,7,3,0,0,1
b_chimp,4,20221101,jeudi,population,8,3,1,1,1
b_chimp,4,20221101,jeudi,population,9,1,0,0,1
b_chimp,4,20221101,jeudi,population,10,1,1,1,1
b_chimp,4,20221101,jeudi,population,11,1,0,0,1
b_chimp,4,20221101,jeudi,population,12,1,1,1,1
b_chimp,4,20221101,jeudi,reasoning,1,3,1,1,1
b_chimp,4,20221101,jeudi,reasoning,2,3,0,0,1
b_chimp,4,20221101,jeudi,reasoning,3,3,0,0,1
b_chimp,4,20221101,jeudi,reasoning,4,1,0,0,1
b_chimp,4,20221101,jeudi,reasoning,5,3,0,0,1
b_chimp,4,20221101,jeudi,reasoning,6,3,0,0,1
b_chimp,4,20221101,jeudi,reasoning,7,3,1,1,1
b_chimp,4,20221101,jeudi,reasoning,8,3,1,1,1
b_chimp,4,20221101,jeudi,reasoning,9,3,0,0,1
b_chimp,4,20221101,jeudi,reasoning,10,3,1,1,1
b_chimp,4,20221101,jeudi,reasoning,11,3,1,1,1
b_chimp,4,20221101,jeudi,reasoning,12,3,0,0,1
b_chimp,4,20221102,jeudi,communication,1,2,0,0,1
b_chimp,4,20221102,jeudi,communication,2,2,0,0,1
b_chimp,4,20221102,jeudi,communication,3,2,1,1,1
b_chimp,4,20221102,jeudi,communication,4,2,1,1,1
b_chimp,4,20221102,jeudi,communication,5,3,1,1,1
b_chimp,4,20221102,jeudi,communication,6,3,0,0,1
b_chimp,4,20221102,jeudi,communication,7,2,0,0,1
b_chimp,4,20221102,jeudi,communication,8,3,1,1,1
b_chimp,4,20221102,jeudi,communication,9,2,1,1,1
b_chimp,4,20221102,jeudi,communication,10,3,1,1,1
b_chimp,4,20221102,jeudi,communication,11,2,1,1,1
b_chimp,4,20221102,jeudi,communication,12,3,1,1,1
b_chimp,4,20221102,jeudi,visible_food,1,3,1,1,1
b_chimp,4,20221102,jeudi,visible_food,2,3,0,0,1
b_chimp,4,20221102,jeudi,visible_food,3,3,1,1,1
b_chimp,4,20221102,jeudi,visible_food,4,1,1,1,1
b_chimp,4,20221102,jeudi,visible_food,5,3,1,1,1
b_chimp,4,20221102,jeudi,visible_food,6,3,0,0,1
b_chimp,4,20221102,jeudi,visible_food,7,3,1,1,1
b_chimp,4,20221102,jeudi,visible_food,8,3,1,1,1
b_chimp,4,20221102,jeudi,visible_food,9,3,0,0,1
b_chimp,4,20221102,jeudi,visible_food,10,3,0,0,1
b_chimp,4,20221102,jeudi,visible_food,11,3,1,0,0
b_chimp,4,20221102,jeudi,visible_food,12,1,1,1,1
b_chimp,4,20221106,jeudi,inhibit_searched,1,NA,1,1,1
b_chimp,4,20221106,jeudi,inhibit_searched,2,NA,0,0,1
b_chimp,4,20221106,jeudi,inhibit_searched,3,NA,0,0,1
b_chimp,4,20221106,jeudi,inhibit_searched,4,NA,1,1,1
b_chimp,4,20221106,jeudi,inhibit_searched,5,NA,0,0,1
b_chimp,4,20221106,jeudi,inhibit_searched,6,NA,0,0,1
b_chimp,4,20221106,jeudi,inhibit_searched,7,NA,1,1,1
b_chimp,4,20221106,jeudi,inhibit_searched,8,NA,0,0,1
b_chimp,4,20221106,jeudi,attention,1,3,1,1,1
b_chimp,4,20221106,jeudi,attention,2,3,0,0,1
b_chimp,4,20221106,jeudi,attention,3,3,1,1,1
b_chimp,4,20221106,jeudi,attention,4,3,0,0,1
b_chimp,4,20221106,jeudi,attention,5,1,1,1,1
b_chimp,4,20221106,jeudi,attention,6,3,1,1,1
b_chimp,4,20221106,jeudi,attention,7,1,1,1,1
b_chimp,4,20221106,jeudi,attention,8,3,1,0,0
b_chimp,4,20221106,jeudi,attention,9,3,0,0,1
b_chimp,4,20221106,jeudi,attention,10,3,1,1,1
b_chimp,4,20221106,jeudi,attention,11,3,1,1,1
b_chimp,4,20221106,jeudi,attention,12,3,0,0,1
b_chimp,8,20230605,alex,population,1,1,1,1,1
b_chimp,8,20230605,alex,population,2,1,1,1,1
b_chimp,8,20230605,alex,population,3,3,1,1,1
b_chimp,8,20230605,alex,population,4,1,1,1,1
b_chimp,8,20230605,alex,population,5,3,1,1,1
b_chimp,8,20230605,alex,population,6,1,0,0,1
b_chimp,8,20230605,alex,population,7,1,1,1,1
b_chimp,8,20230605,alex,population,8,3,1,1,1
b_chimp,8,20230605,alex,population,9,3,1,1,1
b_chimp,8,20230605,alex,population,10,1,1,1,1
b_chimp,8,20230605,alex,population,11,1,0,0,1
b_chimp,8,20230605,alex,population,12,1,1,1,1
b_chimp,8,20230605,alex,reasoning,1,1,0,0,1
b_chimp,8,20230605,alex,reasoning,2,3,0,0,1
b_chimp,8,20230605,alex,reasoning,3,3,0,0,1
b_chimp,8,20230605,alex,reasoning,4,1,0,0,1
b_chimp,8,20230605,alex,reasoning,5,3,0,0,1
b_chimp,8,20230605,alex,reasoning,6,3,0,0,1
b_chimp,8,20230605,alex,reasoning,7,3,1,1,1
b_chimp,8,20230605,alex,reasoning,8,1,0,0,1
b_chimp,8,20230605,alex,reasoning,9,1,1,1,1
b_chimp,8,20230605,alex,reasoning,10,1,0,0,1
b_chimp,8,20230605,alex,reasoning,11,1,0,0,1
b_chimp,8,20230605,alex,reasoning,12,3,0,0,1
b_chimp,8,20230607,alex,communication,1,1,1,1,1
b_chimp,8,20230607,alex,communication,2,2,0,0,1
b_chimp,8,20230607,alex,communication,3,2,1,1,1
b_chimp,8,20230607,alex,communication,4,2,1,1,1
b_chimp,8,20230607,alex,communication,5,3,1,1,1
b_chimp,8,20230607,alex,communication,6,1,1,1,1
b_chimp,8,20230607,alex,communication,7,1,1,1,1
b_chimp,8,20230607,alex,communication,8,3,1,1,1
b_chimp,8,20230607,alex,communication,9,2,1,1,1
b_chimp,8,20230607,alex,communication,10,3,1,1,1
b_chimp,8,20230607,alex,communication,11,2,1,1,1
b_chimp,8,20230607,alex,communication,12,3,1,1,1
b_chimp,8,20230607,alex,visible_food,1,3,1,1,1
b_chimp,8,20230607,alex,visible_food,2,1,1,1,1
b_chimp,8,20230607,alex,visible_food,3,3,1,1,1
b_chimp,8,20230607,alex,visible_food,4,1,1,1,1
b_chimp,8,20230607,alex,visible_food,5,3,1,1,1
b_chimp,8,20230607,alex,visible_food,6,1,1,1,1
b_chimp,8,20230607,alex,visible_food,7,3,1,1,1
b_chimp,8,20230607,alex,visible_food,8,3,1,1,1
b_chimp,8,20230607,alex,visible_food,9,1,1,1,1
b_chimp,8,20230607,alex,visible_food,10,1,1,1,1
b_chimp,8,20230607,alex,visible_food,11,3,1,1,1
b_chimp,8,20230607,alex,visible_food,12,1,1,1,1
b_chimp,8,20230608,alex,inhibit_searched,1,NA,0,0,1
b_chimp,8,20230608,alex,inhibit_searched,2,NA,0,0,1
b_chimp,8,20230608,alex,inhibit_searched,3,NA,0,0,1
b_chimp,8,20230608,alex,inhibit_searched,4,NA,0,0,1
b_chimp,8,20230608,alex,inhibit_searched,5,NA,0,0,1
b_chimp,8,20230608,alex,inhibit_searched,6,NA,0,0,1
b_chimp,8,20230608,alex,inhibit_searched,7,NA,0,0,1
b_chimp,8,20230608,alex,inhibit_searched,8,NA,0,0,1
b_chimp,8,20230608,alex,inhibit_searched,9,NA,0,0,1
b_chimp,8,20230608,alex,inhibit_searched,10,NA,0,0,1
b_chimp,8,20230608,alex,inhibit_searched,11,NA,0,0,1
b_chimp,8,20230608,alex,inhibit_searched,12,NA,0,0,1
b_chimp,8,20230608,alex,attention,1,3,1,1,1
b_chimp,8,20230605,jeudi,population,1,1,1,1,1
b_chimp,8,20230605,jeudi,population,2,1,1,1,1
b_chimp,8,20230605,jeudi,population,3,3,1,1,1
b_chimp,8,20230605,jeudi,population,4,1,1,1,1
b_chimp,8,20230605,jeudi,population,5,3,1,1,1
b_chimp,8,20230605,jeudi,population,6,1,0,0,1
b_chimp,8,20230605,jeudi,population,7,3,0,0,1
b_chimp,8,20230605,jeudi,population,8,3,1,1,1
b_chimp,8,20230605,jeudi,population,9,1,0,0,1
b_chimp,8,20230605,jeudi,population,10,1,1,1,1
b_chimp,8,20230605,jeudi,population,11,1,0,0,1
b_chimp,8,20230605,jeudi,population,12,1,1,1,1
b_chimp,8,20230605,jeudi,reasoning,1,3,1,1,1
b_chimp,8,20230605,jeudi,reasoning,2,3,0,0,1
b_chimp,8,20230605,jeudi,reasoning,3,3,0,0,1
b_chimp,8,20230605,jeudi,reasoning,4,3,1,1,1
b_chimp,8,20230605,jeudi,reasoning,5,3,0,0,1
b_chimp,8,20230605,jeudi,reasoning,6,3,0,0,1
b_chimp,8,20230605,jeudi,reasoning,7,3,1,1,1
b_chimp,8,20230605,jeudi,reasoning,8,3,1,1,1
b_chimp,8,20230605,jeudi,reasoning,9,3,0,0,1
b_chimp,8,20230605,jeudi,reasoning,10,3,1,1,1
b_chimp,8,20230605,jeudi,reasoning,11,3,1,1,1
b_chimp,8,20230605,jeudi,reasoning,12,3,0,0,1
b_chimp,8,20230607,jeudi,communication,1,1,1,1,1
b_chimp,8,20230607,jeudi,communication,2,3,0,0,1
b_chimp,8,20230607,jeudi,communication,3,2,1,1,1
b_chimp,8,20230607,jeudi,communication,4,2,1,1,1
b_chimp,8,20230607,jeudi,communication,5,3,1,1,1
b_chimp,8,20230607,jeudi,communication,6,2,0,0,1
b_chimp,8,20230607,jeudi,communication,7,1,1,1,1
b_chimp,8,20230607,jeudi,communication,8,3,1,1,1
b_chimp,8,20230607,jeudi,communication,9,3,0,0,1
b_chimp,8,20230607,jeudi,communication,10,3,1,1,1
b_chimp,8,20230607,jeudi,communication,11,2,1,1,1
b_chimp,8,20230607,jeudi,communication,12,3,1,1,1
b_chimp,8,20230607,jeudi,visible_food,1,1,0,0,1
b_chimp,8,20230607,jeudi,visible_food,2,3,0,0,1
b_chimp,8,20230607,jeudi,visible_food,3,3,1,1,1
b_chimp,8,20230607,jeudi,visible_food,4,1,1,1,1
b_chimp,8,20230607,jeudi,visible_food,5,3,1,1,1
b_chimp,8,20230607,jeudi,visible_food,6,1,1,1,1
b_chimp,8,20230607,jeudi,visible_food,7,3,1,1,1
b_chimp,8,20230607,jeudi,visible_food,8,3,1,1,1
b_chimp,8,20230607,jeudi,visible_food,9,1,1,1,1
b_chimp,8,20230607,jeudi,visible_food,10,1,1,1,1
b_chimp,8,20230607,jeudi,visible_food,11,3,1,1,1
b_chimp,8,20230607,jeudi,visible_food,12,1,1,1,1
b_chimp,8,20230608,jeudi,inhibit_searched,1,NA,0,0,1
b_chimp,8,20230608,jeudi,inhibit_searched,2,NA,0,0,1
b_chimp,8,20230608,jeudi,inhibit_searched,3,NA,0,0,1
b_chimp,8,20230608,jeudi,inhibit_searched,4,NA,1,1,1
b_chimp,8,20230608,jeudi,inhibit_searched,5,NA,1,1,1
b_chimp,8,20230608,jeudi,inhibit_searched,6,NA,0,0,1
b_chimp,8,20230608,jeudi,inhibit_searched,7,NA,0,0,1
b_chimp,8,20230608,jeudi,inhibit_searched,8,NA,0,0,1
b_chimp,8,20230608,jeudi,inhibit_searched,9,NA,0,0,1
b_chimp,8,20230608,jeudi,inhibit_searched,10,NA,0,0,1
b_chimp,8,20230608,jeudi,inhibit_searched,11,NA,0,0,1
b_chimp,8,20230608,jeudi,inhibit_searched,12,NA,0,0,1
b_chimp,8,20230608,jeudi,attention,1,3,1,1,1
b_chimp,8,20230608,jeudi,attention,2,3,0,0,1
b_chimp,8,20230608,jeudi,attention,3,3,1,1,1
b_chimp,8,20230608,jeudi,attention,4,3,0,0,1
b_chimp,8,20230608,jeudi,attention,5,3,0,0,1
b_chimp,8,20230608,jeudi,attention,6,3,1,1,1
b_chimp,8,20230608,jeudi,attention,7,3,0,0,1
b_chimp,8,20230608,jeudi,attention,8,3,1,1,1
b_chimp,8,20230608,jeudi,attention,9,3,0,0,1
b_chimp,8,20230608,jeudi,attention,10,3,1,1,1
b_chimp,8,20230608,jeudi,attention,11,3,1,1,1
b_chimp,8,20230608,jeudi,attention,12,3,0,0,1
b_chimp,8,20230605,zira,population,1,1,1,1,1
b_chimp,8,20230605,zira,population,2,3,0,0,1
b_chimp,8,20230605,zira,population,3,3,1,1,1
b_chimp,8,20230605,zira,population,4,1,1,1,1
b_chimp,8,20230605,zira,population,5,3,1,1,1
b_chimp,8,20230605,zira,population,6,3,1,1,1
b_chimp,8,20230605,zira,population,7,1,1,1,1
b_chimp,8,20230605,zira,population,8,3,1,1,1
b_chimp,8,20230605,zira,population,9,3,1,1,1
b_chimp,8,20230605,zira,population,10,1,1,1,1
b_chimp,8,20230605,zira,population,11,3,1,1,1
b_chimp,8,20230605,zira,population,12,3,0,0,1
b_chimp,8,20230605,zira,reasoning,1,1,0,0,1
b_chimp,8,20230605,zira,reasoning,2,3,0,0,1
b_chimp,8,20230605,zira,reasoning,3,1,1,1,1
b_chimp,8,20230605,zira,reasoning,4,1,0,0,1
b_chimp,8,20230605,zira,reasoning,5,3,0,0,1
b_chimp,8,20230605,zira,reasoning,6,1,1,1,1
b_chimp,8,20230605,zira,reasoning,7,1,0,0,1
b_chimp,8,20230605,zira,reasoning,8,3,1,1,1
b_chimp,8,20230605,zira,reasoning,9,1,1,1,1
b_chimp,8,20230605,zira,reasoning,10,1,0,0,1
b_chimp,8,20230605,zira,reasoning,11,1,0,0,1
b_chimp,8,20230605,zira,reasoning,12,3,0,0,1
b_chimp,8,20230607,zira,communication,1,1,1,1,1
b_chimp,8,20230607,zira,communication,2,1,1,1,1
b_chimp,8,20230607,zira,communication,3,2,1,1,1
b_chimp,8,20230607,zira,communication,4,2,1,1,1
b_chimp,8,20230607,zira,communication,5,3,1,1,1
b_chimp,8,20230607,zira,communication,6,1,1,1,1
b_chimp,8,20230607,zira,communication,7,1,1,1,1
b_chimp,8,20230607,zira,communication,8,3,1,1,1
b_chimp,8,20230607,zira,communication,9,2,1,1,1
b_chimp,8,20230607,zira,communication,10,3,1,1,1
b_chimp,8,20230607,zira,communication,11,2,1,1,1
b_chimp,8,20230607,zira,communication,12,3,1,1,1
b_chimp,8,20230607,zira,visible_food,1,3,1,1,1
b_chimp,8,20230607,zira,visible_food,2,1,1,1,1
b_chimp,8,20230607,zira,visible_food,3,3,1,1,1
b_chimp,8,20230607,zira,visible_food,4,1,1,1,1
b_chimp,8,20230607,zira,visible_food,5,3,1,1,1
b_chimp,8,20230607,zira,visible_food,6,1,1,1,1
b_chimp,8,20230607,zira,visible_food,7,3,1,1,1
b_chimp,8,20230607,zira,visible_food,8,3,1,1,1
b_chimp,8,20230607,zira,visible_food,9,1,1,1,1
b_chimp,8,20230607,zira,visible_food,10,1,1,1,1
b_chimp,8,20230607,zira,visible_food,11,3,1,1,1
b_chimp,8,20230607,zira,visible_food,12,1,1,1,1
b_chimp,8,20230608,zira,inhibit_searched,1,NA,0,0,1
b_chimp,8,20230608,zira,inhibit_searched,2,NA,0,0,1
b_chimp,8,20230608,zira,inhibit_searched,3,NA,0,0,1
b_chimp,8,20230608,zira,inhibit_searched,4,NA,0,0,1
b_chimp,8,20230608,zira,inhibit_searched,5,NA,0,0,1
b_chimp,8,20230608,zira,inhibit_searched,6,NA,0,0,1
b_chimp,8,20230608,zira,inhibit_searched,7,NA,0,0,1
b_chimp,8,20230608,zira,inhibit_searched,8,NA,0,0,1
b_chimp,8,20230608,zira,inhibit_searched,9,NA,0,0,1
b_chimp,8,20230608,zira,inhibit_searched,10,NA,0,0,1
b_chimp,8,20230608,zira,inhibit_searched,11,NA,0,0,1
b_chimp,8,20230608,zira,inhibit_searched,12,NA,0,0,1
b_chimp,8,20230608,zira,attention,1,3,1,1,1
b_chimp,8,20230608,zira,attention,2,1,1,1,1
b_chimp,8,20230608,zira,attention,3,3,1,1,1
b_chimp,8,20230608,zira,attention,4,1,1,1,1
b_chimp,8,20230608,zira,attention,5,1,1,1,1
b_chimp,8,20230608,zira,attention,6,3,1,1,1
b_chimp,8,20230608,zira,attention,7,1,1,1,1
b_chimp,8,20230608,zira,attention,8,3,1,1,1
b_chimp,8,20230608,zira,attention,9,3,0,0,1
b_chimp,8,20230608,zira,attention,10,3,1,1,1
b_chimp,8,20230608,zira,attention,11,3,1,1,1
b_chimp,8,20230608,zira,attention,12,1,1,1,1
b_chimp,8,20230605,hope,population,1,1,1,1,1
b_chimp,8,20230605,hope,population,2,1,1,1,1
b_chimp,8,20230605,hope,population,3,3,1,1,1
b_chimp,8,20230605,hope,population,4,3,0,0,1
b_chimp,8,20230605,hope,population,5,3,1,1,1
b_chimp,8,20230605,hope,population,6,3,1,1,1
b_chimp,8,20230605,hope,population,7,1,1,1,1
b_chimp,8,20230605,hope,population,8,3,1,1,1
b_chimp,8,20230605,hope,population,9,3,1,1,1
b_chimp,8,20230605,hope,population,10,1,1,1,1
b_chimp,8,20230605,hope,population,11,3,1,1,1
b_chimp,8,20230605,hope,population,12,1,1,1,1
b_chimp,8,20230605,hope,reasoning,1,1,0,0,1
b_chimp,8,20230605,hope,reasoning,2,1,1,1,1
b_chimp,8,20230605,hope,reasoning,3,3,0,0,1
b_chimp,8,20230605,hope,reasoning,4,3,1,1,1
b_chimp,8,20230605,hope,reasoning,5,1,1,1,1
b_chimp,8,20230605,hope,reasoning,6,1,1,1,1
b_chimp,8,20230605,hope,reasoning,7,1,0,0,1
b_chimp,8,20230605,hope,reasoning,8,1,0,0,1
b_chimp,8,20230605,hope,reasoning,9,1,1,1,1
b_chimp,8,20230605,hope,reasoning,10,1,0,0,1
b_chimp,8,20230605,hope,reasoning,11,1,0,0,1
b_chimp,8,20230605,hope,reasoning,12,1,1,1,1
b_chimp,8,20230607,hope,communication,1,1,1,1,1
b_chimp,8,20230607,hope,communication,2,1,1,1,1
b_chimp,8,20230607,hope,communication,3,2,1,1,1
b_chimp,8,20230607,hope,communication,4,2,1,1,1
b_chimp,8,20230607,hope,communication,5,3,1,1,1
b_chimp,8,20230607,hope,communication,6,1,1,1,1
b_chimp,8,20230607,hope,communication,7,2,0,0,1
b_chimp,8,20230607,hope,communication,8,3,1,1,1
b_chimp,8,20230607,hope,communication,9,2,1,1,1
b_chimp,8,20230607,hope,communication,10,3,1,1,1
b_chimp,8,20230607,hope,communication,11,2,1,1,1
b_chimp,8,20230607,hope,communication,12,3,1,1,1
b_chimp,8,20230607,hope,visible_food,1,3,1,1,1
b_chimp,8,20230607,hope,visible_food,2,1,1,1,1
b_chimp,8,20230607,hope,visible_food,3,3,1,1,1
b_chimp,8,20230607,hope,visible_food,4,1,1,1,1
b_chimp,8,20230607,hope,visible_food,5,3,1,1,1
b_chimp,8,20230607,hope,visible_food,6,1,1,1,1
b_chimp,8,20230607,hope,visible_food,7,3,1,1,1
b_chimp,8,20230607,hope,visible_food,8,3,1,1,1
b_chimp,8,20230607,hope,visible_food,9,1,1,1,1
b_chimp,8,20230607,hope,visible_food,10,1,1,1,1
b_chimp,8,20230607,hope,visible_food,11,3,1,1,1
b_chimp,8,20230607,hope,visible_food,12,1,1,1,1
b_chimp,8,20230608,hope,inhibit_searched,1,NA,0,1,0
b_chimp,8,20230608,hope,inhibit_searched,2,NA,0,0,1
b_chimp,8,20230608,hope,inhibit_searched,3,NA,0,0,1
b_chimp,8,20230608,hope,inhibit_searched,4,NA,0,0,1
b_chimp,8,20230608,hope,inhibit_searched,5,NA,0,0,1
b_chimp,8,20230608,hope,inhibit_searched,6,NA,0,0,1
b_chimp,8,20230608,hope,inhibit_searched,7,NA,0,0,1
b_chimp,8,20230608,hope,inhibit_searched,8,NA,0,0,1
b_chimp,8,20230608,hope,inhibit_searched,9,NA,0,0,1
b_chimp,8,20230608,hope,inhibit_searched,10,NA,0,0,1
b_chimp,8,20230608,hope,inhibit_searched,11,NA,0,0,1
b_chimp,8,20230608,hope,inhibit_searched,12,NA,0,0,1
b_chimp,8,20230608,hope,attention,1,3,1,1,1
b_chimp,8,20230608,hope,attention,2,1,1,1,1
b_chimp,8,20230608,hope,attention,3,3,1,1,1
b_chimp,8,20230608,hope,attention,4,1,1,1,1
b_chimp,8,20230608,hope,attention,5,1,1,1,1
b_chimp,8,20230608,hope,attention,6,1,0,0,1
b_chimp,8,20230608,hope,attention,7,3,0,0,1
b_chimp,8,20230608,hope,attention,8,3,1,1,1
b_chimp,8,20230608,hope,attention,9,3,0,0,1
b_chimp,8,20230608,hope,attention,10,3,1,1,1
b_chimp,8,20230608,hope,attention,11,3,1,1,1
b_chimp,8,20230608,hope,attention,12,3,0,0,1
b_chimp,8,20230605,frederike,population,1,1,1,1,1
b_chimp,8,20230605,frederike,population,2,3,0,0,1
b_chimp,8,20230605,frederike,population,3,3,1,1,1
b_chimp,8,20230605,frederike,population,4,3,0,0,1
b_chimp,8,20230605,frederike,population,5,3,1,1,1
b_chimp,8,20230605,frederike,population,6,3,1,1,1
b_chimp,8,20230605,frederike,population,7,3,0,0,1
b_chimp,8,20230605,frederike,population,8,3,1,1,1
b_chimp,8,20230605,frederike,population,9,3,1,1,1
b_chimp,8,20230605,frederike,population,10,1,1,1,1
b_chimp,8,20230605,frederike,population,11,3,1,1,1
b_chimp,8,20230605,frederike,population,12,1,1,1,1
b_chimp,8,20230605,frederike,reasoning,1,3,1,1,1
b_chimp,8,20230605,frederike,reasoning,2,3,0,0,1
b_chimp,8,20230605,frederike,reasoning,3,1,1,1,1
b_chimp,8,20230605,frederike,reasoning,4,1,0,0,1
b_chimp,8,20230605,frederike,reasoning,5,1,1,1,1
b_chimp,8,20230605,frederike,reasoning,6,3,0,0,1
b_chimp,8,20230605,frederike,reasoning,7,1,0,0,1
b_chimp,8,20230605,frederike,reasoning,8,1,0,0,1
b_chimp,8,20230605,frederike,reasoning,9,3,0,0,1
b_chimp,8,20230605,frederike,reasoning,10,3,1,1,1
b_chimp,8,20230605,frederike,reasoning,11,3,1,1,1
b_chimp,8,20230605,frederike,reasoning,12,3,0,0,1
b_chimp,8,20230607,frederike,communication,1,1,1,1,1
b_chimp,8,20230607,frederike,communication,2,2,0,0,1
b_chimp,8,20230607,frederike,communication,3,2,1,1,1
b_chimp,8,20230607,frederike,communication,4,2,1,1,1
b_chimp,8,20230607,frederike,communication,5,3,1,1,1
b_chimp,8,20230607,frederike,communication,6,1,1,1,1
b_chimp,8,20230607,frederike,communication,7,1,1,1,1
b_chimp,8,20230607,frederike,communication,8,3,1,1,1
b_chimp,8,20230607,frederike,communication,9,2,1,1,1
b_chimp,8,20230607,frederike,communication,10,3,1,1,1
b_chimp,8,20230607,frederike,communication,11,2,1,1,1
b_chimp,8,20230607,frederike,communication,12,3,1,1,1
b_chimp,8,20230607,frederike,visible_food,1,3,1,1,1
b_chimp,8,20230607,frederike,visible_food,2,1,1,1,1
b_chimp,8,20230607,frederike,visible_food,3,3,1,1,1
b_chimp,8,20230607,frederike,visible_food,4,1,1,1,1
b_chimp,8,20230607,frederike,visible_food,5,3,1,1,1
b_chimp,8,20230607,frederike,visible_food,6,1,1,1,1
b_chimp,8,20230607,frederike,visible_food,7,3,1,1,1
b_chimp,8,20230607,frederike,visible_food,8,3,1,1,1
b_chimp,8,20230607,frederike,visible_food,9,1,1,1,1
b_chimp,8,20230607,frederike,visible_food,10,1,1,1,1
b_chimp,8,20230607,frederike,visible_food,11,3,1,1,1
b_chimp,8,20230607,frederike,visible_food,12,1,1,1,1
b_chimp,8,20230608,frederike,inhibit_searched,1,NA,0,0,1
b_chimp,8,20230608,frederike,inhibit_searched,2,NA,0,0,1
b_chimp,8,20230608,frederike,inhibit_searched,3,NA,0,0,1
b_chimp,8,20230608,frederike,inhibit_searched,4,NA,0,0,1
b_chimp,8,20230608,frederike,inhibit_searched,5,NA,0,0,1
b_chimp,8,20230608,frederike,inhibit_searched,6,NA,0,0,1
b_chimp,8,20230608,frederike,inhibit_searched,7,NA,0,0,1
b_chimp,8,20230608,frederike,inhibit_searched,8,NA,0,0,1
b_chimp,8,20230608,frederike,inhibit_searched,9,NA,0,0,1
b_chimp,8,20230608,frederike,inhibit_searched,10,NA,0,0,1
b_chimp,8,20230608,frederike,inhibit_searched,11,NA,0,0,1
b_chimp,8,20230608,frederike,inhibit_searched,12,NA,0,0,1
b_chimp,8,20230608,frederike,attention,1,1,0,0,1
b_chimp,8,20230608,frederike,attention,2,1,1,1,1
b_chimp,8,20230608,frederike,attention,3,3,1,1,1
b_chimp,8,20230608,frederike,attention,4,3,0,0,1
b_chimp,8,20230608,frederike,attention,5,1,1,1,1
b_chimp,8,20230608,frederike,attention,6,3,1,1,1
b_chimp,8,20230608,frederike,attention,7,1,1,1,1
b_chimp,8,20230608,frederike,attention,8,1,0,0,1
b_chimp,8,20230608,frederike,attention,9,3,0,0,1
b_chimp,8,20230608,frederike,attention,10,3,1,1,1
b_chimp,8,20230608,frederike,attention,11,1,0,0,1
b_chimp,8,20230608,frederike,attention,12,3,0,0,1
b_chimp,8,20230605,daza,population,1,1,1,1,1
b_chimp,8,20230605,daza,population,2,1,1,1,1
b_chimp,8,20230605,daza,population,3,3,1,1,1
b_chimp,8,20230605,daza,population,4,1,1,1,1
b_chimp,8,20230605,daza,population,5,3,1,1,1
b_chimp,8,20230605,daza,population,6,1,0,0,1
b_chimp,8,20230605,daza,population,7,3,0,0,1
b_chimp,8,20230605,daza,population,8,3,1,1,1
b_chimp,8,20230605,daza,population,9,3,1,1,1
b_chimp,8,20230605,daza,population,10,3,0,0,1
b_chimp,8,20230605,daza,population,11,1,0,0,1
b_chimp,8,20230605,daza,population,12,1,1,1,1
b_chimp,8,20230605,daza,reasoning,1,3,1,1,1
b_chimp,8,20230605,daza,reasoning,2,3,0,0,1
b_chimp,8,20230605,daza,reasoning,3,1,1,1,1
b_chimp,8,20230605,daza,reasoning,4,3,1,1,1
b_chimp,8,20230605,daza,reasoning,5,3,0,0,1
b_chimp,8,20230605,daza,reasoning,6,1,1,1,1
b_chimp,8,20230605,daza,reasoning,7,3,1,1,1
b_chimp,8,20230605,daza,reasoning,8,3,1,1,1
b_chimp,8,20230605,daza,reasoning,9,3,0,0,1
b_chimp,8,20230605,daza,reasoning,10,3,1,1,1
b_chimp,8,20230605,daza,reasoning,11,3,1,1,1
b_chimp,8,20230605,daza,reasoning,12,3,0,0,1
b_chimp,8,20230607,daza,communication,1,3,0,0,1
b_chimp,8,20230607,daza,communication,2,3,0,0,1
b_chimp,8,20230607,daza,communication,3,3,0,0,1
b_chimp,8,20230607,daza,communication,4,3,0,0,1
b_chimp,8,20230607,daza,communication,5,2,0,0,1
b_chimp,8,20230607,daza,communication,6,3,0,0,1
b_chimp,8,20230607,daza,communication,7,1,1,1,1
b_chimp,8,20230607,daza,communication,8,1,0,0,1
b_chimp,8,20230607,daza,communication,9,2,1,1,1
b_chimp,8,20230607,daza,communication,10,2,0,0,1
b_chimp,8,20230607,daza,communication,11,1,0,0,1
b_chimp,8,20230607,daza,communication,12,2,0,0,1
b_chimp,8,20230607,daza,visible_food,1,3,1,1,1
b_chimp,8,20230607,daza,visible_food,2,1,1,1,1
b_chimp,8,20230607,daza,visible_food,3,3,1,1,1
b_chimp,8,20230607,daza,visible_food,4,1,1,1,1
b_chimp,8,20230607,daza,visible_food,5,3,1,1,1
b_chimp,8,20230607,daza,visible_food,6,1,1,1,1
b_chimp,8,20230607,daza,visible_food,7,3,1,1,1
b_chimp,8,20230607,daza,visible_food,8,3,1,1,1
b_chimp,8,20230607,daza,visible_food,9,1,1,1,1
b_chimp,8,20230607,daza,visible_food,10,1,1,1,1
b_chimp,8,20230607,daza,visible_food,11,3,1,1,1
b_chimp,8,20230607,daza,visible_food,12,1,1,1,1
b_chimp,8,20230608,daza,inhibit_searched,1,NA,0,0,1
b_chimp,8,20230608,daza,inhibit_searched,2,NA,0,0,1
b_chimp,8,20230608,daza,inhibit_searched,3,NA,0,0,1
b_chimp,8,20230608,daza,inhibit_searched,4,NA,0,0,1
b_chimp,8,20230608,daza,inhibit_searched,5,NA,0,0,1
b_chimp,8,20230608,daza,inhibit_searched,6,NA,0,0,1
b_chimp,8,20230608,daza,inhibit_searched,7,NA,1,1,1
b_chimp,8,20230608,daza,inhibit_searched,8,NA,1,1,1
b_chimp,8,20230608,daza,inhibit_searched,9,NA,0,0,1
b_chimp,8,20230608,daza,inhibit_searched,10,NA,0,0,1
b_chimp,8,20230608,daza,inhibit_searched,11,NA,0,0,1
b_chimp,8,20230608,daza,inhibit_searched,12,NA,0,0,1
b_chimp,8,20230608,daza,attention,1,3,1,1,1
b_chimp,8,20230608,daza,attention,2,3,0,0,1
b_chimp,8,20230608,daza,attention,3,3,1,1,1
b_chimp,8,20230608,daza,attention,4,3,0,0,1
b_chimp,8,20230608,daza,attention,5,3,0,0,1
b_chimp,8,20230608,daza,attention,6,1,0,0,1
b_chimp,8,20230608,daza,attention,7,3,0,0,1
b_chimp,8,20230608,daza,attention,8,3,1,1,1
b_chimp,8,20230608,daza,attention,9,3,0,0,1
b_chimp,8,20230608,daza,attention,10,3,1,1,1
b_chimp,8,20230608,daza,attention,11,1,0,0,1
b_chimp,8,20230608,daza,attention,12,3,0,0,1
bonobos,7,20230517,luiza,communication,1,1,1,1,1
bonobos,7,20230517,luiza,communication,2,1,1,1,1
bonobos,7,20230517,luiza,communication,3,2,1,1,1
bonobos,7,20230517,luiza,communication,4,2,1,1,1
bonobos,7,20230517,luiza,communication,5,3,1,1,1
bonobos,7,20230517,luiza,communication,6,1,1,1,1
bonobos,7,20230517,luiza,communication,7,1,1,1,1
bonobos,7,20230517,luiza,communication,8,2,0,0,1
bonobos,7,20230517,luiza,communication,9,2,1,1,1
bonobos,7,20230517,luiza,communication,10,3,1,1,1
bonobos,7,20230517,luiza,communication,11,2,1,1,1
bonobos,7,20230517,luiza,communication,12,3,1,1,1
bonobos,8,20230719,joey,population,1,3,0,0,1
bonobos,8,20230719,joey,population,2,3,0,0,1
bonobos,8,20230719,joey,population,3,3,1,1,1
bonobos,8,20230719,joey,population,4,3,0,0,1
bonobos,8,20230719,joey,population,5,3,1,1,1
bonobos,8,20230719,joey,population,6,3,1,1,1
bonobos,8,20230719,joey,reasoning,1,3,1,1,1
bonobos,8,20230719,joey,reasoning,2,1,1,1,1
bonobos,8,20230719,joey,reasoning,3,3,0,0,1
bonobos,8,20230719,joey,reasoning,4,3,1,1,1
bonobos,8,20230719,joey,reasoning,5,1,1,1,1
bonobos,8,20230719,joey,reasoning,6,3,0,0,1
bonobos,8,20230719,joey,reasoning,7,3,1,1,1
bonobos,8,20230719,joey,reasoning,8,3,1,1,1
bonobos,8,20230719,joey,reasoning,9,3,0,0,1
bonobos,8,20230719,joey,reasoning,10,3,1,0,0
bonobos,8,20230719,joey,reasoning,11,3,1,1,1
bonobos,8,20230719,joey,reasoning,12,3,0,0,1
bonobos,8,20230720,joey,communication,1,3,0,0,1
bonobos,8,20230720,joey,communication,2,2,0,0,1
bonobos,8,20230720,joey,communication,3,2,1,1,1
bonobos,8,20230720,joey,visible_food,1,3,1,1,1
bonobos,8,20230720,joey,visible_food,2,3,0,0,1
bonobos,8,20230720,joey,visible_food,3,3,1,1,1
bonobos,8,20230720,joey,visible_food,4,1,1,1,1
bonobos,8,20230720,joey,visible_food,5,3,1,1,1
bonobos,8,20230720,joey,visible_food,6,1,1,1,1
bonobos,8,20230720,joey,visible_food,7,1,0,0,1
bonobos,8,20230720,joey,visible_food,8,3,1,1,1
bonobos,8,20230720,joey,visible_food,9,1,1,1,1
bonobos,8,20230720,joey,visible_food,10,1,1,1,1
bonobos,8,20230720,joey,visible_food,11,3,1,1,1
bonobos,8,20230720,joey,visible_food,12,1,1,1,1
bonobos,8,20230721,joey,inhibit_searched,1,NA,1,1,1
bonobos,8,20230721,joey,inhibit_searched,2,NA,0,0,1
bonobos,8,20230721,joey,inhibit_searched,3,NA,1,1,1
bonobos,8,20230721,joey,inhibit_searched,4,NA,0,0,1
bonobos,8,20230721,joey,inhibit_searched,5,NA,1,1,1
bonobos,8,20230721,joey,inhibit_searched,6,NA,0,0,1
bonobos,8,20230719,jasongo,population,1,1,1,1,1
bonobos,8,20230719,jasongo,population,2,3,0,0,1
bonobos,8,20230719,jasongo,population,3,3,1,1,1
bonobos,8,20230719,jasongo,population,4,3,0,0,1
bonobos,8,20230719,jasongo,population,5,3,1,1,1
bonobos,8,20230719,jasongo,population,6,3,1,1,1
bonobos,8,20230719,jasongo,population,7,3,0,0,1
bonobos,8,20230719,jasongo,population,8,3,1,1,1
bonobos,8,20230719,jasongo,population,9,3,1,1,1
bonobos,8,20230719,jasongo,population,10,3,0,0,1
bonobos,8,20230719,jasongo,population,11,1,0,0,1
bonobos,8,20230719,jasongo,population,12,1,1,1,1
bonobos,8,20230719,jasongo,reasoning,1,3,1,1,1
bonobos,8,20230719,jasongo,reasoning,2,3,0,0,1
bonobos,8,20230719,jasongo,reasoning,3,3,0,0,1
bonobos,8,20230719,jasongo,reasoning,4,3,1,1,1
bonobos,8,20230719,jasongo,reasoning,5,3,0,0,1
bonobos,8,20230719,jasongo,reasoning,6,3,0,0,1
bonobos,8,20230719,jasongo,reasoning,7,1,0,0,1
bonobos,8,20230719,jasongo,reasoning,8,3,1,1,1
bonobos,8,20230719,jasongo,reasoning,9,3,0,0,1
bonobos,8,20230719,jasongo,reasoning,10,1,0,0,1
bonobos,8,20230719,jasongo,reasoning,11,3,1,1,1
bonobos,8,20230719,jasongo,reasoning,12,3,0,0,1
bonobos,8,20230720,jasongo,communication,1,1,1,1,1
bonobos,8,20230720,jasongo,communication,2,1,1,1,1
bonobos,8,20230720,jasongo,communication,3,2,1,1,1
bonobos,8,20230720,jasongo,communication,4,2,1,1,1
bonobos,8,20230720,jasongo,communication,5,3,1,1,1
bonobos,8,20230720,jasongo,communication,6,1,1,1,1
bonobos,8,20230720,jasongo,communication,7,1,1,1,1
bonobos,8,20230720,jasongo,communication,8,3,1,1,1
bonobos,8,20230720,jasongo,communication,9,2,1,1,1
bonobos,8,20230720,jasongo,communication,10,3,1,1,1
bonobos,8,20230720,jasongo,communication,11,2,1,1,1
bonobos,8,20230720,jasongo,communication,12,3,1,1,1
bonobos,8,20230720,jasongo,visible_food,1,3,1,1,1
bonobos,8,20230720,jasongo,visible_food,2,1,1,1,1
bonobos,8,20230720,jasongo,visible_food,3,3,1,1,1
bonobos,8,20230720,jasongo,visible_food,4,1,1,1,1
bonobos,8,20230720,jasongo,visible_food,5,3,1,1,1
bonobos,8,20230720,jasongo,visible_food,6,1,1,1,1
bonobos,8,20230720,jasongo,visible_food,7,3,1,1,1
bonobos,8,20230720,jasongo,visible_food,8,3,1,1,1
bonobos,8,20230720,jasongo,visible_food,9,1,1,1,1
bonobos,8,20230720,jasongo,visible_food,10,1,1,1,1
bonobos,8,20230720,jasongo,visible_food,11,3,1,1,1
bonobos,8,20230720,jasongo,visible_food,12,1,1,1,1
bonobos,8,20230721,jasongo,inhibit_searched,1,NA,0,0,1
bonobos,8,20230721,jasongo,inhibit_searched,2,NA,0,0,1
bonobos,8,20230721,jasongo,inhibit_searched,3,NA,0,0,1
bonobos,8,20230721,jasongo,inhibit_searched,4,NA,0,0,1
bonobos,8,20230721,jasongo,inhibit_searched,5,NA,0,0,1
bonobos,8,20230721,jasongo,inhibit_searched,6,NA,0,0,1
bonobos,8,20230721,jasongo,inhibit_searched,7,NA,0,0,1
bonobos,8,20230721,jasongo,inhibit_searched,8,NA,0,0,1
bonobos,8,20230721,jasongo,inhibit_searched,9,NA,0,0,1
bonobos,8,20230721,jasongo,inhibit_searched,10,NA,0,0,1
bonobos,8,20230721,jasongo,inhibit_searched,11,NA,0,0,1
bonobos,8,20230721,jasongo,inhibit_searched,12,NA,0,0,1
bonobos,8,20230721,jasongo,attention,1,3,1,1,1
bonobos,8,20230721,jasongo,attention,2,3,0,0,1
bonobos,8,20230721,jasongo,attention,3,3,1,1,1
bonobos,8,20230721,jasongo,attention,4,3,0,0,1
bonobos,8,20230721,jasongo,attention,5,3,0,0,1
bonobos,8,20230721,jasongo,attention,6,3,1,1,1
bonobos,8,20230721,jasongo,attention,7,3,0,0,1
bonobos,8,20230721,jasongo,attention,8,3,1,1,1
bonobos,8,20230721,jasongo,attention,9,3,0,0,1
bonobos,8,20230721,jasongo,attention,10,3,1,1,1
bonobos,8,20230721,jasongo,attention,11,3,1,1,1
bonobos,8,20230721,jasongo,attention,12,3,0,0,1
bonobos,8,20230719,kuno,population,1,1,1,1,1
bonobos,8,20230719,kuno,population,2,1,1,1,1
bonobos,8,20230719,kuno,population,3,3,1,1,1
bonobos,8,20230719,kuno,population,4,1,1,1,1
bonobos,8,20230719,kuno,population,5,3,1,1,1
bonobos,8,20230719,kuno,population,6,3,1,1,1
bonobos,8,20230719,kuno,population,7,1,1,1,1
bonobos,8,20230719,kuno,population,8,3,1,1,1
bonobos,8,20230719,kuno,population,9,3,1,1,1
bonobos,8,20230719,kuno,population,10,1,1,1,1
bonobos,8,20230719,kuno,population,11,3,1,1,1
bonobos,8,20230719,kuno,population,12,1,1,1,1
bonobos,8,20230719,kuno,reasoning,1,3,1,1,1
bonobos,8,20230719,kuno,reasoning,2,1,1,1,1
bonobos,8,20230719,kuno,reasoning,3,3,0,0,1
bonobos,8,20230719,kuno,reasoning,4,1,0,0,1
bonobos,8,20230719,kuno,reasoning,5,1,1,1,1
bonobos,8,20230719,kuno,reasoning,6,1,1,1,1
bonobos,8,20230719,kuno,reasoning,7,3,1,1,1
bonobos,8,20230719,kuno,reasoning,8,1,0,0,1
bonobos,8,20230719,kuno,reasoning,9,1,1,1,1
bonobos,8,20230719,kuno,reasoning,10,1,0,0,1
bonobos,8,20230719,kuno,reasoning,11,1,0,0,1
bonobos,8,20230719,kuno,reasoning,12,1,1,1,1
bonobos,8,20230720,kuno,communication,1,1,1,1,1
bonobos,8,20230720,kuno,communication,2,3,0,0,1
bonobos,8,20230720,kuno,communication,3,1,0,0,1
bonobos,8,20230720,kuno,communication,4,2,1,1,1
bonobos,8,20230720,kuno,communication,5,1,0,0,1
bonobos,8,20230720,kuno,communication,6,1,1,1,1
bonobos,8,20230720,kuno,communication,7,2,0,0,1
bonobos,8,20230720,kuno,communication,8,3,1,1,1
bonobos,8,20230720,kuno,communication,9,2,1,1,1
bonobos,8,20230720,kuno,communication,10,3,1,1,1
bonobos,8,20230720,kuno,communication,11,2,1,1,1
bonobos,8,20230720,kuno,communication,12,3,1,1,1
bonobos,8,20230720,kuno,visible_food,1,1,0,0,1
bonobos,8,20230720,kuno,visible_food,2,3,0,0,1
bonobos,8,20230720,kuno,visible_food,3,3,1,1,1
bonobos,8,20230720,kuno,visible_food,4,1,1,1,1
bonobos,8,20230720,kuno,visible_food,5,3,1,1,1
bonobos,8,20230720,kuno,visible_food,6,1,1,1,1
bonobos,8,20230720,kuno,visible_food,7,3,1,1,1
bonobos,8,20230720,kuno,visible_food,8,3,1,1,1
bonobos,8,20230720,kuno,visible_food,9,1,1,1,1
bonobos,8,20230720,kuno,visible_food,10,1,1,1,1
bonobos,8,20230720,kuno,visible_food,11,3,1,1,1
bonobos,8,20230720,kuno,visible_food,12,1,1,1,1
bonobos,8,20230721,kuno,inhibit_searched,1,NA,0,0,1
bonobos,8,20230721,kuno,inhibit_searched,2,NA,0,0,1
bonobos,8,20230721,kuno,inhibit_searched,3,NA,0,0,1
bonobos,8,20230721,kuno,inhibit_searched,4,NA,0,0,1
bonobos,8,20230721,kuno,inhibit_searched,5,NA,0,0,1
bonobos,8,20230721,kuno,inhibit_searched,6,NA,0,0,1
bonobos,8,20230721,kuno,inhibit_searched,7,NA,0,0,1
bonobos,8,20230721,kuno,inhibit_searched,8,NA,0,0,1
bonobos,8,20230721,kuno,inhibit_searched,9,NA,0,0,1
bonobos,8,20230721,kuno,inhibit_searched,10,NA,0,0,1
bonobos,8,20230721,kuno,inhibit_searched,11,NA,0,0,1
bonobos,8,20230721,kuno,inhibit_searched,12,NA,0,0,1
bonobos,8,20230721,kuno,attention,1,3,1,1,1
bonobos,8,20230721,kuno,attention,2,1,1,1,1
bonobos,8,20230721,kuno,attention,3,3,1,1,1
bonobos,8,20230721,kuno,attention,4,1,1,1,1
bonobos,8,20230721,kuno,attention,5,1,1,1,1
bonobos,8,20230721,kuno,attention,6,3,1,1,1
bonobos,8,20230721,kuno,attention,7,1,1,1,1
bonobos,8,20230721,kuno,attention,8,3,1,1,1
bonobos,8,20230721,kuno,attention,9,1,1,1,1
bonobos,8,20230721,kuno,attention,10,3,1,1,1
bonobos,8,20230721,kuno,attention,11,3,1,1,1
bonobos,8,20230721,kuno,attention,12,1,1,1,1
bonobos,8,20230719,luiza,population,1,1,1,1,1
bonobos,8,20230719,luiza,population,2,1,1,1,1
bonobos,8,20230719,luiza,population,3,3,1,1,1
bonobos,8,20230719,luiza,population,4,1,1,1,1
bonobos,8,20230719,luiza,population,5,3,1,1,1
bonobos,8,20230719,luiza,population,6,3,1,1,1
bonobos,8,20230719,luiza,population,7,1,1,1,1
bonobos,8,20230719,luiza,population,8,3,1,1,1
bonobos,8,20230719,luiza,population,9,3,1,1,1
bonobos,8,20230719,luiza,population,10,1,1,1,1
bonobos,8,20230719,luiza,population,11,3,1,1,1
bonobos,8,20230719,luiza,population,12,1,1,1,1
bonobos,8,20230719,luiza,reasoning,1,1,0,0,1
bonobos,8,20230719,luiza,reasoning,2,1,1,1,1
bonobos,8,20230719,luiza,reasoning,3,3,0,0,1
bonobos,8,20230719,luiza,reasoning,4,1,0,0,1
bonobos,8,20230719,luiza,reasoning,5,3,0,0,1
bonobos,8,20230722,kasai,communication,1,1,1,1,1
bonobos,8,20230722,kasai,communication,2,2,0,0,1
bonobos,8,20230722,kasai,communication,3,2,1,1,1
bonobos,8,20230722,kasai,communication,4,2,1,1,1
bonobos,8,20230722,kasai,communication,5,3,1,1,1
bonobos,8,20230722,kasai,communication,6,2,0,0,1
bonobos,8,20230722,kasai,communication,7,2,0,0,1
bonobos,8,20230722,kasai,communication,8,3,1,1,1
bonobos,8,20230722,kasai,communication,9,2,1,1,1
bonobos,8,20230722,kasai,communication,10,3,1,1,1
bonobos,8,20230722,kasai,communication,11,2,1,1,1
bonobos,8,20230722,kasai,communication,12,3,1,1,1
bonobos,8,20230722,kasai,visible_food,1,3,1,1,1
bonobos,8,20230722,kasai,visible_food,2,1,1,1,1
bonobos,8,20230722,kasai,visible_food,3,3,1,1,1
bonobos,8,20230722,kasai,visible_food,4,1,1,1,1
bonobos,8,20230722,kasai,visible_food,5,3,1,1,1
bonobos,8,20230722,kasai,visible_food,6,1,1,1,1
bonobos,8,20230722,kasai,visible_food,7,3,1,1,1
bonobos,8,20230722,kasai,visible_food,8,3,1,1,1
bonobos,8,20230722,kasai,visible_food,9,1,1,1,1
bonobos,8,20230722,kasai,visible_food,10,1,1,1,1
bonobos,8,20230722,kasai,visible_food,11,3,1,1,1
bonobos,8,20230722,kasai,visible_food,12,1,1,1,1
bonobos,8,20230723,kasai,inhibit_searched,1,NA,0,0,1
bonobos,8,20230723,kasai,inhibit_searched,2,NA,0,0,1
bonobos,8,20230723,kasai,inhibit_searched,3,NA,0,0,1
bonobos,8,20230723,kasai,inhibit_searched,4,NA,0,0,1
bonobos,8,20230723,kasai,inhibit_searched,5,NA,0,0,1
bonobos,8,20230723,kasai,inhibit_searched,6,NA,0,0,1
bonobos,8,20230723,kasai,inhibit_searched,7,NA,0,0,1
bonobos,8,20230723,kasai,inhibit_searched,8,NA,0,0,1
bonobos,8,20230723,kasai,inhibit_searched,9,NA,0,0,1
bonobos,8,20230723,kasai,inhibit_searched,10,NA,0,0,1
bonobos,8,20230723,kasai,inhibit_searched,11,NA,0,0,1
bonobos,8,20230723,kasai,inhibit_searched,12,NA,0,0,1
bonobos,8,20230723,kasai,attention,1,3,1,1,1
bonobos,8,20230723,kasai,attention,2,3,0,0,1
bonobos,8,20230723,kasai,attention,3,3,1,1,1
bonobos,8,20230723,kasai,attention,4,1,1,1,1
bonobos,8,20230723,kasai,attention,5,1,1,1,1
bonobos,8,20230723,kasai,attention,6,3,1,1,1
bonobos,8,20230723,kasai,attention,7,1,1,1,1
bonobos,8,20230723,kasai,attention,8,3,1,1,1
bonobos,8,20230723,kasai,attention,9,1,1,1,1
bonobos,8,20230723,kasai,attention,10,3,1,1,1
bonobos,8,20230723,kasai,attention,11,3,1,1,1
bonobos,8,20230723,kasai,attention,12,1,1,1,1
bonobos,8,20230722,yasa,communication,1,1,1,1,1
bonobos,8,20230722,yasa,communication,2,2,0,0,1
bonobos,8,20230722,yasa,communication,3,3,0,0,1
bonobos,8,20230722,yasa,communication,4,2,1,1,1
bonobos,8,20230722,yasa,communication,5,3,1,1,1
bonobos,8,20230722,yasa,communication,6,1,1,1,1
bonobos,8,20230722,yasa,visible_food,1,3,1,1,1
bonobos,8,20230722,yasa,visible_food,2,1,1,1,1
bonobos,8,20230722,yasa,visible_food,3,3,1,1,1
bonobos,8,20230722,yasa,visible_food,4,1,1,1,1
bonobos,8,20230722,yasa,visible_food,5,3,1,1,1
bonobos,8,20230722,yasa,visible_food,6,1,0,1,0
bonobos,8,20230723,yasa,inhibit_searched,1,NA,0,0,1
bonobos,8,20230723,yasa,inhibit_searched,2,NA,0,0,1
bonobos,8,20230723,yasa,inhibit_searched,3,NA,0,0,1
bonobos,8,20230723,yasa,inhibit_searched,4,NA,0,0,1
bonobos,8,20230723,yasa,inhibit_searched,5,NA,0,0,1
bonobos,8,20230723,yasa,inhibit_searched,6,NA,0,0,1
bonobos,8,20230723,yasa,inhibit_searched,7,NA,0,0,1
bonobos,8,20230723,yasa,inhibit_searched,8,NA,0,0,1
bonobos,8,20230723,yasa,inhibit_searched,9,NA,0,0,1
bonobos,8,20230723,yasa,inhibit_searched,10,NA,0,0,1
bonobos,8,20230723,yasa,inhibit_searched,11,NA,0,0,1
bonobos,8,20230723,yasa,inhibit_searched,12,NA,0,0,1
bonobos,8,20230723,yasa,attention,1,1,0,0,1
bonobos,8,20230723,yasa,attention,2,1,1,1,1
bonobos,8,20230723,yasa,attention,3,3,1,1,1
bonobos,8,20230723,yasa,attention,4,1,1,1,1
bonobos,8,20230723,yasa,attention,5,1,1,1,1
bonobos,8,20230723,yasa,attention,6,1,0,0,1
bonobos,8,20230723,yasa,attention,7,1,1,1,1
bonobos,8,20230723,yasa,attention,8,3,1,1,1
bonobos,8,20230723,yasa,attention,9,1,1,1,1
bonobos,8,20230723,yasa,attention,10,3,1,1,1
bonobos,8,20230723,yasa,attention,11,3,1,1,1
bonobos,8,20230723,yasa,attention,12,1,1,1,1
bonobos,8,20230722,sumai,communication,1,1,1,1,1
bonobos,8,20230722,sumai,communication,2,1,1,1,1
bonobos,8,20230722,sumai,communication,3,2,1,1,1
bonobos,8,20230722,sumai,communication,4,2,1,1,1
bonobos,8,20230722,sumai,communication,5,3,1,1,1
bonobos,8,20230722,sumai,communication,6,1,1,1,1
bonobos,8,20230722,sumai,communication,7,1,1,1,1
bonobos,8,20230722,sumai,communication,8,3,1,1,1
bonobos,8,20230722,sumai,communication,9,2,1,1,1
bonobos,8,20230722,sumai,communication,10,1,0,0,1
bonobos,8,20230722,sumai,communication,11,2,1,1,1
bonobos,8,20230722,sumai,communication,12,3,1,1,1
bonobos,8,20230722,sumai,visible_food,1,3,1,1,1
bonobos,8,20230722,sumai,visible_food,2,1,1,1,1
bonobos,8,20230722,sumai,visible_food,3,1,0,0,1
bonobos,8,20230722,sumai,visible_food,4,3,0,0,1
bonobos,8,20230722,sumai,visible_food,5,3,1,1,1
bonobos,8,20230722,sumai,visible_food,6,1,1,1,1
bonobos,8,20230722,sumai,visible_food,7,3,1,1,1
bonobos,8,20230722,sumai,visible_food,8,1,0,0,1
bonobos,8,20230722,sumai,visible_food,9,1,1,1,1
bonobos,8,20230722,sumai,visible_food,10,1,1,1,1
bonobos,8,20230722,sumai,visible_food,11,3,1,1,1
bonobos,8,20230722,sumai,visible_food,12,1,1,1,1
bonobos,8,20230723,sumai,inhibit_searched,1,NA,2,2,1
bonobos,8,20230723,sumai,inhibit_searched,2,NA,1,1,1
bonobos,8,20230723,sumai,inhibit_searched,3,NA,1,1,1
bonobos,8,20230723,sumai,inhibit_searched,4,NA,0,0,1
bonobos,8,20230723,sumai,inhibit_searched,5,NA,1,1,1
bonobos,8,20230723,sumai,inhibit_searched,6,NA,2,2,1
bonobos,8,20230723,sumai,inhibit_searched,7,NA,0,0,1
bonobos,8,20230723,sumai,inhibit_searched,8,NA,0,0,1
bonobos,8,20230723,sumai,inhibit_searched,9,NA,0,0,1
bonobos,8,20230723,sumai,inhibit_searched,10,NA,1,1,1
bonobos,8,20230723,sumai,inhibit_searched,11,NA,0,0,1
bonobos,8,20230723,sumai,inhibit_searched,12,NA,0,0,1
bonobos,8,20230723,sumai,attention,1,1,0,0,1
bonobos,8,20230723,sumai,attention,2,1,1,1,1
bonobos,8,20230723,sumai,attention,3,1,0,0,1
bonobos,8,20230723,sumai,attention,4,1,1,1,1
bonobos,8,20230723,sumai,attention,5,1,1,1,1
bonobos,8,20230723,sumai,attention,6,3,1,1,1
bonobos,8,20230723,sumai,attention,7,1,1,1,1
bonobos,8,20230723,sumai,attention,8,3,1,1,1
bonobos,8,20230723,sumai,attention,9,1,1,1,1
bonobos,8,20230723,sumai,attention,10,3,1,1,1
bonobos,8,20230723,sumai,attention,11,3,1,1,1
bonobos,8,20230723,sumai,attention,12,1,1,1,1
bonobos,8,20230722,amira,communication,1,1,1,1,1
bonobos,8,20230722,amira,communication,2,1,1,1,1
bonobos,8,20230722,amira,communication,3,2,1,1,1
bonobos,8,20230722,amira,communication,4,3,0,0,1
bonobos,8,20230722,amira,communication,5,3,1,1,1
bonobos,8,20230722,amira,communication,6,1,1,1,1
bonobos,8,20230722,amira,communication,7,1,1,1,1
bonobos,8,20230722,amira,communication,8,3,1,1,1
bonobos,8,20230722,amira,communication,9,2,1,1,1
bonobos,8,20230722,amira,communication,10,3,1,1,1
bonobos,8,20230722,amira,communication,11,3,0,0,1
bonobos,8,20230722,amira,communication,12,3,1,1,1
bonobos,8,20230722,amira,visible_food,1,1,0,0,1
bonobos,8,20230722,amira,visible_food,2,3,0,0,1
bonobos,8,20230722,amira,visible_food,3,3,1,1,1
bonobos,8,20230722,amira,visible_food,4,1,1,1,1
bonobos,8,20230722,amira,visible_food,5,1,0,0,1
bonobos,8,20230722,amira,visible_food,6,3,0,0,1
bonobos,8,20230722,amira,visible_food,7,3,1,1,1
bonobos,8,20230722,amira,visible_food,8,3,1,1,1
bonobos,8,20230722,amira,visible_food,9,1,1,1,1
bonobos,8,20230722,amira,visible_food,10,1,1,1,1
bonobos,8,20230722,amira,visible_food,11,1,0,0,1
bonobos,8,20230722,amira,visible_food,12,1,1,1,1
bonobos,8,20230723,amira,inhibit_searched,1,NA,2,2,1
bonobos,8,20230723,amira,inhibit_searched,2,NA,1,1,1
bonobos,8,20230723,amira,inhibit_searched,3,NA,1,1,1
bonobos,8,20230723,amira,inhibit_searched,4,NA,1,1,1
bonobos,8,20230723,amira,inhibit_searched,5,NA,2,2,1
bonobos,8,20230723,amira,inhibit_searched,6,NA,2,2,1
bonobos,8,20230723,amira,inhibit_searched,7,NA,2,2,1
bonobos,8,20230723,amira,inhibit_searched,8,NA,1,1,1
bonobos,8,20230723,amira,inhibit_searched,9,NA,2,2,1
bonobos,8,20230723,amira,inhibit_searched,10,NA,2,2,1
bonobos,8,20230723,amira,inhibit_searched,11,NA,2,2,1
bonobos,8,20230723,amira,inhibit_searched,12,NA,2,2,1
bonobos,8,20230723,amira,attention,1,3,1,1,1
bonobos,8,20230723,amira,attention,2,3,0,0,1
bonobos,8,20230723,amira,attention,3,3,1,1,1
bonobos,8,20230723,amira,attention,4,1,1,1,1
bonobos,8,20230723,amira,attention,5,1,1,1,1
bonobos,8,20230723,amira,attention,6,3,1,1,1
bonobos,8,20230723,amira,attention,7,1,1,1,1
bonobos,8,20230723,amira,attention,8,3,1,1,1
bonobos,8,20230723,amira,attention,9,1,1,1,1
bonobos,8,20230723,amira,attention,10,3,1,1,1
bonobos,8,20230723,amira,attention,11,3,1,1,1
bonobos,8,20230723,amira,attention,12,1,1,1,1
bonobos,8,20230722,tayo,communication,1,1,1,1,1
bonobos,8,20230722,tayo,communication,2,3,0,0,1
bonobos,8,20230722,tayo,communication,3,2,1,1,1
bonobos,8,20230722,tayo,communication,4,2,1,1,1
bonobos,8,20230722,tayo,communication,5,3,1,1,1
bonobos,8,20230722,tayo,communication,6,1,1,1,1
bonobos,8,20230722,tayo,communication,7,2,0,0,1
bonobos,8,20230722,tayo,communication,8,3,1,1,1
bonobos,8,20230722,tayo,communication,9,2,1,1,1
bonobos,8,20230722,tayo,communication,10,3,1,1,1
bonobos,8,20230722,tayo,communication,11,2,1,1,1
bonobos,8,20230722,tayo,communication,12,3,1,1,1
bonobos,8,20230722,tayo,visible_food,1,1,0,0,1
bonobos,8,20230722,tayo,visible_food,2,1,1,1,1
bonobos,8,20230722,tayo,visible_food,3,3,1,1,1
bonobos,8,20230722,tayo,visible_food,4,1,1,1,1
bonobos,8,20230722,tayo,visible_food,5,3,1,1,1
bonobos,8,20230722,tayo,visible_food,6,1,1,1,1
bonobos,8,20230722,tayo,visible_food,7,3,1,1,1
bonobos,8,20230722,tayo,visible_food,8,3,1,1,1
bonobos,8,20230722,tayo,visible_food,9,1,1,1,1
bonobos,8,20230722,tayo,visible_food,10,1,1,1,1
bonobos,8,20230722,tayo,visible_food,11,3,1,1,1
bonobos,8,20230722,tayo,visible_food,12,1,1,1,1
bonobos,8,20230723,tayo,inhibit_searched,1,NA,0,0,1
bonobos,8,20230723,tayo,inhibit_searched,2,NA,0,0,1
bonobos,8,20230723,tayo,inhibit_searched,3,NA,0,0,1
bonobos,8,20230723,tayo,inhibit_searched,4,NA,1,1,1
bonobos,8,20230723,tayo,inhibit_searched,5,NA,0,0,1
bonobos,8,20230723,tayo,inhibit_searched,6,NA,0,0,1
bonobos,8,20230723,tayo,inhibit_searched,7,NA,0,0,1
bonobos,8,20230723,tayo,inhibit_searched,8,NA,0,0,1
bonobos,8,20230723,tayo,inhibit_searched,9,NA,0,0,1
bonobos,8,20230723,tayo,inhibit_searched,10,NA,1,1,1
bonobos,8,20230723,tayo,inhibit_searched,11,NA,0,0,1
bonobos,8,20230723,tayo,inhibit_searched,12,NA,1,1,1
bonobos,8,20230723,tayo,attention,1,3,1,1,1
bonobos,8,20230723,tayo,attention,2,1,1,1,1
bonobos,8,20230723,tayo,attention,3,3,1,1,1
bonobos,8,20230723,tayo,attention,4,1,1,1,1
bonobos,8,20230722,lexi,communication,1,1,1,1,1
bonobos,8,20230722,lexi,communication,2,1,1,1,1
bonobos,8,20230722,lexi,communication,3,2,1,1,1
bonobos,8,20230722,lexi,communication,4,2,1,1,1
bonobos,8,20230722,lexi,communication,5,3,1,1,1
bonobos,8,20230722,lexi,communication,6,1,1,1,1
bonobos,8,20230723,lexi,attention,1,3,1,1,1
bonobos,8,20230723,lexi,attention,2,1,1,1,1
bonobos,8,20230723,lexi,attention,3,1,0,0,1
bonobos,8,20230723,lexi,attention,4,3,0,0,1
bonobos,8,20230723,lexi,attention,5,1,1,1,1
bonobos,8,20230723,lexi,attention,6,3,1,1,1
bonobos,8,20230723,lexi,attention,7,1,1,1,1
bonobos,8,20230723,lexi,attention,8,1,0,0,1
bonobos,8,20230723,lexi,attention,9,1,1,1,1
bonobos,8,20230723,lexi,attention,10,3,1,1,1
bonobos,8,20230723,lexi,attention,11,1,0,0,1
bonobos,8,20230723,lexi,attention,12,1,1,1,1
bonobos,8,20230722,yaro,communication,1,1,1,1,1
bonobos,8,20230722,yaro,communication,2,3,0,0,1
bonobos,8,20230722,yaro,communication,3,2,1,1,1
bonobos,8,20230722,yaro,communication,4,1,0,0,1
bonobos,8,20230722,yaro,communication,5,1,0,0,1
bonobos,8,20230722,yaro,communication,6,2,0,0,1
bonobos,8,20230722,yaro,communication,7,1,1,1,1
bonobos,8,20230722,yaro,communication,8,3,1,1,1
bonobos,8,20230722,yaro,communication,9,1,0,0,1
bonobos,8,20230722,yaro,communication,10,2,0,0,1
bonobos,8,20230722,yaro,communication,11,2,1,1,1
bonobos,8,20230722,yaro,communication,12,3,1,1,1
bonobos,8,20230722,yaro,visible_food,1,3,1,1,1
bonobos,8,20230722,yaro,visible_food,2,1,1,1,1
bonobos,8,20230722,yaro,visible_food,3,3,1,1,1
bonobos,8,20230722,yaro,visible_food,4,1,1,1,1
bonobos,8,20230722,yaro,visible_food,5,3,1,1,1
bonobos,8,20230722,yaro,visible_food,6,1,1,1,1
bonobos,8,20230722,yaro,visible_food,7,3,1,1,1
bonobos,8,20230722,yaro,visible_food,8,3,1,1,1
bonobos,8,20230722,yaro,visible_food,9,1,1,1,1
bonobos,8,20230722,yaro,visible_food,10,1,1,1,1
bonobos,8,20230722,yaro,visible_food,11,3,1,1,1
bonobos,8,20230722,yaro,visible_food,12,1,1,1,1
bonobos,8,20230723,yaro,inhibit_searched,1,NA,0,0,1
bonobos,8,20230723,yaro,inhibit_searched,2,NA,0,0,1
bonobos,8,20230723,yaro,inhibit_searched,3,NA,0,0,1
bonobos,8,20230723,yaro,inhibit_searched,4,NA,0,0,1
bonobos,8,20230723,yaro,inhibit_searched,5,NA,0,0,1
bonobos,8,20230723,yaro,inhibit_searched,6,NA,0,0,1
bonobos,8,20230723,yaro,inhibit_searched,7,NA,0,0,1
bonobos,8,20230723,yaro,inhibit_searched,8,NA,0,0,1
bonobos,8,20230723,yaro,inhibit_searched,9,NA,0,0,1
bonobos,8,20230723,yaro,inhibit_searched,10,NA,0,0,1
bonobos,8,20230723,yaro,inhibit_searched,11,NA,0,0,1
bonobos,8,20230723,yaro,inhibit_searched,12,NA,0,0,1
bonobos,8,20230723,yaro,attention,1,3,1,1,1
bonobos,8,20230723,yaro,attention,2,1,1,1,1
bonobos,8,20230723,yaro,attention,3,3,1,1,1
bonobos,8,20230723,yaro,attention,4,1,1,1,1
bonobos,8,20230723,yaro,attention,5,1,1,1,1
bonobos,8,20230723,yaro,attention,6,3,1,1,1
bonobos,8,20230723,yaro,attention,7,1,1,1,1
bonobos,8,20230723,yaro,attention,8,3,1,1,1
bonobos,8,20230723,yaro,attention,9,1,1,1,1
bonobos,8,20230723,yaro,attention,10,1,0,0,1
bonobos,8,20230723,yaro,attention,11,3,1,1,1
bonobos,8,20230723,yaro,attention,12,1,1,1,1
gorillas,2,20220625,kio,inhibit_searched,1,NA,0,0,1
gorillas,2,20220625,kio,inhibit_searched,2,NA,0,0,1
gorillas,2,20220625,kio,inhibit_searched,3,NA,0,0,1
gorillas,2,20220625,kio,inhibit_searched,4,NA,0,0,1
gorillas,2,20220625,kio,inhibit_searched,5,NA,0,0,1
gorillas,2,20220625,kio,inhibit_searched,6,NA,0,0,1
gorillas,2,20220625,kio,inhibit_searched,7,NA,0,0,1
gorillas,2,20220625,kio,inhibit_searched,8,NA,0,0,1
gorillas,2,20220625,kio,inhibit_searched,9,NA,1,1,1
gorillas,2,20220625,kio,inhibit_searched,10,NA,0,0,1
gorillas,2,20220625,kio,inhibit_searched,11,NA,0,0,1
gorillas,2,20220625,kio,inhibit_searched,12,NA,0,0,1
gorillas,2,20220625,kio,attention,1,3,1,1,1
gorillas,2,20220625,kio,attention,2,3,0,0,1
gorillas,2,20220625,kio,attention,3,3,1,1,1
gorillas,2,20220625,kio,attention,4,3,0,0,1
gorillas,2,20220625,kio,attention,5,1,1,1,1
gorillas,2,20220625,kio,attention,6,3,1,1,1
gorillas,2,20220625,kio,attention,7,1,1,1,1
gorillas,2,20220625,kio,attention,8,3,1,1,1
gorillas,2,20220625,kio,attention,9,3,0,0,1
gorillas,2,20220625,kio,attention,10,1,0,0,1
gorillas,2,20220625,kio,attention,11,3,1,1,1
gorillas,2,20220625,kio,attention,12,1,1,1,1
gorillas,2,20220625,kumili,inhibit_searched,1,NA,0,0,1
gorillas,2,20220625,kumili,inhibit_searched,2,NA,0,0,1
gorillas,2,20220625,kumili,inhibit_searched,3,NA,0,0,1
gorillas,2,20220625,kumili,inhibit_searched,4,NA,0,0,1
gorillas,2,20220625,kumili,inhibit_searched,5,NA,0,0,1
gorillas,2,20220625,kumili,inhibit_searched,6,NA,0,0,1
gorillas,2,20220625,kumili,inhibit_searched,7,NA,0,0,1
gorillas,2,20220625,kumili,inhibit_searched,8,NA,0,0,1
gorillas,2,20220625,kumili,inhibit_searched,9,NA,0,0,1
gorillas,2,20220625,kumili,inhibit_searched,10,NA,0,0,1
gorillas,2,20220625,kumili,inhibit_searched,11,NA,0,0,1
gorillas,2,20220625,kumili,inhibit_searched,12,NA,0,0,1
gorillas,2,20220625,kumili,attention,1,3,1,1,1
gorillas,2,20220625,kumili,attention,2,1,0,1,0
gorillas,2,20220625,kumili,attention,3,3,1,1,1
gorillas,2,20220625,kumili,attention,4,3,0,0,1
gorillas,2,20220625,kumili,attention,5,3,0,0,1
gorillas,2,20220625,kumili,attention,6,1,0,0,1
gorillas,2,20220625,kumili,attention,7,1,1,1,1
gorillas,2,20220625,kumili,attention,8,3,1,1,1
gorillas,2,20220625,kumili,attention,9,1,1,1,1
gorillas,2,20220625,kumili,attention,10,3,1,1,1
gorillas,2,20220625,kumili,attention,11,3,1,1,1
gorillas,2,20220625,kumili,attention,12,3,0,0,1
gorillas,2,20220625,diara,inhibit_searched,1,NA,0,0,1
gorillas,2,20220625,diara,inhibit_searched,2,NA,0,0,1
gorillas,2,20220625,diara,inhibit_searched,3,NA,0,0,1
gorillas,2,20220625,diara,inhibit_searched,4,NA,0,0,1
gorillas,2,20220625,diara,inhibit_searched,5,NA,0,0,1
gorillas,2,20220625,diara,inhibit_searched,6,NA,0,0,1
gorillas,2,20220625,diara,inhibit_searched,7,NA,0,0,1
gorillas,2,20220625,diara,inhibit_searched,8,NA,0,0,1
gorillas,2,20220625,diara,inhibit_searched,9,NA,0,0,1
gorillas,2,20220625,diara,inhibit_searched,10,NA,0,0,1
gorillas,2,20220625,diara,inhibit_searched,11,NA,0,0,1
gorillas,2,20220625,diara,inhibit_searched,12,NA,0,0,1
gorillas,2,20220625,diara,attention,1,3,1,1,1
gorillas,2,20220625,diara,attention,2,3,0,0,1
gorillas,2,20220625,diara,attention,3,3,1,1,1
gorillas,2,20220625,diara,attention,4,1,1,1,1
gorillas,2,20220625,diara,attention,5,3,0,0,1
gorillas,2,20220625,diara,attention,6,1,0,0,1
gorillas,2,20220625,diara,attention,7,3,0,0,1
gorillas,2,20220625,diara,attention,8,3,1,1,1
gorillas,2,20220625,diara,attention,9,3,0,0,1
gorillas,2,20220625,diara,attention,10,3,1,1,1
gorillas,2,20220625,diara,attention,11,1,0,0,1
gorillas,2,20220625,diara,attention,12,3,0,0,1
gorillas,3,20220818,kio,communication,1,1,1,1,1
gorillas,3,20220818,kio,communication,2,3,0,0,1
gorillas,3,20220818,kio,communication,3,3,0,0,1
gorillas,3,20220818,kio,communication,4,1,0,0,1
gorillas,3,20220818,kio,communication,5,3,1,1,1
gorillas,3,20220818,kio,communication,6,2,0,0,1
gorillas,3,20220818,kio,communication,7,2,0,0,1
gorillas,3,20220818,kio,communication,8,1,0,0,1
gorillas,3,20220818,kio,communication,9,3,0,0,1
gorillas,3,20220818,kio,communication,10,1,0,0,1
gorillas,3,20220818,kio,communication,11,3,0,0,1
gorillas,3,20220818,kio,communication,12,3,1,1,1
gorillas,3,20220818,kio,visible_food,1,1,0,0,1
gorillas,3,20220818,kio,visible_food,2,1,1,1,1
gorillas,3,20220818,kio,visible_food,3,1,0,0,1
gorillas,3,20220818,kio,visible_food,4,1,1,1,1
gorillas,3,20220818,kio,visible_food,5,3,1,1,1
gorillas,3,20220818,kio,visible_food,6,1,1,1,1
gorillas,3,20220818,kio,visible_food,7,3,1,1,1
gorillas,3,20220818,kio,visible_food,8,3,1,1,1
gorillas,3,20220818,kio,visible_food,9,1,1,1,1
gorillas,3,20220818,kio,visible_food,10,1,1,1,1
gorillas,3,20220818,kio,visible_food,11,3,1,1,1
gorillas,3,20220818,kio,visible_food,12,1,1,1,1
gorillas,3,20220818,kumili,communication,1,1,1,1,1
gorillas,3,20220818,kumili,communication,2,1,1,1,1
gorillas,3,20220818,kumili,communication,3,3,0,0,1
gorillas,3,20220818,kumili,communication,4,3,0,0,1
gorillas,3,20220818,kumili,communication,5,3,1,1,1
gorillas,3,20220818,kumili,communication,6,1,1,1,1
gorillas,3,20220818,kumili,communication,7,1,1,1,1
gorillas,3,20220818,kumili,communication,8,3,1,1,1
gorillas,3,20220818,kumili,communication,9,2,1,1,1
gorillas,3,20220818,kumili,communication,10,3,1,1,1
gorillas,3,20220818,kumili,communication,11,2,1,1,1
gorillas,3,20220818,kumili,communication,12,3,1,1,1
gorillas,3,20220818,kumili,visible_food,1,3,1,1,1
gorillas,3,20220818,kumili,visible_food,2,1,1,1,1
gorillas,3,20220818,kumili,visible_food,3,3,1,1,1
gorillas,3,20220818,kumili,visible_food,4,1,1,1,1
gorillas,3,20220818,kumili,visible_food,5,3,1,1,1
gorillas,3,20220818,kumili,visible_food,6,3,0,0,1
gorillas,3,20220818,kumili,visible_food,7,3,1,1,1
gorillas,3,20220818,kumili,visible_food,8,3,1,1,1
gorillas,3,20220818,kumili,visible_food,9,1,1,1,1
gorillas,3,20220818,kumili,visible_food,10,1,1,1,1
gorillas,3,20220818,kumili,visible_food,11,3,1,1,1
gorillas,3,20220818,kumili,visible_food,12,1,1,1,1
gorillas,3,20220818,diara,communication,1,3,0,0,1
gorillas,3,20220818,diara,communication,2,1,1,1,1
gorillas,3,20220818,diara,communication,3,2,1,1,1
gorillas,3,20220818,diara,communication,4,3,0,0,1
gorillas,3,20220818,diara,communication,5,3,1,1,1
gorillas,3,20220818,diara,communication,6,2,0,0,1
gorillas,3,20220818,diara,communication,7,1,1,1,1
gorillas,3,20220818,diara,communication,8,3,1,1,1
gorillas,3,20220818,diara,communication,9,3,0,0,1
gorillas,3,20220818,diara,communication,10,2,0,0,1
gorillas,3,20220818,diara,communication,11,1,0,0,1
gorillas,3,20220818,diara,communication,12,3,1,1,1
gorillas,3,20220818,diara,visible_food,1,3,1,1,1
gorillas,3,20220818,diara,visible_food,2,1,1,1,1
gorillas,3,20220818,diara,visible_food,3,3,1,1,1
gorillas,3,20220818,diara,visible_food,4,1,1,1,1
gorillas,3,20220818,diara,visible_food,5,3,1,1,1
gorillas,3,20220818,diara,visible_food,6,1,1,1,1
gorillas,3,20220818,diara,visible_food,7,3,1,1,1
gorillas,3,20220818,diara,visible_food,8,3,1,1,1
gorillas,3,20220818,diara,visible_food,9,1,1,1,1
gorillas,3,20220818,diara,visible_food,10,1,1,1,1
gorillas,3,20220818,diara,visible_food,11,3,1,1,1
gorillas,3,20220818,diara,visible_food,12,1,1,1,1
gorillas,3,20220818,abeeku,communication,1,3,0,0,1
gorillas,3,20220818,abeeku,communication,2,1,1,1,1
gorillas,3,20220818,abeeku,communication,3,2,1,1,1
gorillas,3,20220818,abeeku,communication,4,3,0,0,1
gorillas,3,20220818,abeeku,visible_food,1,3,1,1,1
gorillas,3,20220818,abeeku,visible_food,2,1,1,1,1
gorillas,3,20220818,abeeku,visible_food,3,3,1,1,1
gorillas,3,20220818,abeeku,visible_food,4,1,1,1,1
gorillas,3,20220818,abeeku,visible_food,5,3,1,1,1
gorillas,3,20220818,abeeku,visible_food,6,1,1,1,1
gorillas,3,20220818,abeeku,visible_food,7,3,1,1,1
gorillas,3,20220818,abeeku,visible_food,8,3,1,1,1
gorillas,3,20220818,abeeku,visible_food,9,1,1,1,1
gorillas,3,20220818,abeeku,visible_food,10,1,1,1,1
gorillas,3,20220818,abeeku,visible_food,11,3,1,1,1
gorillas,3,20220818,abeeku,visible_food,12,1,1,1,1
gorillas,3,20220818,kianga,communication,1,1,1,1,1
gorillas,3,20220818,kianga,communication,2,1,1,1,1
gorillas,3,20220818,kianga,communication,3,2,1,1,1
gorillas,3,20220818,kianga,communication,4,2,1,1,1
gorillas,3,20220818,kianga,communication,5,2,0,0,1
gorillas,3,20220818,kianga,communication,6,1,1,1,1
gorillas,3,20220818,kianga,communication,7,1,1,1,1
gorillas,3,20220818,kianga,communication,8,2,0,0,1
gorillas,3,20220818,kianga,communication,9,1,0,0,1
gorillas,3,20220818,kianga,communication,10,1,0,0,1
gorillas,3,20220818,kianga,communication,11,1,0,0,1
gorillas,3,20220818,kianga,communication,12,1,0,0,1
gorillas,3,20220818,kianga,visible_food,1,3,1,1,1
gorillas,3,20220818,kianga,visible_food,2,3,0,0,1
gorillas,3,20220818,kianga,visible_food,3,1,0,0,1
gorillas,3,20220818,kianga,visible_food,4,3,0,0,1
gorillas,3,20220818,kianga,visible_food,5,3,1,1,1
gorillas,3,20220818,kianga,visible_food,6,1,1,1,1
gorillas,3,20220818,kianga,visible_food,7,1,0,0,1
gorillas,3,20220818,kianga,visible_food,8,3,1,0,0
gorillas,3,20220818,kianga,visible_food,9,1,1,1,1
gorillas,3,20220818,kianga,visible_food,10,1,1,1,1
gorillas,3,20220818,kianga,visible_food,11,3,1,1,1
gorillas,3,20220818,kianga,visible_food,12,3,0,1,0
gorillas,3,20220818,kibara,communication,1,3,0,0,1
gorillas,3,20220818,kibara,communication,2,3,0,0,1
gorillas,3,20220818,kibara,communication,3,1,0,0,1
gorillas,3,20220818,kibara,communication,4,3,0,0,1
gorillas,3,20220818,kibara,communication,5,3,1,1,1
gorillas,3,20220818,kibara,communication,6,1,1,1,1
gorillas,3,20220818,kibara,communication,7,3,0,0,1
gorillas,3,20220818,kibara,communication,8,3,1,1,1
gorillas,3,20220818,kibara,communication,9,1,0,0,1
gorillas,3,20220818,kibara,communication,10,3,1,1,1
gorillas,3,20220818,kibara,communication,11,1,0,0,1
gorillas,3,20220818,kibara,communication,12,1,0,0,1
gorillas,3,20220818,kibara,visible_food,1,3,1,1,1
gorillas,3,20220818,kibara,visible_food,2,1,1,1,1
gorillas,3,20220818,kibara,visible_food,3,3,1,1,1
gorillas,3,20220818,kibara,visible_food,4,1,1,1,1
gorillas,3,20220818,kibara,visible_food,5,3,1,1,1
gorillas,3,20220818,kibara,visible_food,6,1,1,1,1
gorillas,3,20220818,kibara,visible_food,7,3,1,1,1
gorillas,3,20220818,kibara,visible_food,8,3,1,1,1
gorillas,3,20220818,kibara,visible_food,9,1,1,1,1
gorillas,3,20220818,kibara,visible_food,10,1,1,1,1
gorillas,3,20220818,kibara,visible_food,11,3,1,1,1
gorillas,3,20220818,kibara,visible_food,12,1,1,1,1
gorillas,4,20221007,kio,population,1,1,1,1,1
gorillas,4,20221007,kio,population,2,3,0,0,1
gorillas,4,20221007,kio,population,3,3,1,1,1
gorillas,4,20221007,kio,population,4,3,0,0,1
gorillas,4,20221007,kio,population,5,3,1,1,1
gorillas,4,20221007,kio,population,6,1,0,0,1
gorillas,4,20221007,kio,population,7,1,1,1,1
gorillas,4,20221007,kio,population,8,3,1,1,1
gorillas,4,20221007,kio,population,9,3,1,1,1
gorillas,4,20221007,kio,population,10,1,1,1,1
gorillas,4,20221007,kio,population,11,3,1,1,1
gorillas,4,20221007,kio,population,12,1,1,1,1
gorillas,4,20221007,kio,reasoning,1,1,0,0,1
gorillas,4,20221007,kio,reasoning,2,3,0,0,1
gorillas,4,20221007,kio,reasoning,3,1,1,1,1
gorillas,4,20221007,kio,reasoning,4,1,0,0,1
gorillas,4,20221007,kio,reasoning,5,3,0,0,1
gorillas,4,20221007,kio,reasoning,6,1,1,1,1
gorillas,4,20221007,kio,reasoning,7,3,1,1,1
gorillas,4,20221007,kio,reasoning,8,3,1,1,1
gorillas,4,20221007,kio,reasoning,9,3,0,0,1
gorillas,4,20221007,kio,reasoning,10,3,1,1,1
gorillas,4,20221007,kio,reasoning,11,1,0,0,1
gorillas,4,20221007,kio,reasoning,12,3,0,0,1
gorillas,4,20221007,kumili,population,1,3,0,0,1
gorillas,4,20221007,kumili,population,2,1,1,1,1
gorillas,4,20221007,kumili,population,3,3,1,0,0
gorillas,4,20221007,kumili,population,4,3,0,0,1
gorillas,4,20221007,kumili,population,5,3,1,1,1
gorillas,4,20221007,kumili,population,6,3,1,1,1
gorillas,4,20221007,kumili,population,7,1,1,1,1
gorillas,4,20221007,kumili,population,8,3,1,1,1
gorillas,4,20221007,kumili,population,9,1,0,0,1
gorillas,4,20221007,kumili,population,10,3,0,0,1
gorillas,4,20221007,kumili,population,11,3,1,1,1
gorillas,4,20221007,kumili,population,12,1,1,1,1
gorillas,4,20221007,kumili,reasoning,1,3,1,1,1
gorillas,4,20221007,kumili,reasoning,2,1,1,1,1
gorillas,4,20221007,kumili,reasoning,3,1,1,1,1
gorillas,4,20221007,kumili,reasoning,4,3,1,1,1
gorillas,4,20221007,kumili,reasoning,5,1,1,1,1
gorillas,4,20221007,kumili,reasoning,6,1,1,1,1
gorillas,4,20221007,kumili,reasoning,7,1,0,0,1
gorillas,4,20221007,kumili,reasoning,8,3,1,1,1
gorillas,4,20221007,kumili,reasoning,9,3,0,0,1
gorillas,4,20221007,kumili,reasoning,10,3,1,1,1
gorillas,4,20221007,kumili,reasoning,11,1,0,0,1
gorillas,4,20221007,kumili,reasoning,12,1,1,1,1
gorillas,4,20221007,diara,population,1,1,1,1,1
gorillas,4,20221007,diara,population,2,1,1,1,1
gorillas,4,20221007,diara,population,3,3,1,1,1
gorillas,4,20221007,diara,population,4,1,1,1,1
gorillas,4,20221007,diara,population,5,3,1,1,1
gorillas,4,20221007,diara,population,6,3,1,1,1
gorillas,4,20221007,diara,population,7,1,1,1,1
gorillas,4,20221007,diara,population,8,3,1,1,1
gorillas,4,20221007,diara,population,9,3,1,1,1
gorillas,4,20221007,diara,population,10,1,1,1,1
gorillas,4,20221007,diara,population,11,3,1,1,1
gorillas,4,20221007,diara,population,12,1,1,1,1
gorillas,4,20221007,diara,reasoning,1,3,1,1,1
gorillas,4,20221007,diara,reasoning,2,1,1,1,1
gorillas,4,20221007,diara,reasoning,3,3,0,0,1
gorillas,4,20221007,diara,reasoning,4,3,1,1,1
gorillas,4,20221007,diara,reasoning,5,3,0,0,1
gorillas,4,20221007,diara,reasoning,6,3,0,0,1
gorillas,4,20221007,diara,reasoning,7,3,1,1,1
gorillas,4,20221007,diara,reasoning,8,3,1,1,1
gorillas,4,20221007,diara,reasoning,9,1,1,1,1
gorillas,4,20221007,diara,reasoning,10,1,0,0,1
gorillas,4,20221007,diara,reasoning,11,1,0,0,1
gorillas,4,20221007,diara,reasoning,12,1,1,1,1
gorillas,4,20221007,abeeku,population,1,3,0,0,1
gorillas,4,20221007,abeeku,population,2,1,1,1,1
gorillas,4,20221007,abeeku,population,3,3,1,1,1
gorillas,4,20221007,abeeku,population,4,1,1,1,1
gorillas,4,20221007,abeeku,population,5,3,1,1,1
gorillas,4,20221007,abeeku,population,6,1,0,0,1
gorillas,4,20221007,abeeku,population,7,3,0,0,1
gorillas,4,20221007,abeeku,population,8,3,1,1,1
gorillas,4,20221007,abeeku,population,9,1,0,0,1
gorillas,4,20221007,abeeku,population,10,3,0,0,1
gorillas,4,20221007,abeeku,population,11,1,1,0,0
gorillas,4,20221007,abeeku,population,12,1,1,1,1
gorillas,4,20221007,abeeku,reasoning,1,3,1,1,1
gorillas,4,20221007,abeeku,reasoning,2,1,1,1,1
gorillas,4,20221007,abeeku,reasoning,3,1,1,1,1
gorillas,4,20221007,abeeku,reasoning,4,1,0,0,1
gorillas,4,20221007,abeeku,reasoning,5,1,1,1,1
gorillas,4,20221007,abeeku,reasoning,6,1,1,1,1
gorillas,4,20221007,abeeku,reasoning,7,3,1,1,1
gorillas,4,20221007,abeeku,reasoning,8,1,0,0,1
gorillas,4,20221007,abeeku,reasoning,9,1,1,1,1
gorillas,4,20221007,abeeku,reasoning,10,1,0,0,1
gorillas,4,20221007,abeeku,reasoning,11,3,1,1,1
gorillas,4,20221007,abeeku,reasoning,12,1,1,1,1
gorillas,4,20221009,abeeku,inhibit_searched,1,NA,0,0,1
gorillas,4,20221009,abeeku,inhibit_searched,2,NA,0,0,1
gorillas,4,20221009,abeeku,inhibit_searched,3,NA,0,0,1
gorillas,4,20221009,abeeku,inhibit_searched,4,NA,0,0,1
gorillas,4,20221009,abeeku,inhibit_searched,5,NA,0,0,1
gorillas,4,20221009,abeeku,inhibit_searched,6,NA,0,0,1
gorillas,4,20221009,abeeku,inhibit_searched,7,NA,0,0,1
gorillas,4,20221009,abeeku,inhibit_searched,8,NA,0,0,1
gorillas,4,20221009,abeeku,inhibit_searched,9,NA,0,0,1
gorillas,4,20221009,abeeku,inhibit_searched,10,NA,1,1,1
gorillas,4,20221009,abeeku,inhibit_searched,11,NA,0,0,1
gorillas,4,20221009,abeeku,inhibit_searched,12,NA,0,0,1
gorillas,4,20221009,abeeku,attention,1,3,1,1,1
gorillas,4,20221009,abeeku,attention,2,1,1,1,1
gorillas,4,20221009,abeeku,attention,3,3,1,1,1
gorillas,4,20221009,abeeku,attention,4,1,1,1,1
gorillas,4,20221009,abeeku,attention,5,3,0,0,1
gorillas,4,20221009,abeeku,attention,6,1,0,0,1
gorillas,4,20221009,abeeku,attention,7,3,0,0,1
gorillas,4,20221009,abeeku,attention,8,1,0,0,1
gorillas,4,20221009,abeeku,attention,9,3,0,0,1
gorillas,4,20221009,abeeku,attention,10,1,0,0,1
gorillas,4,20221009,abeeku,attention,11,3,1,1,1
gorillas,4,20221009,abeeku,attention,12,3,0,0,1
gorillas,4,20221007,kianga,population,1,3,0,0,1
gorillas,4,20221007,kianga,population,2,1,1,1,1
gorillas,4,20221007,kianga,population,3,3,1,1,1
gorillas,4,20221007,kianga,population,4,3,0,0,1
gorillas,4,20221007,kianga,population,5,3,1,1,1
gorillas,4,20221007,kianga,population,6,1,0,0,1
gorillas,4,20221007,kianga,population,7,3,0,0,1
gorillas,4,20221007,kianga,population,8,3,1,1,1
gorillas,4,20221007,kianga,population,9,1,0,0,1
gorillas,4,20221007,kianga,population,10,3,0,0,1
gorillas,4,20221007,kianga,population,11,1,0,0,1
gorillas,4,20221007,kianga,population,12,1,1,1,1
gorillas,4,20221007,kianga,reasoning,1,3,1,1,1
gorillas,4,20221007,kianga,reasoning,2,3,0,0,1
gorillas,4,20221007,kianga,reasoning,3,1,1,1,1
gorillas,4,20221007,kianga,reasoning,4,1,0,0,1
gorillas,4,20221007,kianga,reasoning,5,1,1,1,1
gorillas,4,20221007,kianga,reasoning,6,3,0,0,1
gorillas,4,20221007,kianga,reasoning,7,3,1,1,1
gorillas,4,20221007,kianga,reasoning,8,1,0,0,1
gorillas,4,20221007,kianga,reasoning,9,3,0,0,1
gorillas,4,20221007,kianga,reasoning,10,1,0,0,1
gorillas,4,20221007,kianga,reasoning,11,1,0,0,1
gorillas,4,20221007,kianga,reasoning,12,1,1,1,1
gorillas,4,20221009,kianga,inhibit_searched,1,NA,0,0,1
gorillas,4,20221009,kianga,inhibit_searched,2,NA,0,0,1
gorillas,4,20221009,kianga,inhibit_searched,3,NA,0,0,1
gorillas,4,20221009,kianga,inhibit_searched,4,NA,0,0,1
gorillas,4,20221009,kianga,inhibit_searched,5,NA,0,0,1
gorillas,4,20221009,kianga,inhibit_searched,6,NA,1,1,1
gorillas,4,20221009,kianga,inhibit_searched,7,NA,0,0,1
gorillas,4,20221009,kianga,inhibit_searched,8,NA,0,0,1
gorillas,4,20221009,kianga,inhibit_searched,9,NA,0,0,1
gorillas,4,20221009,kianga,inhibit_searched,10,NA,0,0,1
gorillas,4,20221009,kianga,inhibit_searched,11,NA,0,0,1
gorillas,4,20221009,kianga,inhibit_searched,12,NA,0,0,1
gorillas,4,20221009,kianga,attention,1,1,0,0,1
gorillas,4,20221009,kianga,attention,2,3,0,0,1
gorillas,4,20221009,kianga,attention,3,3,1,1,1
gorillas,4,20221009,kianga,attention,4,3,0,0,1
gorillas,4,20221009,kianga,attention,5,3,0,0,1
gorillas,4,20221009,kianga,attention,6,1,0,0,1
gorillas,4,20221009,kianga,attention,7,1,1,1,1
gorillas,4,20221009,kianga,attention,8,1,0,0,1
gorillas,4,20221009,kianga,attention,9,3,0,0,1
gorillas,4,20221009,kianga,attention,10,1,0,0,1
gorillas,4,20221009,kianga,attention,11,1,0,0,1
gorillas,4,20221009,kianga,attention,12,3,0,0,1
gorillas,4,20221007,kibara,population,1,1,1,1,1
gorillas,4,20221007,kibara,population,2,1,1,1,1
gorillas,4,20221007,kibara,population,3,3,1,1,1
gorillas,4,20221007,kibara,population,4,1,1,1,1
gorillas,4,20221007,kibara,population,5,3,1,1,1
gorillas,4,20221007,kibara,population,6,3,1,1,1
gorillas,4,20221007,kibara,population,7,1,1,1,1
gorillas,4,20221007,kibara,population,8,3,1,1,1
gorillas,4,20221007,kibara,population,9,3,1,1,1
gorillas,4,20221007,kibara,population,10,1,1,1,1
gorillas,4,20221007,kibara,population,11,3,1,1,1
gorillas,4,20221007,kibara,population,12,1,1,1,1
gorillas,4,20221007,kibara,reasoning,1,3,1,1,1
gorillas,4,20221007,kibara,reasoning,2,3,0,0,1
gorillas,4,20221007,kibara,reasoning,3,1,1,1,1
gorillas,4,20221007,kibara,reasoning,4,1,0,0,1
gorillas,4,20221007,kibara,reasoning,5,1,1,1,1
gorillas,4,20221007,kibara,reasoning,6,3,0,0,1
gorillas,4,20221007,kibara,reasoning,7,3,1,1,1
gorillas,4,20221007,kibara,reasoning,8,1,0,0,1
gorillas,4,20221007,kibara,reasoning,9,3,0,0,1
gorillas,4,20221007,kibara,reasoning,10,1,0,0,1
gorillas,4,20221007,kibara,reasoning,11,3,1,1,1
gorillas,4,20221007,kibara,reasoning,12,3,0,0,1
gorillas,4,20221009,kibara,inhibit_searched,1,NA,0,0,1
gorillas,4,20221009,kibara,inhibit_searched,2,NA,0,0,1
gorillas,4,20221009,kibara,inhibit_searched,3,NA,0,0,1
gorillas,4,20221009,kibara,inhibit_searched,4,NA,0,0,1
gorillas,4,20221009,kibara,inhibit_searched,5,NA,0,0,1
gorillas,4,20221009,kibara,inhibit_searched,6,NA,0,0,1
gorillas,4,20221009,kibara,inhibit_searched,7,NA,0,0,1
gorillas,4,20221009,kibara,inhibit_searched,8,NA,0,0,1
gorillas,4,20221009,kibara,inhibit_searched,9,NA,0,0,1
gorillas,4,20221009,kibara,inhibit_searched,10,NA,0,0,1
gorillas,4,20221009,kibara,inhibit_searched,11,NA,0,0,1
gorillas,4,20221009,kibara,inhibit_searched,12,NA,0,0,1
gorillas,4,20221009,kibara,attention,1,3,1,1,1
gorillas,4,20221009,kibara,attention,2,1,1,1,1
gorillas,4,20221009,kibara,attention,3,3,1,1,1
gorillas,4,20221009,kibara,attention,4,1,1,1,1
gorillas,4,20221009,kibara,attention,5,1,1,1,1
gorillas,4,20221009,kibara,attention,6,3,1,1,1
gorillas,4,20221009,kibara,attention,7,1,1,1,1
gorillas,4,20221009,kibara,attention,8,3,1,1,1
gorillas,4,20221009,kibara,attention,9,1,1,1,1
gorillas,4,20221009,kibara,attention,10,3,1,1,1
gorillas,4,20221009,kibara,attention,11,1,0,0,1
gorillas,4,20221009,kibara,attention,12,1,1,1,1
gorillas,7,20230322,kumili,visible_food,1,3,1,1,1
gorillas,7,20230322,kumili,visible_food,2,1,1,1,1
gorillas,7,20230322,kumili,visible_food,3,3,1,1,1
gorillas,7,20230322,kumili,visible_food,4,1,1,1,1
gorillas,7,20230322,kumili,visible_food,5,3,1,1,1
gorillas,7,20230322,kumili,visible_food,6,1,1,1,1
gorillas,7,20230322,kumili,visible_food,7,3,1,1,1
gorillas,7,20230322,kumili,visible_food,8,3,1,1,1
gorillas,7,20230322,kumili,visible_food,9,1,1,1,1
gorillas,7,20230322,kumili,visible_food,10,1,1,1,1
gorillas,7,20230322,kumili,visible_food,11,3,1,1,1
gorillas,7,20230322,kumili,visible_food,12,1,1,1,1
gorillas,7,20230323,kumili,inhibit_searched,1,NA,0,0,1
gorillas,7,20230323,kumili,inhibit_searched,2,NA,0,0,1
gorillas,7,20230323,kumili,inhibit_searched,3,NA,0,0,1
gorillas,7,20230323,kumili,inhibit_searched,4,NA,0,0,1
gorillas,7,20230323,kumili,inhibit_searched,5,NA,0,0,1
gorillas,7,20230323,kumili,inhibit_searched,6,NA,0,0,1
gorillas,7,20230323,kumili,inhibit_searched,7,NA,0,0,1
gorillas,7,20230323,kumili,inhibit_searched,8,NA,0,0,1
gorillas,7,20230323,kumili,inhibit_searched,9,NA,0,0,1
gorillas,7,20230323,kumili,inhibit_searched,10,NA,0,0,1
gorillas,7,20230323,kumili,inhibit_searched,11,NA,0,0,1
gorillas,7,20230323,kumili,inhibit_searched,12,NA,0,0,1
gorillas,8,20230522,kio,population,1,3,0,0,1
gorillas,8,20230522,kio,population,2,1,1,1,1
gorillas,8,20230522,kio,population,3,1,0,0,1
gorillas,8,20230522,kio,population,4,1,1,1,1
gorillas,8,20230522,kio,population,5,3,1,1,1
gorillas,8,20230522,kio,population,6,3,1,1,1
gorillas,8,20230522,kio,population,7,1,1,1,1
gorillas,8,20230522,kio,population,8,1,0,0,1
gorillas,8,20230522,kio,population,9,1,0,0,1
gorillas,8,20230522,kio,population,10,3,0,0,1
gorillas,8,20230522,kio,population,11,3,1,1,1
gorillas,8,20230522,kio,population,12,3,0,0,1
gorillas,8,20230522,kio,reasoning,1,1,0,0,1
gorillas,8,20230522,kio,reasoning,2,3,0,0,1
gorillas,8,20230522,kio,reasoning,3,1,1,1,1
gorillas,8,20230522,kio,reasoning,4,1,0,0,1
gorillas,8,20230522,kio,reasoning,5,3,0,0,1
gorillas,8,20230522,kio,reasoning,6,3,0,0,1
gorillas,8,20230522,kio,reasoning,7,1,0,0,1
gorillas,8,20230522,kio,reasoning,8,1,0,0,1
gorillas,8,20230522,kio,reasoning,9,3,0,0,1
gorillas,8,20230522,kio,reasoning,10,1,0,0,1
gorillas,8,20230522,kio,reasoning,11,1,0,0,1
gorillas,8,20230522,kio,reasoning,12,1,1,1,1
gorillas,8,20230524,kio,communication,1,1,1,1,1
gorillas,8,20230524,kio,communication,2,1,1,1,1
gorillas,8,20230524,kio,communication,3,2,1,1,1
gorillas,8,20230524,kio,communication,4,2,1,1,1
gorillas,8,20230524,kio,communication,5,3,1,1,1
gorillas,8,20230524,kio,communication,6,1,1,1,1
gorillas,8,20230524,kio,communication,7,1,1,1,1
gorillas,8,20230524,kio,communication,8,3,1,1,1
gorillas,8,20230524,kio,communication,9,2,1,1,1
gorillas,8,20230524,kio,communication,10,3,1,1,1
gorillas,8,20230524,kio,communication,11,2,1,1,1
gorillas,8,20230524,kio,communication,12,3,1,1,1
gorillas,8,20230524,kio,visible_food,1,3,1,1,1
gorillas,8,20230524,kio,visible_food,2,1,1,1,1
gorillas,8,20230524,kio,visible_food,3,3,1,1,1
gorillas,8,20230524,kio,visible_food,4,1,1,1,1
gorillas,8,20230524,kio,visible_food,5,3,1,1,1
gorillas,8,20230524,kio,visible_food,6,1,1,1,1
gorillas,8,20230524,kio,visible_food,7,3,1,1,1
gorillas,8,20230524,kio,visible_food,8,3,1,1,1
gorillas,8,20230524,kio,visible_food,9,1,1,1,1
gorillas,8,20230524,kio,visible_food,10,1,1,1,1
gorillas,8,20230524,kio,visible_food,11,3,1,1,1
gorillas,8,20230524,kio,visible_food,12,1,1,1,1
gorillas,8,20230526,kio,inhibit_searched,1,NA,0,0,1
gorillas,8,20230526,kio,inhibit_searched,2,NA,0,0,1
gorillas,8,20230526,kio,inhibit_searched,3,NA,0,0,1
gorillas,8,20230526,kio,inhibit_searched,4,NA,0,0,1
gorillas,8,20230526,kio,inhibit_searched,5,NA,0,0,1
gorillas,8,20230526,kio,inhibit_searched,6,NA,0,0,1
gorillas,8,20230526,kio,inhibit_searched,7,NA,0,0,1
gorillas,8,20230526,kio,inhibit_searched,8,NA,0,0,1
gorillas,8,20230526,kio,inhibit_searched,9,NA,0,0,1
gorillas,8,20230526,kio,inhibit_searched,10,NA,0,0,1
gorillas,8,20230526,kio,inhibit_searched,11,NA,0,0,1
gorillas,8,20230526,kio,inhibit_searched,12,NA,0,0,1
gorillas,8,20230526,kio,attention,1,3,1,1,1
gorillas,8,20230526,kio,attention,2,1,1,1,1
gorillas,8,20230526,kio,attention,3,3,1,1,1
gorillas,8,20230526,kio,attention,4,1,1,1,1
gorillas,8,20230526,kio,attention,5,1,1,1,1
gorillas,8,20230526,kio,attention,6,3,1,1,1
gorillas,8,20230526,kio,attention,7,3,0,0,1
gorillas,8,20230526,kio,attention,8,3,1,1,1
gorillas,8,20230526,kio,attention,9,1,1,1,1
gorillas,8,20230526,kio,attention,10,3,1,1,1
gorillas,8,20230526,kio,attention,11,3,1,1,1
gorillas,8,20230526,kio,attention,12,1,1,1,1
gorillas,8,20230522,kumili,population,1,1,1,1,1
gorillas,8,20230522,kumili,population,2,1,1,1,1
gorillas,8,20230522,kumili,population,3,3,1,1,1
gorillas,8,20230522,kumili,population,4,1,1,1,1
gorillas,8,20230522,kumili,population,5,3,1,1,1
gorillas,8,20230522,kumili,population,6,3,1,1,1
gorillas,8,20230522,kumili,population,7,1,1,1,1
gorillas,8,20230522,kumili,population,8,3,1,1,1
gorillas,8,20230522,kumili,population,9,1,0,0,1
gorillas,8,20230522,kumili,population,10,1,1,1,1
gorillas,8,20230522,kumili,population,11,1,0,0,1
gorillas,8,20230522,kumili,population,12,1,1,1,1
gorillas,8,20230522,kumili,reasoning,1,3,1,1,1
gorillas,8,20230522,kumili,reasoning,2,1,1,1,1
gorillas,8,20230522,kumili,reasoning,3,1,1,1,1
gorillas,8,20230522,kumili,reasoning,4,3,1,1,1
gorillas,8,20230522,kumili,reasoning,5,1,1,1,1
gorillas,8,20230522,kumili,reasoning,6,1,1,1,1
gorillas,8,20230522,kumili,reasoning,7,3,1,1,1
gorillas,8,20230522,kumili,reasoning,8,3,1,1,1
gorillas,8,20230522,kumili,reasoning,9,3,0,0,1
gorillas,8,20230522,kumili,reasoning,10,1,0,0,1
gorillas,8,20230522,kumili,reasoning,11,1,0,0,1
gorillas,8,20230522,kumili,reasoning,12,3,0,0,1
gorillas,8,20230524,kumili,communication,1,1,1,1,1
gorillas,8,20230524,kumili,communication,2,1,1,1,1
gorillas,8,20230524,kumili,communication,3,2,1,1,1
gorillas,8,20230524,kumili,communication,4,2,1,1,1
gorillas,8,20230524,kumili,communication,5,3,1,1,1
gorillas,8,20230524,kumili,communication,6,1,1,1,1
gorillas,8,20230524,kumili,communication,7,1,1,1,1
gorillas,8,20230524,kumili,communication,8,3,1,1,1
gorillas,8,20230524,kumili,communication,9,2,1,1,1
gorillas,8,20230524,kumili,communication,10,3,1,1,1
gorillas,8,20230524,kumili,communication,11,2,1,1,1
gorillas,8,20230524,kumili,communication,12,3,1,1,1
gorillas,8,20230526,kumili,attention,1,3,1,1,1
gorillas,8,20230526,kumili,attention,2,1,1,1,1
gorillas,8,20230526,kumili,attention,3,3,1,1,1
gorillas,8,20230526,kumili,attention,4,1,1,1,1
gorillas,8,20230526,kumili,attention,5,1,1,1,1
gorillas,8,20230526,kumili,attention,6,3,1,1,1
gorillas,8,20230526,kumili,attention,7,1,1,1,1
gorillas,8,20230526,kumili,attention,8,3,1,1,1
gorillas,8,20230526,kumili,attention,9,1,1,1,1
gorillas,8,20230526,kumili,attention,10,3,1,1,1
gorillas,8,20230526,kumili,attention,11,3,1,1,1
gorillas,8,20230526,kumili,attention,12,1,1,1,1
gorillas,8,20230522,diara,population,1,3,0,0,1
gorillas,8,20230522,diara,population,2,1,1,1,1
gorillas,8,20230522,diara,population,3,3,1,1,1
gorillas,8,20230522,diara,population,4,1,1,1,1
gorillas,8,20230522,diara,population,5,3,1,1,1
gorillas,8,20230522,diara,population,6,3,1,1,1
gorillas,8,20230522,diara,population,7,1,1,1,1
gorillas,8,20230522,diara,population,8,3,1,1,1
gorillas,8,20230522,diara,population,9,3,1,1,1
gorillas,8,20230522,diara,population,10,1,1,1,1
gorillas,8,20230522,diara,population,11,3,1,1,1
gorillas,8,20230522,diara,population,12,1,1,1,1
gorillas,8,20230522,diara,reasoning,1,1,0,0,1
gorillas,8,20230522,diara,reasoning,2,3,0,0,1
gorillas,8,20230522,diara,reasoning,3,1,1,1,1
gorillas,8,20230522,diara,reasoning,4,3,1,1,1
gorillas,8,20230522,diara,reasoning,5,3,0,0,1
gorillas,8,20230522,diara,reasoning,6,3,0,0,1
gorillas,8,20230522,diara,reasoning,7,3,1,1,1
gorillas,8,20230522,diara,reasoning,8,3,1,1,1
gorillas,8,20230522,diara,reasoning,9,1,1,1,1
gorillas,8,20230522,diara,reasoning,10,3,1,1,1
gorillas,8,20230522,diara,reasoning,11,3,1,1,1
gorillas,8,20230522,diara,reasoning,12,3,0,0,1
gorillas,8,20230524,diara,communication,1,1,1,1,1
gorillas,8,20230524,diara,communication,2,1,1,1,1
gorillas,8,20230524,diara,communication,3,3,0,0,1
gorillas,8,20230524,diara,communication,4,2,1,1,1
gorillas,8,20230524,diara,communication,5,3,1,1,1
gorillas,8,20230524,diara,communication,6,1,1,1,1
gorillas,8,20230524,diara,communication,7,1,1,1,1
gorillas,8,20230524,diara,communication,8,3,1,1,1
gorillas,8,20230524,diara,communication,9,2,1,1,1
gorillas,8,20230524,diara,communication,10,3,1,1,1
gorillas,8,20230524,diara,communication,11,2,1,1,1
gorillas,8,20230524,diara,communication,12,3,1,1,1
gorillas,8,20230524,diara,visible_food,1,3,1,1,1
gorillas,8,20230524,diara,visible_food,2,1,1,1,1
gorillas,8,20230524,diara,visible_food,3,3,1,1,1
gorillas,8,20230524,diara,visible_food,4,1,1,1,1
gorillas,8,20230524,diara,visible_food,5,3,1,1,1
gorillas,8,20230524,diara,visible_food,6,1,1,1,1
gorillas,8,20230524,diara,visible_food,7,3,1,1,1
gorillas,8,20230524,diara,visible_food,8,3,1,1,1
gorillas,8,20230524,diara,visible_food,9,1,1,1,1
gorillas,8,20230524,diara,visible_food,10,1,1,1,1
gorillas,8,20230524,diara,visible_food,11,3,1,1,1
gorillas,8,20230524,diara,visible_food,12,1,1,1,1
gorillas,8,20230526,diara,inhibit_searched,1,NA,0,0,1
gorillas,8,20230526,diara,inhibit_searched,2,NA,0,0,1
gorillas,8,20230526,diara,inhibit_searched,3,NA,0,0,1
gorillas,8,20230526,diara,inhibit_searched,4,NA,0,0,1
gorillas,8,20230526,diara,inhibit_searched,5,NA,0,0,1
gorillas,8,20230526,diara,inhibit_searched,6,NA,0,0,1
gorillas,8,20230526,diara,inhibit_searched,7,NA,0,0,1
gorillas,8,20230526,diara,inhibit_searched,8,NA,0,0,1
gorillas,8,20230526,diara,inhibit_searched,9,NA,0,0,1
gorillas,8,20230526,diara,inhibit_searched,10,NA,0,0,1
gorillas,8,20230526,diara,inhibit_searched,11,NA,0,0,1
gorillas,8,20230526,diara,inhibit_searched,12,NA,0,0,1
gorillas,8,20230526,diara,attention,1,3,1,1,1
gorillas,8,20230526,diara,attention,2,3,0,0,1
gorillas,8,20230526,diara,attention,3,1,0,0,1
gorillas,8,20230526,diara,attention,4,3,0,0,1
gorillas,8,20230526,diara,attention,5,3,0,0,1
gorillas,8,20230526,diara,attention,6,3,1,1,1
gorillas,8,20230526,diara,attention,7,3,0,0,1
gorillas,8,20230526,diara,attention,8,3,1,1,1
gorillas,8,20230526,diara,attention,9,3,0,0,1
gorillas,8,20230526,diara,attention,10,3,1,1,1
gorillas,8,20230526,diara,attention,11,3,1,1,1
gorillas,8,20230526,diara,attention,12,3,0,0,1
gorillas,8,20230522,abeeku,reasoning,1,3,1,1,1
gorillas,8,20230522,abeeku,reasoning,2,3,0,0,1
gorillas,8,20230522,abeeku,reasoning,3,3,0,0,1
gorillas,8,20230522,abeeku,reasoning,4,1,0,0,1
gorillas,8,20230522,abeeku,reasoning,5,3,0,0,1
gorillas,8,20230522,abeeku,reasoning,6,3,0,0,1
gorillas,8,20230522,abeeku,reasoning,7,1,0,0,1
gorillas,8,20230522,abeeku,reasoning,8,3,1,1,1
gorillas,8,20230522,abeeku,reasoning,9,3,0,0,1
gorillas,8,20230522,abeeku,reasoning,10,3,1,1,1
gorillas,8,20230522,abeeku,reasoning,11,3,1,1,1
gorillas,8,20230522,abeeku,reasoning,12,3,0,0,1
gorillas,8,20230524,abeeku,communication,1,3,0,0,1
gorillas,8,20230524,abeeku,communication,2,1,1,1,1
gorillas,8,20230524,abeeku,communication,3,2,1,1,1
gorillas,8,20230524,abeeku,communication,4,1,0,0,1
gorillas,8,20230524,abeeku,communication,5,3,1,1,1
gorillas,8,20230524,abeeku,communication,6,2,0,0,1
gorillas,8,20230524,abeeku,communication,7,1,1,1,1
gorillas,8,20230524,abeeku,communication,8,3,1,1,1
gorillas,8,20230524,abeeku,communication,9,1,0,0,1
gorillas,8,20230524,abeeku,communication,10,3,1,1,1
gorillas,8,20230524,abeeku,communication,11,2,1,1,1
gorillas,8,20230524,abeeku,visible_food,1,3,1,1,1
gorillas,8,20230524,abeeku,visible_food,2,1,1,1,1
gorillas,8,20230524,abeeku,visible_food,3,3,1,1,1
gorillas,8,20230524,abeeku,visible_food,4,1,1,1,1
gorillas,8,20230524,abeeku,visible_food,5,3,1,1,1
gorillas,8,20230524,abeeku,visible_food,6,1,1,1,1
gorillas,8,20230524,abeeku,visible_food,7,3,1,1,1
gorillas,8,20230524,abeeku,visible_food,8,3,1,1,1
gorillas,8,20230524,abeeku,visible_food,9,1,1,1,1
gorillas,8,20230524,abeeku,visible_food,10,1,1,1,1
gorillas,8,20230524,abeeku,visible_food,11,3,1,1,1
gorillas,8,20230524,abeeku,visible_food,12,1,1,1,1
gorillas,8,20230526,abeeku,inhibit_searched,1,NA,0,0,1
gorillas,8,20230526,abeeku,inhibit_searched,2,NA,0,0,1
gorillas,8,20230526,abeeku,inhibit_searched,3,NA,0,0,1
gorillas,8,20230526,abeeku,inhibit_searched,4,NA,0,0,1
gorillas,8,20230526,abeeku,inhibit_searched,5,NA,0,0,1
gorillas,8,20230526,abeeku,inhibit_searched,6,NA,0,0,1
gorillas,8,20230526,abeeku,inhibit_searched,7,NA,0,0,1
gorillas,8,20230526,abeeku,inhibit_searched,8,NA,0,0,1
gorillas,8,20230526,abeeku,inhibit_searched,9,NA,0,0,1
gorillas,8,20230526,abeeku,inhibit_searched,10,NA,0,0,1
gorillas,8,20230526,abeeku,inhibit_searched,11,NA,0,0,1
gorillas,8,20230526,abeeku,inhibit_searched,12,NA,0,0,1
gorillas,8,20230526,abeeku,attention,1,1,0,0,1
gorillas,8,20230526,abeeku,attention,2,3,0,0,1
gorillas,8,20230526,abeeku,attention,3,3,1,1,1
gorillas,8,20230526,abeeku,attention,4,3,0,0,1
gorillas,8,20230526,abeeku,attention,5,3,0,0,1
gorillas,8,20230526,abeeku,attention,6,1,0,0,1
gorillas,8,20230526,abeeku,attention,7,1,1,1,1
gorillas,8,20230526,abeeku,attention,8,1,0,0,1
gorillas,8,20230526,abeeku,attention,9,1,1,1,1
gorillas,8,20230526,abeeku,attention,10,3,1,1,1
gorillas,8,20230526,abeeku,attention,11,3,1,1,1
gorillas,8,20230526,abeeku,attention,12,1,1,1,1
gorillas,8,20230522,kianga,population,1,3,0,0,1
gorillas,8,20230522,kianga,population,2,1,1,1,1
gorillas,8,20230522,kianga,population,3,3,1,1,1
gorillas,8,20230522,kianga,population,4,1,1,1,1
gorillas,8,20230522,kianga,population,5,3,1,1,1
gorillas,8,20230522,kianga,population,6,1,0,0,1
gorillas,8,20230522,kianga,population,7,3,0,0,1
gorillas,8,20230522,kianga,population,8,3,1,1,1
gorillas,8,20230522,kianga,population,9,1,0,0,1
gorillas,8,20230522,kianga,population,10,3,0,0,1
gorillas,8,20230522,kianga,population,11,1,0,0,1
gorillas,8,20230522,kianga,population,12,1,1,1,1
gorillas,8,20230522,kianga,reasoning,1,1,0,0,1
gorillas,8,20230522,kianga,reasoning,2,3,1,1,1
gorillas,8,20230522,kianga,reasoning,3,1,1,1,1
gorillas,8,20230522,kianga,reasoning,4,3,1,1,1
gorillas,8,20230522,kianga,reasoning,5,1,1,1,1
gorillas,8,20230522,kianga,reasoning,6,3,0,0,1
gorillas,8,20230522,kianga,reasoning,7,1,0,0,1
gorillas,8,20230522,kianga,reasoning,8,3,1,1,1
gorillas,8,20230522,kianga,reasoning,9,3,0,0,1
gorillas,8,20230522,kianga,reasoning,10,3,1,1,1
gorillas,8,20230522,kianga,reasoning,11,1,0,0,1
gorillas,8,20230522,kianga,reasoning,12,1,1,1,1
gorillas,8,20230524,kianga,communication,1,1,1,1,1
gorillas,8,20230524,kianga,communication,2,1,1,1,1
gorillas,8,20230524,kianga,communication,3,2,1,1,1
gorillas,8,20230524,kianga,communication,4,1,0,0,1
gorillas,8,20230524,kianga,communication,5,3,1,1,1
gorillas,8,20230524,kianga,communication,6,1,1,1,1
gorillas,8,20230524,kianga,communication,7,1,1,1,1
gorillas,8,20230524,kianga,communication,8,3,1,1,1
gorillas,8,20230524,kianga,communication,9,2,1,1,1
gorillas,8,20230524,kianga,communication,10,3,1,1,1
gorillas,8,20230524,kianga,communication,11,2,1,1,1
gorillas,8,20230524,kianga,communication,12,2,0,0,1
gorillas,8,20230524,kianga,visible_food,1,3,1,1,1
gorillas,8,20230524,kianga,visible_food,2,1,1,1,1
gorillas,8,20230524,kianga,visible_food,3,3,1,1,1
gorillas,8,20230524,kianga,visible_food,4,1,1,1,1
gorillas,8,20230524,kianga,visible_food,5,3,1,1,1
gorillas,8,20230524,kianga,visible_food,6,1,1,1,1
gorillas,8,20230524,kianga,visible_food,7,3,1,1,1
gorillas,8,20230524,kianga,visible_food,8,3,1,1,1
gorillas,8,20230524,kianga,visible_food,9,1,1,1,1
gorillas,8,20230524,kianga,visible_food,10,1,1,1,1
gorillas,8,20230524,kianga,visible_food,11,3,1,1,1
gorillas,8,20230524,kianga,visible_food,12,1,1,1,1
gorillas,8,20230526,kianga,inhibit_searched,1,NA,0,0,1
gorillas,8,20230526,kianga,inhibit_searched,2,NA,0,0,1
gorillas,8,20230526,kianga,inhibit_searched,3,NA,0,0,1
gorillas,8,20230526,kianga,inhibit_searched,4,NA,0,0,1
gorillas,8,20230526,kianga,inhibit_searched,5,NA,0,0,1
gorillas,8,20230526,kianga,inhibit_searched,6,NA,0,0,1
gorillas,8,20230526,kianga,inhibit_searched,7,NA,0,0,1
gorillas,8,20230526,kianga,inhibit_searched,8,NA,0,0,1
gorillas,8,20230526,kianga,inhibit_searched,9,NA,0,0,1
gorillas,8,20230526,kianga,inhibit_searched,10,NA,0,0,1
gorillas,8,20230526,kianga,inhibit_searched,11,NA,0,0,1
gorillas,8,20230526,kianga,inhibit_searched,12,NA,0,0,1
gorillas,8,20230526,kianga,attention,1,3,1,1,1
gorillas,8,20230526,kianga,attention,2,3,0,0,1
gorillas,8,20230526,kianga,attention,3,3,1,1,1
gorillas,8,20230526,kianga,attention,4,3,0,0,1
gorillas,8,20230526,kianga,attention,5,1,1,1,1
gorillas,8,20230526,kianga,attention,6,3,1,1,1
gorillas,8,20230526,kianga,attention,7,3,0,0,1
gorillas,8,20230526,kianga,attention,8,3,1,1,1
gorillas,8,20230526,kianga,attention,9,3,0,0,1
gorillas,8,20230526,kianga,attention,10,3,1,1,1
gorillas,8,20230526,kianga,attention,11,3,1,1,1
gorillas,8,20230526,kianga,attention,12,3,0,0,1
gorillas,8,20230522,kibara,population,1,1,1,1,1
gorillas,8,20230522,kibara,population,2,1,1,1,1
gorillas,8,20230522,kibara,population,3,3,1,1,1
gorillas,8,20230522,kibara,population,4,1,1,1,1
gorillas,8,20230522,kibara,population,5,3,1,1,1
gorillas,8,20230522,kibara,population,6,3,1,1,1
gorillas,8,20230522,kibara,population,7,1,1,1,1
gorillas,8,20230522,kibara,population,8,3,1,1,1
gorillas,8,20230522,kibara,population,9,3,1,1,1
gorillas,8,20230522,kibara,population,10,1,1,1,1
gorillas,8,20230522,kibara,population,11,3,1,1,1
gorillas,8,20230522,kibara,population,12,1,1,1,1
gorillas,8,20230522,kibara,reasoning,1,1,0,0,1
gorillas,8,20230522,kibara,reasoning,2,3,0,0,1
gorillas,8,20230522,kibara,reasoning,3,3,0,0,1
gorillas,8,20230522,kibara,reasoning,4,3,1,1,1
gorillas,8,20230522,kibara,reasoning,5,1,1,1,1
gorillas,8,20230522,kibara,reasoning,6,3,0,0,1
gorillas,8,20230522,kibara,reasoning,7,1,0,0,1
gorillas,8,20230522,kibara,reasoning,8,3,1,1,1
gorillas,8,20230522,kibara,reasoning,9,3,0,0,1
gorillas,8,20230522,kibara,reasoning,10,3,1,1,1
gorillas,8,20230522,kibara,reasoning,11,1,0,0,1
gorillas,8,20230522,kibara,reasoning,12,3,0,0,1
gorillas,8,20230524,kibara,communication,1,1,1,1,1
gorillas,8,20230524,kibara,communication,2,3,0,0,1
gorillas,8,20230524,kibara,communication,3,3,0,0,1
gorillas,8,20230524,kibara,communication,4,3,0,0,1
gorillas,8,20230524,kibara,communication,5,3,1,1,1
gorillas,8,20230524,kibara,communication,6,1,1,1,1
gorillas,8,20230524,kibara,communication,7,3,0,0,1
gorillas,8,20230524,kibara,communication,8,1,0,0,1
gorillas,8,20230524,kibara,communication,9,1,0,0,1
gorillas,8,20230524,kibara,communication,10,3,1,1,1
gorillas,8,20230524,kibara,communication,11,1,0,0,1
gorillas,8,20230524,kibara,communication,12,3,1,1,1
gorillas,8,20230524,kibara,visible_food,1,1,0,0,1
gorillas,8,20230524,kibara,visible_food,2,1,1,1,1
gorillas,8,20230524,kibara,visible_food,3,3,1,1,1
gorillas,8,20230524,kibara,visible_food,4,1,1,1,1
gorillas,8,20230524,kibara,visible_food,5,3,1,1,1
gorillas,8,20230524,kibara,visible_food,6,1,1,1,1
gorillas,8,20230524,kibara,visible_food,7,3,1,1,1
gorillas,8,20230524,kibara,visible_food,8,3,1,1,1
gorillas,8,20230524,kibara,visible_food,9,1,1,1,1
gorillas,8,20230524,kibara,visible_food,10,1,1,1,1
gorillas,8,20230524,kibara,visible_food,11,3,1,1,1
gorillas,8,20230524,kibara,visible_food,12,1,1,1,1
gorillas,8,20230526,kibara,inhibit_searched,1,NA,0,0,1
gorillas,8,20230526,kibara,inhibit_searched,2,NA,0,0,1
gorillas,8,20230526,kibara,inhibit_searched,3,NA,0,0,1
gorillas,8,20230526,kibara,inhibit_searched,4,NA,0,0,1
gorillas,8,20230526,kibara,inhibit_searched,5,NA,0,0,1
gorillas,8,20230526,kibara,inhibit_searched,6,NA,0,0,1
gorillas,8,20230526,kibara,inhibit_searched,7,NA,0,0,1
gorillas,8,20230526,kibara,inhibit_searched,8,NA,0,0,1
gorillas,8,20230526,kibara,inhibit_searched,9,NA,0,0,1
gorillas,8,20230526,kibara,inhibit_searched,10,NA,0,0,1
gorillas,8,20230526,kibara,inhibit_searched,11,NA,0,0,1
gorillas,8,20230526,kibara,inhibit_searched,12,NA,0,0,1
gorillas,8,20230526,kibara,attention,1,1,0,0,1
gorillas,8,20230526,kibara,attention,2,3,0,0,1
gorillas,8,20230526,kibara,attention,3,3,1,1,1
gorillas,8,20230526,kibara,attention,4,1,1,1,1
gorillas,8,20230526,kibara,attention,5,1,1,1,1
gorillas,8,20230526,kibara,attention,6,3,1,1,1
gorillas,8,20230526,kibara,attention,7,3,0,0,1
gorillas,8,20230526,kibara,attention,8,3,1,1,1
gorillas,8,20230526,kibara,attention,9,1,1,1,1
gorillas,8,20230526,kibara,attention,10,3,1,1,1
gorillas,8,20230526,kibara,attention,11,3,1,1,1
gorillas,8,20230526,kibara,attention,12,1,1,1,1
orangs,4,20221012,pini,population,1,1,1,1,1
orangs,4,20221012,pini,population,2,1,1,1,1
orangs,4,20221012,pini,population,3,3,1,1,1
orangs,4,20221012,pini,population,4,1,1,1,1
orangs,4,20221012,pini,population,5,1,0,0,1
orangs,4,20221012,pini,population,6,3,1,1,1
orangs,4,20221012,pini,population,7,1,1,1,1
orangs,4,20221012,pini,population,8,3,1,1,1
orangs,4,20221012,pini,population,9,3,1,1,1
orangs,4,20221012,pini,population,10,1,1,1,1
orangs,4,20221012,pini,population,11,3,1,1,1
orangs,4,20221012,pini,population,12,1,1,1,1
orangs,4,20221012,bimbo,population,1,1,1,1,1
orangs,4,20221012,bimbo,reasoning,1,3,1,1,1
orangs,4,20221012,bimbo,reasoning,2,3,0,0,1
orangs,4,20221012,bimbo,reasoning,3,1,1,1,1
orangs,4,20221012,bimbo,reasoning,4,1,0,0,1
orangs,4,20221012,bimbo,reasoning,5,3,0,0,1
orangs,4,20221012,bimbo,reasoning,6,3,0,0,1
orangs,4,20221012,bimbo,reasoning,7,3,1,1,1
orangs,4,20221012,bimbo,reasoning,8,1,0,0,1
orangs,4,20221012,bimbo,reasoning,9,3,0,0,1
orangs,4,20221012,bimbo,reasoning,10,3,1,1,1
orangs,4,20221012,bimbo,reasoning,11,3,1,1,1
orangs,4,20221012,bimbo,reasoning,12,3,0,0,1
orangs,4,20221012,raja,population,1,3,0,0,1
orangs,4,20221012,raja,population,2,1,1,1,1
orangs,4,20221012,raja,population,3,3,1,1,1
orangs,4,20221012,raja,population,4,3,0,0,1
orangs,4,20221012,raja,population,5,3,1,1,1
orangs,4,20221012,raja,population,6,3,1,1,1
orangs,4,20221012,raja,population,7,1,1,1,1
orangs,4,20221012,raja,population,8,3,1,1,1
orangs,4,20221012,raja,population,9,3,1,1,1
orangs,4,20221012,raja,population,10,1,1,1,1
orangs,4,20221012,raja,population,11,3,1,1,1
orangs,4,20221012,raja,population,12,3,0,0,1
orangs,4,20221012,raja,reasoning,1,3,1,1,1
orangs,4,20221012,raja,reasoning,2,1,1,1,1
orangs,4,20221012,raja,reasoning,3,1,1,1,1
orangs,4,20221012,raja,reasoning,4,1,0,0,1
orangs,4,20221012,raja,reasoning,5,1,1,1,1
orangs,4,20221012,raja,reasoning,6,1,1,1,1
orangs,4,20221012,padana,population,1,1,1,1,1
orangs,4,20221012,padana,population,2,1,1,1,1
orangs,4,20221012,padana,population,3,3,1,1,1
orangs,4,20221012,padana,population,4,1,1,1,1
orangs,4,20221012,padana,population,5,3,1,1,1
orangs,4,20221012,padana,population,6,3,1,1,1
orangs,4,20221012,padana,population,7,1,1,1,1
orangs,4,20221012,padana,population,8,3,1,1,1
orangs,4,20221012,padana,population,9,3,1,1,1
orangs,4,20221012,padana,population,10,1,1,1,1
orangs,4,20221012,padana,population,11,3,1,1,1
orangs,4,20221012,padana,population,12,1,1,1,1
orangs,4,20221012,padana,reasoning,1,1,0,0,1
orangs,4,20221012,padana,reasoning,2,3,0,0,1
orangs,4,20221012,padana,reasoning,3,3,0,0,1
orangs,4,20221012,padana,reasoning,4,3,1,1,1
orangs,4,20221012,padana,reasoning,5,1,1,1,1
orangs,4,20221012,padana,reasoning,6,1,1,1,1
orangs,4,20221012,padana,reasoning,7,3,1,1,1
orangs,4,20221012,padana,reasoning,8,1,0,0,1
orangs,4,20221012,padana,reasoning,9,1,1,1,1
orangs,4,20221012,dokana,population,1,1,1,1,1
orangs,4,20221012,dokana,population,2,1,1,1,1
orangs,4,20221012,dokana,population,3,3,1,1,1
orangs,4,20221012,dokana,population,4,1,1,1,1
orangs,4,20221012,dokana,population,5,1,0,0,1
orangs,4,20221012,dokana,population,6,3,1,0,0
orangs,4,20221012,dokana,population,7,1,1,1,1
orangs,4,20221012,dokana,population,8,3,1,1,1
orangs,4,20221012,dokana,population,9,3,1,1,1
orangs,4,20221012,dokana,population,10,1,1,1,1
orangs,4,20221012,dokana,population,11,3,1,1,1
orangs,4,20221012,dokana,population,12,1,1,1,1
orangs,4,20221012,dokana,reasoning,1,3,1,1,1
orangs,4,20221012,dokana,reasoning,2,3,0,0,1
orangs,4,20221012,dokana,reasoning,3,3,0,0,1
orangs,4,20221012,dokana,reasoning,4,1,0,0,1
orangs,4,20221012,dokana,reasoning,5,1,1,1,1
orangs,4,20221012,dokana,reasoning,6,3,0,0,1
orangs,4,20221012,dokana,reasoning,7,3,1,1,1
orangs,4,20221012,dokana,reasoning,8,1,0,0,1
orangs,4,20221012,dokana,reasoning,9,1,1,1,1
orangs,4,20221012,dokana,reasoning,10,3,1,1,1
orangs,4,20221012,dokana,reasoning,11,3,1,1,1
orangs,4,20221012,dokana,reasoning,12,3,0,0,1
orangs,4,20221012,sari,population,1,1,1,1,1
orangs,4,20221012,sari,population,2,3,0,0,1
orangs,4,20221012,sari,population,3,1,0,0,1
orangs,4,20221012,sari,population,4,3,0,0,1
orangs,4,20221012,sari,population,5,1,0,0,1
orangs,4,20221012,sari,population,6,3,1,1,1
orangs,4,20221012,sari,reasoning,1,1,0,0,1
orangs,4,20221012,sari,reasoning,2,1,1,1,1
orangs,4,20221012,sari,reasoning,3,1,1,1,1
orangs,4,20221012,sari,reasoning,4,1,0,0,1
orangs,4,20221012,sari,reasoning,5,1,1,1,1
orangs,4,20221012,sari,reasoning,6,3,0,0,1
orangs,8,20230528,pini,population,1,1,1,1,1
orangs,8,20230528,pini,population,2,1,1,1,1
orangs,8,20230528,pini,population,3,3,1,1,1
orangs,8,20230528,pini,population,4,1,1,1,1
orangs,8,20230528,pini,population,5,1,0,0,1
orangs,8,20230528,pini,population,6,3,1,1,1
orangs,8,20230528,pini,population,7,1,1,1,1
orangs,8,20230528,pini,population,8,3,1,1,1
orangs,8,20230528,pini,population,9,3,1,1,1
orangs,8,20230528,pini,population,10,1,1,1,1
orangs,8,20230528,pini,population,11,3,1,1,1
orangs,8,20230528,pini,population,12,1,1,1,1
orangs,8,20230528,pini,reasoning,1,1,0,0,1
orangs,8,20230528,pini,reasoning,2,3,0,0,1
orangs,8,20230528,pini,reasoning,3,1,1,1,1
orangs,8,20230528,pini,reasoning,4,3,1,1,1
orangs,8,20230528,pini,reasoning,5,3,0,0,1
orangs,8,20230528,pini,reasoning,6,1,1,1,1
orangs,8,20230528,pini,reasoning,7,3,1,1,1
orangs,8,20230528,pini,reasoning,8,3,1,1,1
orangs,8,20230528,pini,reasoning,9,1,1,1,1
orangs,8,20230528,pini,reasoning,10,1,0,0,1
orangs,8,20230528,pini,reasoning,11,3,1,1,1
orangs,8,20230528,pini,reasoning,12,1,1,1,1
orangs,8,20230529,pini,communication,1,1,1,1,1
orangs,8,20230529,pini,communication,2,2,0,0,1
orangs,8,20230529,pini,communication,3,2,1,1,1
orangs,8,20230529,pini,communication,4,1,0,0,1
orangs,8,20230529,pini,communication,5,3,1,1,1
orangs,8,20230529,pini,communication,6,3,0,0,1
orangs,8,20230529,pini,communication,7,1,1,1,1
orangs,8,20230529,pini,communication,8,3,1,1,1
orangs,8,20230529,pini,communication,9,1,0,0,1
orangs,8,20230529,pini,communication,10,3,1,1,1
orangs,8,20230529,pini,communication,11,2,1,1,1
orangs,8,20230529,pini,communication,12,1,0,0,1
orangs,8,20230529,pini,visible_food,1,3,1,1,1
orangs,8,20230529,pini,visible_food,2,1,1,1,1
orangs,8,20230529,pini,visible_food,3,3,1,1,1
orangs,8,20230529,pini,visible_food,4,1,1,1,1
orangs,8,20230529,pini,visible_food,5,3,1,1,1
orangs,8,20230529,pini,visible_food,6,1,1,1,1
orangs,8,20230529,pini,visible_food,7,3,1,1,1
orangs,8,20230529,pini,visible_food,8,3,1,1,1
orangs,8,20230529,pini,visible_food,9,1,1,1,1
orangs,8,20230529,pini,visible_food,10,1,1,1,1
orangs,8,20230529,pini,visible_food,11,3,1,1,1
orangs,8,20230529,pini,visible_food,12,1,1,1,1
orangs,8,20230531,pini,inhibit_searched,1,NA,0,0,1
orangs,8,20230531,pini,inhibit_searched,2,NA,0,0,1
orangs,8,20230531,pini,inhibit_searched,3,NA,0,0,1
orangs,8,20230531,pini,inhibit_searched,4,NA,0,0,1
orangs,8,20230531,pini,inhibit_searched,5,NA,0,0,1
orangs,8,20230531,pini,inhibit_searched,6,NA,0,0,1
orangs,8,20230531,pini,inhibit_searched,7,NA,0,0,1
orangs,8,20230531,pini,inhibit_searched,8,NA,0,0,1
orangs,8,20230531,pini,inhibit_searched,9,NA,0,0,1
orangs,8,20230531,pini,inhibit_searched,10,NA,0,0,1
orangs,8,20230531,pini,inhibit_searched,11,NA,0,0,1
orangs,8,20230531,pini,inhibit_searched,12,NA,0,0,1
orangs,8,20230531,pini,attention,1,1,0,0,1
orangs,8,20230531,pini,attention,2,3,0,0,1
orangs,8,20230531,pini,attention,3,3,1,1,1
orangs,8,20230531,pini,attention,4,3,0,0,1
orangs,8,20230531,pini,attention,5,1,1,1,1
orangs,8,20230531,pini,attention,6,1,0,0,1
orangs,8,20230531,pini,attention,7,3,0,0,1
orangs,8,20230531,pini,attention,8,1,0,0,1
orangs,8,20230531,pini,attention,9,3,0,0,1
orangs,8,20230531,pini,attention,10,3,1,1,1
orangs,8,20230531,pini,attention,11,1,0,0,1
orangs,8,20230531,pini,attention,12,3,0,0,1
orangs,8,20230528,dokana,population,1,1,1,1,1
orangs,8,20230528,dokana,population,2,1,1,1,1
orangs,8,20230528,dokana,population,3,3,1,1,1
orangs,8,20230528,dokana,population,4,3,0,0,1
orangs,8,20230528,dokana,population,5,3,1,1,1
orangs,8,20230528,dokana,population,6,3,1,1,1
orangs,8,20230528,dokana,population,7,1,1,1,1
orangs,8,20230528,dokana,population,8,3,1,1,1
orangs,8,20230528,dokana,population,9,3,1,1,1
orangs,8,20230528,dokana,population,10,1,1,1,1
orangs,8,20230528,dokana,population,11,3,1,1,1
orangs,8,20230528,dokana,population,12,1,1,1,1
orangs,8,20230528,dokana,reasoning,1,3,1,1,1
orangs,8,20230528,dokana,reasoning,2,1,1,1,1
orangs,8,20230528,dokana,reasoning,3,1,1,1,1
orangs,8,20230528,dokana,reasoning,4,3,1,1,1
orangs,8,20230528,dokana,reasoning,5,3,0,0,1
orangs,8,20230528,dokana,reasoning,6,1,1,1,1
orangs,8,20230528,dokana,reasoning,7,1,0,0,1
orangs,8,20230528,dokana,reasoning,8,1,0,0,1
orangs,8,20230528,dokana,reasoning,9,1,1,1,1
orangs,8,20230528,dokana,reasoning,10,1,0,0,1
orangs,8,20230528,dokana,reasoning,11,1,0,0,1
orangs,8,20230528,dokana,reasoning,12,1,1,1,1
orangs,8,20230529,dokana,communication,1,1,1,1,1
orangs,8,20230529,dokana,communication,2,1,1,1,1
orangs,8,20230529,dokana,communication,3,2,1,1,1
orangs,8,20230529,dokana,communication,4,2,1,1,1
orangs,8,20230529,dokana,communication,5,3,1,1,1
orangs,8,20230529,dokana,communication,6,1,1,1,1
orangs,8,20230529,dokana,communication,7,1,1,1,1
orangs,8,20230529,dokana,communication,8,3,1,1,1
orangs,8,20230529,dokana,communication,9,2,1,1,1
orangs,8,20230529,dokana,communication,10,3,1,1,1
orangs,8,20230529,dokana,communication,11,2,1,1,1
orangs,8,20230529,dokana,communication,12,3,1,1,1
orangs,8,20230529,dokana,visible_food,1,3,1,1,1
orangs,8,20230529,dokana,visible_food,2,1,1,1,1
orangs,8,20230529,dokana,visible_food,3,3,1,1,1
orangs,8,20230529,dokana,visible_food,4,1,1,1,1
orangs,8,20230529,dokana,visible_food,5,3,1,1,1
orangs,8,20230529,dokana,visible_food,6,1,1,1,1
orangs,8,20230529,dokana,visible_food,7,3,1,1,1
orangs,8,20230529,dokana,visible_food,8,3,1,1,1
orangs,8,20230529,dokana,visible_food,9,1,1,1,1
orangs,8,20230529,dokana,visible_food,10,1,1,1,1
orangs,8,20230529,dokana,visible_food,11,3,1,1,1
orangs,8,20230529,dokana,visible_food,12,1,1,1,1
orangs,8,20230531,dokana,inhibit_searched,1,NA,0,0,1
orangs,8,20230531,dokana,inhibit_searched,2,NA,0,0,1
orangs,8,20230531,dokana,inhibit_searched,3,NA,0,0,1
orangs,8,20230531,dokana,inhibit_searched,4,NA,0,0,1
orangs,8,20230531,dokana,inhibit_searched,5,NA,0,0,1
orangs,8,20230531,dokana,inhibit_searched,6,NA,0,0,1
orangs,8,20230531,dokana,inhibit_searched,7,NA,0,0,1
orangs,8,20230531,dokana,inhibit_searched,8,NA,0,0,1
orangs,8,20230531,dokana,inhibit_searched,9,NA,0,0,1
orangs,8,20230531,dokana,inhibit_searched,10,NA,0,0,1
orangs,8,20230531,dokana,inhibit_searched,11,NA,0,0,1
orangs,8,20230531,dokana,inhibit_searched,12,NA,0,0,1
orangs,8,20230531,dokana,attention,1,3,1,1,1
orangs,8,20230531,dokana,attention,2,1,1,1,1
orangs,8,20230531,dokana,attention,3,3,1,1,1
orangs,8,20230531,dokana,attention,4,1,1,1,1
orangs,8,20230531,dokana,attention,5,1,1,1,1
orangs,8,20230531,dokana,attention,6,3,1,1,1
orangs,8,20230531,dokana,attention,7,3,0,0,1
orangs,8,20230531,dokana,attention,8,3,1,1,1
orangs,8,20230531,dokana,attention,9,1,1,1,1
orangs,8,20230531,dokana,attention,10,1,0,0,1
orangs,8,20230531,dokana,attention,11,1,0,0,1
orangs,8,20230531,dokana,attention,12,1,1,1,1
orangs,8,20230528,padana,population,1,1,1,1,1
orangs,8,20230528,padana,population,2,1,1,1,1
orangs,8,20230528,padana,population,3,3,1,1,1
orangs,8,20230528,padana,population,4,1,1,1,1
orangs,8,20230528,padana,population,5,3,1,1,1
orangs,8,20230528,padana,population,6,3,1,1,1
orangs,8,20230528,padana,population,7,1,1,1,1
orangs,8,20230528,padana,population,8,3,1,1,1
orangs,8,20230528,padana,population,9,3,1,1,1
orangs,8,20230528,padana,population,10,1,1,1,1
orangs,8,20230528,padana,population,11,3,1,1,1
orangs,8,20230528,padana,population,12,1,1,1,1
orangs,8,20230528,padana,reasoning,1,3,1,1,1
orangs,8,20230528,padana,reasoning,2,1,1,1,1
orangs,8,20230528,padana,reasoning,3,3,0,0,1
orangs,8,20230528,padana,reasoning,4,1,0,0,1
orangs,8,20230528,padana,reasoning,5,1,1,1,1
orangs,8,20230528,padana,reasoning,6,3,0,0,1
orangs,8,20230528,padana,reasoning,7,1,0,0,1
orangs,8,20230528,padana,reasoning,8,3,1,0,0
orangs,8,20230528,padana,reasoning,9,3,0,0,1
orangs,8,20230528,padana,reasoning,10,3,1,1,1
orangs,8,20230528,padana,reasoning,11,3,1,1,1
orangs,8,20230528,padana,reasoning,12,1,1,1,1
orangs,8,20230529,padana,communication,1,1,1,1,1
orangs,8,20230529,padana,communication,2,1,1,1,1
orangs,8,20230529,padana,communication,3,2,1,1,1
orangs,8,20230529,padana,communication,4,1,0,0,1
orangs,8,20230529,padana,communication,5,3,1,1,1
orangs,8,20230529,padana,communication,6,1,1,1,1
orangs,8,20230529,padana,communication,7,1,1,1,1
orangs,8,20230529,padana,communication,8,3,1,1,1
orangs,8,20230529,padana,communication,9,2,1,1,1
orangs,8,20230529,padana,communication,10,3,1,1,1
orangs,8,20230529,padana,communication,11,2,1,1,1
orangs,8,20230529,padana,communication,12,3,1,1,1
orangs,8,20230529,padana,visible_food,1,3,1,1,1
orangs,8,20230529,padana,visible_food,2,1,1,1,1
orangs,8,20230529,padana,visible_food,3,3,1,1,1
orangs,8,20230529,padana,visible_food,4,1,1,1,1
orangs,8,20230529,padana,visible_food,5,3,1,1,1
orangs,8,20230529,padana,visible_food,6,1,1,1,1
orangs,8,20230529,padana,visible_food,7,3,1,1,1
orangs,8,20230529,padana,visible_food,8,3,1,1,1
orangs,8,20230529,padana,visible_food,9,1,1,1,1
orangs,8,20230529,padana,visible_food,10,1,1,1,1
orangs,8,20230529,padana,visible_food,11,3,1,1,1
orangs,8,20230529,padana,visible_food,12,1,1,1,1
orangs,8,20230531,padana,inhibit_searched,1,NA,0,0,1
orangs,8,20230531,padana,inhibit_searched,2,NA,0,0,1
orangs,8,20230531,padana,inhibit_searched,3,NA,0,0,1
orangs,8,20230531,padana,inhibit_searched,4,NA,0,0,1
orangs,8,20230531,padana,inhibit_searched,5,NA,0,0,1
orangs,8,20230531,padana,inhibit_searched,6,NA,0,0,1
orangs,8,20230531,padana,inhibit_searched,7,NA,0,0,1
orangs,8,20230531,padana,inhibit_searched,8,NA,0,0,1
orangs,8,20230531,padana,inhibit_searched,9,NA,0,0,1
orangs,8,20230531,padana,inhibit_searched,10,NA,0,0,1
orangs,8,20230531,padana,inhibit_searched,11,NA,0,0,1
orangs,8,20230531,padana,inhibit_searched,12,NA,0,0,1
orangs,8,20230531,padana,attention,1,3,1,1,1
orangs,8,20230531,padana,attention,2,3,0,0,1
orangs,8,20230531,padana,attention,3,3,1,1,1
orangs,8,20230531,padana,attention,4,3,0,0,1
orangs,8,20230531,padana,attention,5,1,1,1,1
orangs,8,20230531,padana,attention,6,3,1,1,1
orangs,8,20230531,padana,attention,7,1,1,1,1
orangs,8,20230531,padana,attention,8,3,1,1,1
orangs,8,20230531,padana,attention,9,1,1,1,1
orangs,8,20230531,padana,attention,10,3,1,1,1
orangs,8,20230531,padana,attention,11,3,1,1,1
orangs,8,20230531,padana,attention,12,1,1,1,1
orangs,8,20230528,raja,population,1,1,1,1,1
orangs,8,20230528,raja,population,2,1,1,1,1
orangs,8,20230528,raja,population,3,3,1,1,1
orangs,8,20230528,raja,population,4,1,1,1,1
orangs,8,20230528,raja,population,5,3,1,1,1
orangs,8,20230528,raja,population,6,3,1,1,1
orangs,8,20230528,raja,population,7,1,1,1,1
orangs,8,20230528,raja,reasoning,1,3,1,1,1
orangs,8,20230528,raja,reasoning,2,3,0,0,1
orangs,8,20230528,raja,reasoning,3,1,1,1,1
orangs,8,20230528,raja,reasoning,4,3,1,1,1
orangs,8,20230528,raja,reasoning,5,3,0,0,1
orangs,8,20230529,raja,communication,1,1,1,1,1
orangs,8,20230529,raja,communication,2,1,1,1,1
orangs,8,20230529,raja,communication,3,2,1,1,1
orangs,8,20230529,raja,communication,4,2,1,1,1
orangs,8,20230529,raja,communication,5,3,1,1,1
orangs,8,20230529,raja,communication,6,2,0,0,1
orangs,8,20230529,raja,communication,7,2,0,0,1
orangs,8,20230529,raja,communication,8,3,1,1,1
orangs,8,20230529,raja,communication,9,2,1,1,1
orangs,8,20230529,raja,communication,10,1,0,0,1
orangs,8,20230529,raja,communication,11,2,1,1,1
orangs,8,20230529,raja,communication,12,3,1,1,1
orangs,8,20230529,raja,visible_food,1,3,1,1,1
orangs,8,20230529,raja,visible_food,2,1,1,1,1
orangs,8,20230529,raja,visible_food,3,3,1,1,1
orangs,8,20230529,raja,visible_food,4,1,1,1,1
orangs,8,20230529,raja,visible_food,5,3,1,1,1
orangs,8,20230529,raja,visible_food,6,1,1,1,1
orangs,8,20230529,raja,visible_food,7,3,1,1,1
orangs,8,20230529,raja,visible_food,8,3,1,1,1
orangs,8,20230529,raja,visible_food,9,1,1,1,1
orangs,8,20230529,raja,visible_food,10,1,1,1,1
orangs,8,20230529,raja,visible_food,11,3,1,1,1
orangs,8,20230529,raja,visible_food,12,1,1,1,1
orangs,8,20230531,raja,inhibit_searched,1,NA,0,0,1
orangs,8,20230531,raja,inhibit_searched,2,NA,0,0,1
orangs,8,20230531,raja,inhibit_searched,3,NA,0,0,1
orangs,8,20230531,raja,inhibit_searched,4,NA,0,0,1
orangs,8,20230531,raja,inhibit_searched,5,NA,0,0,1
orangs,8,20230531,raja,inhibit_searched,6,NA,0,0,1
orangs,8,20230531,raja,inhibit_searched,7,NA,0,0,1
orangs,8,20230531,raja,inhibit_searched,8,NA,0,0,1
orangs,8,20230531,raja,inhibit_searched,9,NA,0,0,1
orangs,8,20230531,raja,attention,1,1,0,0,1
orangs,8,20230531,raja,attention,2,3,0,0,1
orangs,8,20230531,raja,attention,3,1,0,0,1
orangs,8,20230531,raja,attention,4,1,1,1,1
orangs,8,20230531,raja,attention,5,3,0,0,1
orangs,8,20230531,raja,attention,6,1,0,0,1
orangs,8,20230528,bimbo,population,1,1,1,1,1
orangs,8,20230528,bimbo,population,2,1,1,1,1
orangs,8,20230528,bimbo,population,3,3,1,1,1
orangs,8,20230528,bimbo,population,4,1,1,1,1
orangs,8,20230528,bimbo,population,5,3,1,1,1
orangs,8,20230528,bimbo,population,6,3,1,1,1
orangs,8,20230528,bimbo,population,7,1,1,1,1
orangs,8,20230528,bimbo,population,8,3,1,1,1
orangs,8,20230528,bimbo,population,9,3,1,1,1
orangs,8,20230528,bimbo,population,10,1,1,1,1
orangs,8,20230528,bimbo,population,11,3,1,1,1
orangs,8,20230528,bimbo,population,12,1,1,1,1
orangs,8,20230528,bimbo,reasoning,1,3,1,1,1
orangs,8,20230528,bimbo,reasoning,2,3,0,0,1
orangs,8,20230528,bimbo,reasoning,3,3,0,0,1
orangs,8,20230528,bimbo,reasoning,4,1,0,0,1
orangs,8,20230528,bimbo,reasoning,5,1,1,1,1
orangs,8,20230528,bimbo,reasoning,6,3,0,0,1
orangs,8,20230528,bimbo,reasoning,7,1,0,0,1
orangs,8,20230528,bimbo,reasoning,8,1,0,0,1
orangs,8,20230528,bimbo,reasoning,9,3,0,0,1
orangs,8,20230528,bimbo,reasoning,10,1,0,0,1
orangs,8,20230528,bimbo,reasoning,11,3,1,1,1
orangs,8,20230528,bimbo,reasoning,12,1,1,1,1
orangs,8,20230529,bimbo,communication,1,1,1,1,1
orangs,8,20230529,bimbo,communication,2,1,1,1,1
orangs,8,20230529,bimbo,communication,3,2,0,0,1
orangs,8,20230529,bimbo,communication,4,2,1,1,1
orangs,8,20230529,bimbo,communication,5,3,1,1,1
orangs,8,20230529,bimbo,communication,6,1,1,1,1
orangs,8,20230529,bimbo,communication,7,1,1,1,1
orangs,8,20230529,bimbo,communication,8,3,1,1,1
orangs,8,20230529,bimbo,communication,9,2,1,1,1
orangs,8,20230529,bimbo,communication,10,3,1,1,1
orangs,8,20230529,bimbo,communication,11,2,1,1,1
orangs,8,20230529,bimbo,communication,12,3,1,1,1
orangs,8,20230529,bimbo,visible_food,1,3,1,1,1
orangs,8,20230529,bimbo,visible_food,2,1,1,1,1
orangs,8,20230529,bimbo,visible_food,3,3,1,1,1
orangs,8,20230529,bimbo,visible_food,4,1,1,1,1
orangs,8,20230529,bimbo,visible_food,5,3,1,1,1
orangs,8,20230529,bimbo,visible_food,6,1,1,1,1
orangs,8,20230529,bimbo,visible_food,7,3,1,1,1
orangs,8,20230529,bimbo,visible_food,8,3,1,1,1
orangs,8,20230529,bimbo,visible_food,9,1,1,1,1
orangs,8,20230529,bimbo,visible_food,10,1,1,1,1
orangs,8,20230529,bimbo,visible_food,11,3,1,1,1
orangs,8,20230529,bimbo,visible_food,12,1,1,1,1
orangs,8,20230531,bimbo,inhibit_searched,1,NA,0,0,1
orangs,8,20230531,bimbo,inhibit_searched,2,NA,0,0,1
orangs,8,20230531,bimbo,inhibit_searched,3,NA,0,0,1
orangs,8,20230531,bimbo,inhibit_searched,4,NA,0,0,1
orangs,8,20230531,bimbo,inhibit_searched,5,NA,0,0,1
orangs,8,20230531,bimbo,inhibit_searched,6,NA,0,0,1
orangs,8,20230531,bimbo,inhibit_searched,7,NA,1,1,1
orangs,8,20230531,bimbo,inhibit_searched,8,NA,0,0,1
orangs,8,20230531,bimbo,inhibit_searched,9,NA,0,0,1
orangs,8,20230531,bimbo,inhibit_searched,10,NA,0,0,1
orangs,8,20230531,bimbo,inhibit_searched,11,NA,1,1,1
orangs,8,20230531,bimbo,inhibit_searched,12,NA,0,0,1
orangs,8,20230531,bimbo,attention,1,3,1,1,1
orangs,8,20230531,bimbo,attention,2,3,0,0,1
orangs,8,20230531,bimbo,attention,3,3,1,1,1
orangs,8,20230531,bimbo,attention,4,3,0,0,1
orangs,8,20230531,bimbo,attention,5,3,0,0,1
orangs,8,20230531,bimbo,attention,6,3,1,1,1
orangs,8,20230531,bimbo,attention,7,3,0,0,1
orangs,8,20230531,bimbo,attention,8,3,1,1,1
orangs,8,20230531,bimbo,attention,9,3,0,0,1
orangs,8,20230531,bimbo,attention,10,3,1,1,1
orangs,8,20230531,bimbo,attention,11,3,1,1,1
orangs,8,20230531,bimbo,attention,12,3,0,0,1
orangs,8,20230528,sari,population,1,1,1,1,1
orangs,8,20230528,sari,population,2,1,1,1,1
orangs,8,20230528,sari,population,3,3,1,1,1
orangs,8,20230528,sari,population,4,3,0,0,1
orangs,8,20230528,sari,population,5,3,1,1,1
orangs,8,20230528,sari,population,6,3,1,1,1
orangs,8,20230528,sari,population,7,3,0,0,1
orangs,8,20230528,sari,population,8,3,1,1,1
orangs,8,20230528,sari,population,9,3,1,1,1
orangs,8,20230528,sari,population,10,3,1,1,1
orangs,8,20230528,sari,population,11,1,1,1,1
orangs,8,20230528,sari,population,12,1,1,1,1
orangs,8,20230528,sari,reasoning,1,3,1,1,1
orangs,8,20230528,sari,reasoning,2,1,1,1,1
orangs,8,20230528,sari,reasoning,3,3,0,0,1
orangs,8,20230528,sari,reasoning,4,1,0,0,1
orangs,8,20230528,sari,reasoning,5,3,0,0,1
orangs,8,20230528,sari,reasoning,6,3,0,0,1
orangs,8,20230529,sari,communication,1,2,0,0,1
orangs,8,20230529,sari,communication,2,1,1,1,1
orangs,8,20230529,sari,communication,3,2,1,1,1
orangs,8,20230529,sari,communication,4,2,1,1,1
orangs,8,20230529,sari,communication,5,3,1,1,1
orangs,8,20230529,sari,communication,6,1,1,1,1
orangs,8,20230529,sari,visible_food,1,3,1,1,1
orangs,8,20230529,sari,visible_food,2,1,1,1,1
orangs,8,20230529,sari,visible_food,3,3,1,1,1
orangs,8,20230529,sari,visible_food,4,1,1,1,1
orangs,8,20230529,sari,visible_food,5,3,1,1,1
orangs,8,20230529,sari,visible_food,6,1,1,1,1
orangs,8,20230529,sari,visible_food,7,3,1,1,1
orangs,8,20230529,sari,visible_food,8,3,1,1,1
orangs,8,20230529,sari,visible_food,9,1,1,1,1
orangs,8,20230529,sari,visible_food,10,1,1,1,1
orangs,8,20230529,sari,visible_food,11,3,1,1,1
orangs,8,20230529,sari,visible_food,12,1,1,1,1
orangs,8,20230531,sari,inhibit_searched,1,NA,0,0,1
orangs,8,20230531,sari,inhibit_searched,2,NA,0,0,1
orangs,8,20230531,sari,inhibit_searched,3,NA,0,0,1
orangs,8,20230531,sari,inhibit_searched,4,NA,1,1,1
orangs,8,20230531,sari,inhibit_searched,5,NA,0,0,1
orangs,8,20230531,sari,inhibit_searched,6,NA,0,0,1
orangs,8,20230531,sari,inhibit_searched,7,NA,0,0,1
orangs,8,20230531,sari,inhibit_searched,8,NA,0,0,1
orangs,8,20230531,sari,inhibit_searched,9,NA,0,0,1
orangs,8,20230531,sari,inhibit_searched,10,NA,1,1,1
orangs,8,20230531,sari,inhibit_searched,11,NA,0,0,1
orangs,8,20230531,sari,inhibit_searched,12,NA,0,0,1
orangs,8,20230531,sari,attention,1,3,1,1,1
orangs,8,20230531,sari,attention,2,1,1,1,1
orangs,8,20230531,sari,attention,3,3,1,1,1
orangs,8,20230531,sari,attention,4,1,1,1,1
orangs,8,20230531,sari,attention,5,1,1,1,1
orangs,8,20230531,sari,attention,6,3,1,1,1
