date,time_point,session,group,subject,room,sick_severity,heat,test_day,test_tp,rank,observer,keeper,task,trial,correct_location,pick,search_1,search_2,search_3,condition,code,experimenter,comment,...25
20220520,1,3,a_chimp,shanga,sleep_room,0,no,no,18,11,NA,nico,inhibit_searched,1,NA,NA,1,3,1,NA,1,nico,away,NA
20220520,1,3,a_chimp,shanga,sleep_room,0,no,no,18,11,NA,nico,inhibit_searched,2,NA,NA,2,1,1,NA,1,nico,away,NA
20220520,1,3,a_chimp,shanga,sleep_room,0,no,no,18,11,NA,nico,inhibit_searched,3,NA,NA,2,1,1,NA,1,nico,NA,NA
20220520,1,3,a_chimp,shanga,sleep_room,0,no,no,18,11,NA,nico,inhibit_searched,4,NA,NA,3,1,1,NA,1,nico,NA,NA
20220520,1,3,a_chimp,shanga,sleep_room,0,no,no,18,11,NA,nico,inhibit_searched,5,NA,NA,1,2,3,NA,0,nico,NA,NA
20220520,1,3,a_chimp,shanga,sleep_room,0,no,no,18,11,NA,nico,inhibit_searched,6,NA,NA,1,3,1,NA,1,nico,NA,NA
20220520,1,3,a_chimp,shanga,sleep_room,0,no,no,18,11,NA,nico,inhibit_searched,7,NA,NA,1,3,2,NA,0,nico,NA,NA
20220520,1,3,a_chimp,shanga,sleep_room,0,no,no,18,11,NA,nico,inhibit_searched,8,NA,NA,1,3,2,NA,0,nico,NA,NA
20220520,1,3,a_chimp,shanga,sleep_room,0,no,no,18,11,NA,nico,inhibit_searched,9,NA,NA,1,3,2,NA,0,nico,NA,NA
20220520,1,3,a_chimp,shanga,sleep_room,0,no,no,18,11,NA,nico,inhibit_searched,10,NA,NA,1,3,2,NA,0,nico,NA,NA
20220520,1,3,a_chimp,shanga,sleep_room,0,no,no,18,11,NA,nico,inhibit_searched,11,NA,NA,1,3,2,NA,0,nico,NA,NA
20220520,1,3,a_chimp,shanga,sleep_room,0,no,no,18,11,NA,nico,inhibit_searched,12,NA,NA,1,3,2,NA,0,nico,NA,NA
20220520,1,3,a_chimp,frodo,sleep_room,0,no,yes,41,1,"fraukje, carola",nico,inhibit_searched,1,NA,NA,2,3,1,NA,0,nico,NA,NA
20220520,1,3,a_chimp,frodo,sleep_room,0,no,yes,41,1,"fraukje, carola",nico,inhibit_searched,2,NA,NA,3,1,2,NA,0,nico,NA,NA
20220520,1,3,a_chimp,frodo,sleep_room,0,no,yes,41,1,"fraukje, carola",nico,inhibit_searched,3,NA,NA,2,1,3,NA,0,nico,NA,NA
20220520,1,3,a_chimp,frodo,sleep_room,0,no,yes,41,1,"fraukje, carola",nico,inhibit_searched,4,NA,NA,3,2,1,NA,0,nico,NA,NA
20220520,1,3,a_chimp,frodo,sleep_room,0,no,yes,41,1,"fraukje, carola",nico,inhibit_searched,5,NA,NA,3,1,2,NA,0,nico,NA,NA
20220520,1,3,a_chimp,frodo,sleep_room,0,no,yes,41,1,"fraukje, carola",nico,inhibit_searched,6,NA,NA,3,1,2,NA,0,nico,NA,NA
20220520,1,3,a_chimp,frodo,sleep_room,0,no,yes,41,1,"fraukje, carola",nico,inhibit_searched,7,NA,NA,2,1,2,NA,1,nico,NA,NA
20220520,1,3,a_chimp,frodo,sleep_room,0,no,yes,41,1,"fraukje, carola",nico,inhibit_searched,8,NA,NA,1,2,3,NA,0,nico,NA,NA
20220520,1,3,a_chimp,frodo,sleep_room,0,no,yes,41,1,"fraukje, carola",nico,inhibit_searched,9,NA,NA,2,1,2,NA,1,nico,NA,NA
20220520,1,3,a_chimp,frodo,sleep_room,0,no,yes,41,1,"fraukje, carola",nico,inhibit_searched,10,NA,NA,2,3,1,NA,0,nico,NA,NA
20220520,1,3,a_chimp,frodo,sleep_room,0,no,yes,41,1,"fraukje, carola",nico,inhibit_searched,11,NA,NA,3,1,2,NA,0,nico,NA,NA
20220520,1,3,a_chimp,frodo,sleep_room,0,no,yes,41,1,"fraukje, carola",nico,inhibit_searched,12,NA,NA,2,3,1,NA,0,nico,NA,NA
20220520,1,3,a_chimp,tai,sleep_room,0,no,yes,39,4,sandra,nico,inhibit_searched,1,NA,NA,3,1,2,NA,0,nico,NA,NA
20220520,1,3,a_chimp,tai,sleep_room,0,no,yes,39,4,sandra,nico,inhibit_searched,2,NA,NA,3,1,2,NA,0,nico,NA,NA
20220520,1,3,a_chimp,tai,sleep_room,0,no,yes,39,4,sandra,nico,inhibit_searched,3,NA,NA,1,3,2,NA,0,nico,NA,NA
20220520,1,3,a_chimp,tai,sleep_room,0,no,yes,39,4,sandra,nico,inhibit_searched,4,NA,NA,2,1,3,NA,0,nico,NA,NA
20220520,1,3,a_chimp,tai,sleep_room,0,no,yes,39,4,sandra,nico,inhibit_searched,5,NA,NA,3,2,1,NA,0,nico,NA,NA
20220520,1,3,a_chimp,tai,sleep_room,0,no,yes,39,4,sandra,nico,inhibit_searched,6,NA,NA,2,1,3,NA,0,nico,NA,NA
20220520,1,3,a_chimp,tai,sleep_room,0,no,yes,39,4,sandra,nico,inhibit_searched,7,NA,NA,2,1,3,NA,0,nico,NA,NA
20220520,1,3,a_chimp,tai,sleep_room,0,no,yes,39,4,sandra,nico,inhibit_searched,8,NA,NA,2,3,1,NA,0,nico,NA,NA
20220520,1,3,a_chimp,tai,sleep_room,0,no,yes,39,4,sandra,nico,inhibit_searched,9,NA,NA,2,1,3,NA,0,nico,NA,NA
20220520,1,3,a_chimp,tai,sleep_room,0,no,yes,39,4,sandra,nico,inhibit_searched,10,NA,NA,1,3,2,NA,0,nico,NA,NA
20220520,1,3,a_chimp,tai,sleep_room,0,no,yes,39,4,sandra,nico,inhibit_searched,11,NA,NA,2,1,3,NA,0,nico,NA,NA
20220520,1,3,a_chimp,tai,sleep_room,0,no,yes,39,4,sandra,nico,inhibit_searched,12,NA,NA,2,3,1,NA,0,nico,NA,NA
20220520,1,3,a_chimp,sandra,sleep_room,0,no,yes,38,6,NA,nico,inhibit_searched,1,NA,NA,3,2,1,NA,0,nico,NA,NA
20220520,1,3,a_chimp,sandra,sleep_room,0,no,yes,38,6,NA,nico,inhibit_searched,2,NA,NA,1,2,3,NA,0,nico,NA,NA
20220520,1,3,a_chimp,sandra,sleep_room,0,no,yes,38,6,NA,nico,inhibit_searched,3,NA,NA,3,2,1,NA,0,nico,NA,NA
20220520,1,3,a_chimp,sandra,sleep_room,0,no,yes,38,6,NA,nico,inhibit_searched,4,NA,NA,2,1,3,NA,0,nico,NA,NA
20220520,1,3,a_chimp,sandra,sleep_room,0,no,yes,38,6,NA,nico,inhibit_searched,5,NA,NA,1,2,3,NA,0,nico,NA,NA
20220520,1,3,a_chimp,sandra,sleep_room,0,no,yes,38,6,NA,nico,inhibit_searched,6,NA,NA,3,2,1,NA,0,nico,NA,NA
20220520,1,3,a_chimp,sandra,sleep_room,0,no,yes,38,6,NA,nico,inhibit_searched,7,NA,NA,3,2,1,NA,0,nico,NA,NA
20220520,1,3,a_chimp,sandra,sleep_room,0,no,yes,38,6,NA,nico,inhibit_searched,8,NA,NA,3,2,1,NA,0,nico,NA,NA
20220520,1,3,a_chimp,sandra,sleep_room,0,no,yes,38,6,NA,nico,inhibit_searched,9,NA,NA,2,1,3,NA,0,nico,NA,NA
20220520,1,3,a_chimp,sandra,sleep_room,0,no,yes,38,6,NA,nico,inhibit_searched,10,NA,NA,3,2,1,NA,0,nico,NA,NA
20220520,1,3,a_chimp,sandra,sleep_room,0,no,yes,38,6,NA,nico,inhibit_searched,11,NA,NA,1,3,2,NA,0,nico,NA,NA
20220520,1,3,a_chimp,sandra,sleep_room,0,no,yes,38,6,NA,nico,inhibit_searched,12,NA,NA,3,2,1,NA,0,nico,NA,NA
20220520,1,3,a_chimp,fraukje,sleep_room,0,no,no,9,9,carola,nico,inhibit_searched,1,NA,NA,1,2,2,NA,1,nico,NA,NA
20220520,1,3,a_chimp,fraukje,sleep_room,0,no,no,9,9,carola,nico,inhibit_searched,2,NA,NA,3,1,3,NA,1,nico,NA,NA
20220520,1,3,a_chimp,fraukje,sleep_room,0,no,no,9,9,carola,nico,inhibit_searched,3,NA,NA,2,2,1,NA,1,nico,NA,NA
20220520,1,3,a_chimp,fraukje,sleep_room,0,no,no,9,9,carola,nico,inhibit_searched,4,NA,NA,1,3,2,NA,0,nico,NA,NA
20220520,1,3,a_chimp,fraukje,sleep_room,0,no,no,9,9,carola,nico,inhibit_searched,5,NA,NA,3,2,1,NA,0,nico,NA,NA
20220520,1,3,a_chimp,fraukje,sleep_room,0,no,no,9,9,carola,nico,inhibit_searched,6,NA,NA,1,2,3,NA,0,nico,NA,NA
20220520,1,3,a_chimp,fraukje,sleep_room,0,no,no,9,9,carola,nico,inhibit_searched,7,NA,NA,3,2,1,NA,0,nico,NA,NA
20220520,1,3,a_chimp,fraukje,sleep_room,0,no,no,9,9,carola,nico,inhibit_searched,8,NA,NA,3,2,1,NA,0,nico,NA,NA
20220520,1,3,a_chimp,fraukje,sleep_room,0,no,no,9,9,carola,nico,inhibit_searched,9,NA,NA,3,2,1,NA,0,nico,NA,NA
20220520,1,3,a_chimp,fraukje,sleep_room,0,no,no,9,9,carola,nico,inhibit_searched,10,NA,NA,2,1,3,NA,0,nico,NA,NA
20220520,1,3,a_chimp,fraukje,sleep_room,0,no,no,9,9,carola,nico,inhibit_searched,11,NA,NA,1,2,3,NA,0,nico,NA,NA
20220520,1,3,a_chimp,fraukje,sleep_room,0,no,no,9,9,carola,nico,inhibit_searched,12,NA,NA,2,1,2,NA,1,nico,NA,NA
20220520,1,3,a_chimp,azibo,sleep_room,0,no,no,47,12,NA,nico,inhibit_searched,1,NA,NA,1,3,1,NA,1,nico,away,NA
20220520,1,3,a_chimp,azibo,sleep_room,0,no,no,47,12,NA,nico,inhibit_searched,2,NA,NA,3,2,2,NA,1,nico,away,NA
20220520,1,3,a_chimp,azibo,sleep_room,0,no,no,47,12,NA,nico,inhibit_searched,3,NA,NA,2,2,3,NA,1,nico,NA,NA
20220520,1,3,a_chimp,azibo,sleep_room,0,no,no,47,12,NA,nico,inhibit_searched,4,NA,NA,2,3,2,NA,1,nico,away,NA
20220520,1,3,a_chimp,azibo,sleep_room,0,no,no,47,12,NA,nico,inhibit_searched,5,NA,NA,1,3,1,NA,1,nico,away,NA
20220520,1,3,a_chimp,azibo,sleep_room,0,no,no,47,12,NA,nico,inhibit_searched,6,NA,NA,1,3,2,NA,0,nico,NA,NA
20220520,1,3,a_chimp,azibo,sleep_room,0,no,no,47,12,NA,nico,inhibit_searched,7,NA,NA,2,1,3,NA,0,nico,away,NA
20220520,1,3,a_chimp,azibo,sleep_room,0,no,no,47,12,NA,nico,inhibit_searched,8,NA,NA,2,2,3,NA,1,nico,away,NA
20220520,1,3,a_chimp,azibo,sleep_room,0,no,no,47,12,NA,nico,inhibit_searched,9,NA,NA,2,3,2,NA,1,nico,NA,NA
20220520,1,3,a_chimp,azibo,sleep_room,0,no,no,47,12,NA,nico,inhibit_searched,10,NA,NA,3,2,1,NA,0,nico,away,NA
20220520,1,3,a_chimp,swela,sleep_room,0,no,yes,30,7,"tai, sandra",nico,inhibit_searched,1,NA,NA,1,2,2,NA,1,nico,noisy from the outside,NA
20220520,1,3,a_chimp,swela,sleep_room,0,no,yes,30,7,"tai, sandra",nico,inhibit_searched,2,NA,NA,2,2,2,NA,2,nico,noisy from the outside,NA
20220520,1,3,a_chimp,swela,sleep_room,0,no,yes,30,7,"tai, sandra",nico,inhibit_searched,3,NA,NA,2,2,2,NA,2,nico,noisy from the outside,NA
20220520,1,3,a_chimp,swela,sleep_room,0,no,yes,30,7,"tai, sandra",nico,inhibit_searched,4,NA,NA,2,1,2,NA,1,nico,noisy from the outside,NA
20220520,1,3,a_chimp,riet,sleep_room,0,no,no,47,3,"fraukje, carola",nico,inhibit_searched,1,NA,NA,1,2,2,NA,1,nico,she was very unconcentrated during this test,NA
20220520,1,3,a_chimp,riet,sleep_room,0,no,no,47,3,"fraukje, carola",nico,inhibit_searched,2,NA,NA,1,2,1,NA,1,nico,NA,NA
20220520,1,3,a_chimp,riet,sleep_room,0,no,no,47,3,"fraukje, carola",nico,inhibit_searched,3,NA,NA,2,1,2,NA,1,nico,NA,NA
20220520,1,3,a_chimp,riet,sleep_room,0,no,no,47,3,"fraukje, carola",nico,inhibit_searched,4,NA,NA,1,2,1,NA,1,nico,NA,NA
20220520,1,3,a_chimp,riet,sleep_room,0,no,no,47,3,"fraukje, carola",nico,inhibit_searched,5,NA,NA,3,2,1,NA,0,nico,NA,NA
20220520,1,3,a_chimp,riet,sleep_room,0,no,no,47,3,"fraukje, carola",nico,inhibit_searched,6,NA,NA,1,2,1,NA,1,nico,away,NA
20220520,1,3,a_chimp,riet,sleep_room,0,no,no,47,3,"fraukje, carola",nico,inhibit_searched,7,NA,NA,3,1,2,NA,0,nico,NA,NA
20220520,1,3,a_chimp,riet,sleep_room,0,no,no,47,3,"fraukje, carola",nico,inhibit_searched,8,NA,NA,3,1,2,NA,0,nico,NA,NA
20220520,1,3,a_chimp,riet,sleep_room,0,no,no,47,3,"fraukje, carola",nico,inhibit_searched,9,NA,NA,3,2,1,NA,0,nico,NA,NA
20220520,1,3,a_chimp,riet,sleep_room,0,no,no,47,3,"fraukje, carola",nico,inhibit_searched,10,NA,NA,1,3,2,NA,0,nico,NA,NA
20220520,1,3,a_chimp,riet,sleep_room,0,no,no,47,3,"fraukje, carola",nico,inhibit_searched,11,NA,NA,1,3,2,NA,0,nico,NA,NA
20220520,1,3,a_chimp,riet,sleep_room,0,no,no,47,3,"fraukje, carola",nico,inhibit_searched,12,NA,NA,1,2,1,NA,1,nico,NA,NA
20220523,1,3,a_chimp,kisha,sleep_room,0,no,no,17,8,"frodo, frank, ohini, bambari",inga,inhibit_searched,1,NA,NA,1,2,2,NA,1,nico,"away; lea, a new researcher observed the tests",NA
20220523,1,3,a_chimp,kisha,sleep_room,0,no,no,17,8,"frodo, frank, ohini, bambari",inga,inhibit_searched,2,NA,NA,2,2,1,NA,1,nico,away,NA
20220523,1,3,a_chimp,kisha,sleep_room,0,no,no,17,8,"frodo, frank, ohini, bambari",inga,inhibit_searched,3,NA,NA,2,1,1,NA,1,nico,away,NA
20220523,1,3,a_chimp,kisha,sleep_room,0,no,no,17,8,"frodo, frank, ohini, bambari",inga,inhibit_searched,4,NA,NA,1,2,2,NA,1,nico,NA,NA
20220523,1,3,a_chimp,ohini,sleep_room,0,no,no,17,13,"kisha, frank",inga,inhibit_searched,1,NA,NA,1,2,1,NA,1,nico,"lea, a new researcher observed the tests",NA
20220523,1,3,a_chimp,ohini,sleep_room,0,no,no,17,13,"kisha, frank",inga,inhibit_searched,2,NA,NA,1,2,2,NA,1,nico,NA,NA
20220523,1,3,a_chimp,ohini,sleep_room,0,no,no,17,13,"kisha, frank",inga,inhibit_searched,3,NA,NA,1,2,1,NA,1,nico,NA,NA
20220523,1,3,a_chimp,ohini,sleep_room,0,no,no,17,13,"kisha, frank",inga,inhibit_searched,4,NA,NA,1,2,1,NA,1,nico,NA,NA
20220523,1,3,a_chimp,ohini,sleep_room,0,no,no,17,13,"kisha, frank",inga,inhibit_searched,5,NA,NA,2,1,1,NA,1,nico,NA,NA
20220523,1,3,a_chimp,ohini,sleep_room,0,no,no,17,13,"kisha, frank",inga,inhibit_searched,6,NA,NA,1,2,3,NA,0,nico,NA,NA
20220523,1,3,a_chimp,ohini,sleep_room,0,no,no,17,13,"kisha, frank",inga,inhibit_searched,7,NA,NA,2,1,3,NA,0,nico,NA,NA
20220523,1,3,a_chimp,ohini,sleep_room,0,no,no,17,13,"kisha, frank",inga,inhibit_searched,8,NA,NA,1,2,3,NA,0,nico,NA,NA
20220523,1,3,a_chimp,ohini,sleep_room,0,no,no,17,13,"kisha, frank",inga,inhibit_searched,9,NA,NA,3,2,1,NA,0,nico,NA,NA
20220523,1,3,a_chimp,ohini,sleep_room,0,no,no,17,13,"kisha, frank",inga,inhibit_searched,10,NA,NA,2,1,3,NA,0,nico,NA,NA
20220523,1,3,a_chimp,ohini,sleep_room,0,no,no,17,13,"kisha, frank",inga,inhibit_searched,11,NA,NA,2,3,1,NA,0,nico,NA,NA
20220523,1,3,a_chimp,ohini,sleep_room,0,no,no,17,13,"kisha, frank",inga,inhibit_searched,12,NA,NA,3,2,1,NA,0,nico,NA,NA
20220523,1,3,a_chimp,maja,sleep_room,0,no,no,5,10,"corrie, makeni",inga,inhibit_searched,1,NA,NA,2,3,1,NA,0,nico,"lea, a new researcher observed the tests",NA
20220713,2,3,a_chimp,azibo,sleep_room,0,yes,no,57,12,frodo,nico,inhibit_searched,1,NA,NA,2,3,1,NA,0,nico,NA,NA
20220713,2,3,a_chimp,azibo,sleep_room,0,yes,no,57,12,frodo,nico,inhibit_searched,2,NA,NA,1,3,2,NA,0,nico,NA,NA
20220713,2,3,a_chimp,azibo,sleep_room,0,yes,no,57,12,frodo,nico,inhibit_searched,3,NA,NA,2,3,1,NA,0,nico,NA,NA
20220713,2,3,a_chimp,azibo,sleep_room,0,yes,no,57,12,frodo,nico,inhibit_searched,4,NA,NA,3,1,2,NA,0,nico,NA,NA
20220713,2,3,a_chimp,azibo,sleep_room,0,yes,no,57,12,frodo,nico,inhibit_searched,5,NA,NA,1,2,3,NA,0,nico,NA,NA
20220713,2,3,a_chimp,azibo,sleep_room,0,yes,no,57,12,frodo,nico,inhibit_searched,6,NA,NA,3,1,2,NA,0,nico,NA,NA
20220713,2,3,a_chimp,azibo,sleep_room,0,yes,no,57,12,frodo,nico,inhibit_searched,7,NA,NA,3,1,2,NA,0,nico,NA,NA
20220713,2,3,a_chimp,azibo,sleep_room,0,yes,no,57,12,frodo,nico,inhibit_searched,8,NA,NA,3,2,1,NA,0,nico,NA,NA
20220713,2,3,a_chimp,azibo,sleep_room,0,yes,no,57,12,frodo,nico,inhibit_searched,9,NA,NA,1,2,3,NA,0,nico,NA,NA
20220713,2,3,a_chimp,azibo,sleep_room,0,yes,no,57,12,frodo,nico,inhibit_searched,10,NA,NA,1,2,3,NA,0,nico,NA,NA
20220713,2,3,a_chimp,azibo,sleep_room,0,yes,no,57,12,frodo,nico,inhibit_searched,11,NA,NA,1,2,3,NA,0,nico,NA,NA
20220713,2,3,a_chimp,azibo,sleep_room,0,yes,no,57,12,frodo,nico,inhibit_searched,12,NA,NA,1,2,3,NA,0,nico,NA,NA
20220713,2,3,a_chimp,robert,sleep_room,0,yes,no,38,2,azibo,nico,inhibit_searched,1,NA,NA,2,3,2,NA,1,nico,NA,NA
20220713,2,3,a_chimp,robert,sleep_room,0,yes,no,38,2,azibo,nico,inhibit_searched,2,NA,NA,3,2,1,NA,0,nico,NA,NA
20220713,2,3,a_chimp,robert,sleep_room,0,yes,no,38,2,azibo,nico,inhibit_searched,3,NA,NA,3,1,2,NA,0,nico,NA,NA
20220713,2,3,a_chimp,robert,sleep_room,0,yes,no,38,2,azibo,nico,inhibit_searched,4,NA,NA,3,1,2,NA,0,nico,NA,NA
20220713,2,3,a_chimp,robert,sleep_room,0,yes,no,38,2,azibo,nico,inhibit_searched,5,NA,NA,2,1,3,NA,0,nico,NA,NA
20220713,2,3,a_chimp,robert,sleep_room,0,yes,no,38,2,azibo,nico,inhibit_searched,6,NA,NA,3,1,2,NA,0,nico,NA,NA
20220713,2,3,a_chimp,robert,sleep_room,0,yes,no,38,2,azibo,nico,inhibit_searched,7,NA,NA,2,1,3,NA,0,nico,NA,NA
20220713,2,3,a_chimp,robert,sleep_room,0,yes,no,38,2,azibo,nico,inhibit_searched,8,NA,NA,3,1,2,NA,0,nico,NA,NA
20220713,2,3,a_chimp,robert,sleep_room,0,yes,no,38,2,azibo,nico,inhibit_searched,9,NA,NA,2,3,1,NA,0,nico,NA,NA
20220713,2,3,a_chimp,robert,sleep_room,0,yes,no,38,2,azibo,nico,inhibit_searched,10,NA,NA,2,3,1,NA,0,nico,NA,NA
20220713,2,3,a_chimp,robert,sleep_room,0,yes,no,38,2,azibo,nico,inhibit_searched,11,NA,NA,2,1,2,NA,1,nico,NA,NA
20220713,2,3,a_chimp,robert,sleep_room,0,yes,no,38,2,azibo,nico,inhibit_searched,12,NA,NA,3,1,2,NA,0,nico,NA,NA
20220713,2,3,a_chimp,tai,sleep_room,0,no,no,58,4,sandra,nico,inhibit_searched,1,NA,NA,1,3,2,NA,0,nico,NA,NA
20220713,2,3,a_chimp,tai,sleep_room,0,no,no,58,4,sandra,nico,inhibit_searched,2,NA,NA,2,1,3,NA,0,nico,NA,NA
20220713,2,3,a_chimp,tai,sleep_room,0,no,no,58,4,sandra,nico,inhibit_searched,3,NA,NA,3,1,2,NA,0,nico,NA,NA
20220713,2,3,a_chimp,tai,sleep_room,0,no,no,58,4,sandra,nico,inhibit_searched,4,NA,NA,3,2,1,NA,0,nico,NA,NA
20220713,2,3,a_chimp,tai,sleep_room,0,no,no,58,4,sandra,nico,inhibit_searched,5,NA,NA,3,2,1,NA,0,nico,NA,NA
20220713,2,3,a_chimp,tai,sleep_room,0,no,no,58,4,sandra,nico,inhibit_searched,6,NA,NA,3,2,1,NA,0,nico,NA,NA
20220713,2,3,a_chimp,tai,sleep_room,0,no,no,58,4,sandra,nico,inhibit_searched,7,NA,NA,3,2,1,NA,0,nico,NA,NA
20220713,2,3,a_chimp,tai,sleep_room,0,no,no,58,4,sandra,nico,inhibit_searched,8,NA,NA,3,2,1,NA,0,nico,NA,NA
20220713,2,3,a_chimp,tai,sleep_room,0,no,no,58,4,sandra,nico,inhibit_searched,9,NA,NA,3,2,1,NA,0,nico,NA,NA
20220713,2,3,a_chimp,tai,sleep_room,0,no,no,58,4,sandra,nico,inhibit_searched,10,NA,NA,3,2,1,NA,0,nico,NA,NA
20220713,2,3,a_chimp,tai,sleep_room,0,no,no,58,4,sandra,nico,inhibit_searched,11,NA,NA,3,2,1,NA,0,nico,NA,NA
20220713,2,3,a_chimp,tai,sleep_room,0,no,no,58,4,sandra,nico,inhibit_searched,12,NA,NA,3,2,1,NA,0,nico,NA,NA
20220713,2,3,a_chimp,frodo,sleep_room,0,yes,no,50,1,NA,nico,inhibit_searched,1,NA,NA,2,3,1,NA,0,nico,NA,NA
20220713,2,3,a_chimp,frodo,sleep_room,0,yes,no,50,1,NA,nico,inhibit_searched,2,NA,NA,2,3,1,NA,0,nico,NA,NA
20220713,2,3,a_chimp,frodo,sleep_room,0,yes,no,50,1,NA,nico,inhibit_searched,3,NA,NA,3,2,1,NA,0,nico,NA,NA
20220713,2,3,a_chimp,frodo,sleep_room,0,yes,no,50,1,NA,nico,inhibit_searched,4,NA,NA,3,1,2,NA,0,nico,NA,NA
20220713,2,3,a_chimp,frodo,sleep_room,0,yes,no,50,1,NA,nico,inhibit_searched,5,NA,NA,2,1,3,NA,0,nico,NA,NA
20220713,2,3,a_chimp,frodo,sleep_room,0,yes,no,50,1,NA,nico,inhibit_searched,6,NA,NA,2,1,3,NA,0,nico,NA,NA
20220713,2,3,a_chimp,frodo,sleep_room,0,yes,no,50,1,NA,nico,inhibit_searched,7,NA,NA,3,1,2,NA,0,nico,NA,NA
20220713,2,3,a_chimp,frodo,sleep_room,0,yes,no,50,1,NA,nico,inhibit_searched,8,NA,NA,2,1,3,NA,0,nico,NA,NA
20220713,2,3,a_chimp,frodo,sleep_room,0,yes,no,50,1,NA,nico,inhibit_searched,9,NA,NA,1,3,2,NA,0,nico,NA,NA
20220713,2,3,a_chimp,frodo,sleep_room,0,yes,no,50,1,NA,nico,inhibit_searched,10,NA,NA,1,3,2,NA,0,nico,NA,NA
20220713,2,3,a_chimp,frodo,sleep_room,0,yes,no,50,1,NA,nico,inhibit_searched,11,NA,NA,3,1,2,NA,0,nico,NA,NA
20220713,2,3,a_chimp,frodo,sleep_room,0,yes,no,50,1,NA,nico,inhibit_searched,12,NA,NA,3,1,2,NA,0,nico,NA,NA
20220713,2,3,a_chimp,riet,sleep_room,0,no,no,28,3,NA,nico,inhibit_searched,1,NA,NA,1,3,1,NA,1,nico,NA,NA
20220713,2,3,a_chimp,riet,sleep_room,0,no,no,28,3,NA,nico,inhibit_searched,2,NA,NA,1,2,3,NA,0,nico,NA,NA
20220713,2,3,a_chimp,riet,sleep_room,0,no,no,28,3,NA,nico,inhibit_searched,3,NA,NA,1,3,2,NA,0,nico,NA,NA
20220713,2,3,a_chimp,riet,sleep_room,0,no,no,28,3,NA,nico,inhibit_searched,4,NA,NA,3,1,1,NA,1,nico,NA,NA
20220713,2,3,a_chimp,riet,sleep_room,0,no,no,28,3,NA,nico,inhibit_searched,5,NA,NA,3,1,2,NA,0,nico,NA,NA
20220713,2,3,a_chimp,riet,sleep_room,0,no,no,28,3,NA,nico,inhibit_searched,6,NA,NA,3,1,2,NA,0,nico,NA,NA
20220713,2,3,a_chimp,riet,sleep_room,0,no,no,28,3,NA,nico,inhibit_searched,7,NA,NA,2,1,3,NA,0,nico,NA,NA
20220713,2,3,a_chimp,riet,sleep_room,0,no,no,28,3,NA,nico,inhibit_searched,8,NA,NA,1,3,2,NA,0,nico,NA,NA
20220713,2,3,a_chimp,riet,sleep_room,0,no,no,28,3,NA,nico,inhibit_searched,9,NA,NA,1,3,2,NA,0,nico,NA,NA
20220713,2,3,a_chimp,sandra,sleep_room,0,no,no,48,5,tai,nico,inhibit_searched,1,NA,NA,2,3,1,NA,0,nico,NA,NA
20220713,2,3,a_chimp,sandra,sleep_room,0,no,no,48,5,tai,nico,inhibit_searched,2,NA,NA,3,1,2,NA,0,nico,NA,NA
20220713,2,3,a_chimp,sandra,sleep_room,0,no,no,48,5,tai,nico,inhibit_searched,3,NA,NA,3,2,1,NA,0,nico,NA,NA
20220713,2,3,a_chimp,sandra,sleep_room,0,no,no,48,5,tai,nico,inhibit_searched,4,NA,NA,3,2,1,NA,0,nico,NA,NA
20220713,2,3,a_chimp,sandra,sleep_room,0,no,no,48,5,tai,nico,inhibit_searched,5,NA,NA,3,2,1,NA,0,nico,NA,NA
20220713,2,3,a_chimp,sandra,sleep_room,0,no,no,48,5,tai,nico,inhibit_searched,6,NA,NA,3,2,1,NA,0,nico,NA,NA
20220713,2,3,a_chimp,sandra,sleep_room,0,no,no,48,5,tai,nico,inhibit_searched,7,NA,NA,3,2,1,NA,0,nico,NA,NA
20220713,2,3,a_chimp,sandra,sleep_room,0,no,no,48,5,tai,nico,inhibit_searched,8,NA,NA,3,1,2,NA,0,nico,NA,NA
20220713,2,3,a_chimp,sandra,sleep_room,0,no,no,48,5,tai,nico,inhibit_searched,9,NA,NA,3,2,1,NA,0,nico,NA,NA
20220713,2,3,a_chimp,sandra,sleep_room,0,no,no,48,5,tai,nico,inhibit_searched,10,NA,NA,3,2,1,NA,0,nico,NA,NA
20220713,2,3,a_chimp,sandra,sleep_room,0,no,no,48,5,tai,nico,inhibit_searched,11,NA,NA,1,3,2,NA,0,nico,NA,NA
20220713,2,3,a_chimp,sandra,sleep_room,0,no,no,48,5,tai,nico,inhibit_searched,12,NA,NA,2,3,1,NA,0,nico,NA,NA
20220713,2,3,a_chimp,kisha,sleep_room,0,no,no,1,8,"ohini, frank",nico,inhibit_searched,1,NA,NA,2,1,1,NA,1,nico,"away, finger in mesh problem whole test",NA
20220713,2,3,a_chimp,kisha,sleep_room,0,no,no,1,8,"ohini, frank",nico,inhibit_searched,2,NA,NA,2,1,1,NA,1,nico,away,NA
20220713,2,3,a_chimp,kisha,sleep_room,0,no,no,1,8,"ohini, frank",nico,inhibit_searched,3,NA,NA,1,2,2,NA,1,nico,NA,NA
20220713,2,3,a_chimp,kisha,sleep_room,0,no,no,1,8,"ohini, frank",nico,inhibit_searched,4,NA,NA,1,2,2,NA,1,nico,away,NA
20220713,2,3,a_chimp,kisha,sleep_room,0,no,no,1,8,"ohini, frank",nico,inhibit_searched,5,NA,NA,2,1,1,NA,1,nico,NA,NA
20220713,2,3,a_chimp,kisha,sleep_room,0,no,no,1,8,"ohini, frank",nico,inhibit_searched,6,NA,NA,1,2,3,NA,0,nico,NA,NA
20220713,2,3,a_chimp,kisha,sleep_room,0,no,no,1,8,"ohini, frank",nico,inhibit_searched,7,NA,NA,3,2,1,NA,0,nico,NA,NA
20220713,2,3,a_chimp,kisha,sleep_room,0,no,no,1,8,"ohini, frank",nico,inhibit_searched,8,NA,NA,1,3,2,NA,0,nico,NA,NA
20220713,2,3,a_chimp,kisha,sleep_room,0,no,no,1,8,"ohini, frank",nico,inhibit_searched,9,NA,NA,1,2,3,NA,0,nico,NA,NA
20220713,2,3,a_chimp,kisha,sleep_room,0,no,no,1,8,"ohini, frank",nico,inhibit_searched,10,NA,NA,1,3,2,NA,0,nico,NA,NA
20220718,2,3,a_chimp,fraukje,sleep_room,0,no,no,10,9,NA,nico,inhibit_searched,1,NA,NA,2,3,1,NA,0,nico,NA,NA
20220718,2,3,a_chimp,fraukje,sleep_room,0,no,no,10,9,NA,nico,inhibit_searched,2,NA,NA,1,3,2,NA,0,nico,NA,NA
20220718,2,3,a_chimp,fraukje,sleep_room,0,no,no,10,9,NA,nico,inhibit_searched,3,NA,NA,3,1,2,NA,0,nico,NA,NA
20220718,2,3,a_chimp,fraukje,sleep_room,0,no,no,10,9,NA,nico,inhibit_searched,4,NA,NA,2,1,1,NA,1,nico,NA,NA
20220718,2,3,a_chimp,fraukje,sleep_room,0,no,no,10,9,NA,nico,inhibit_searched,5,NA,NA,2,1,2,NA,1,nico,NA,NA
20220718,2,3,a_chimp,fraukje,sleep_room,0,no,no,10,9,NA,nico,inhibit_searched,6,NA,NA,1,2,3,NA,0,nico,NA,NA
20220718,2,3,a_chimp,fraukje,sleep_room,0,no,no,10,9,NA,nico,inhibit_searched,7,NA,NA,3,2,1,NA,0,nico,NA,NA
20220718,2,3,a_chimp,fraukje,sleep_room,0,no,no,10,9,NA,nico,inhibit_searched,8,NA,NA,3,2,1,NA,0,nico,NA,NA
20220718,2,3,a_chimp,fraukje,sleep_room,0,no,no,10,9,NA,nico,inhibit_searched,9,NA,NA,1,2,3,NA,0,nico,NA,NA
20220718,2,3,a_chimp,fraukje,sleep_room,0,no,no,10,9,NA,nico,inhibit_searched,10,NA,NA,2,3,1,NA,0,nico,NA,NA
20220718,2,3,a_chimp,fraukje,sleep_room,0,no,no,10,9,NA,nico,inhibit_searched,11,NA,NA,3,2,1,NA,0,nico,NA,NA
20220718,2,3,a_chimp,fraukje,sleep_room,0,no,no,10,9,NA,nico,inhibit_searched,12,NA,NA,3,2,1,NA,0,nico,NA,NA
20220718,2,3,a_chimp,maja,sleep_room,0,no,no,9,10,NA,nico,inhibit_searched,1,NA,NA,3,1,2,NA,0,nico,NA,NA
20220718,2,3,a_chimp,maja,sleep_room,0,no,no,9,10,NA,nico,inhibit_searched,2,NA,NA,2,1,3,NA,0,nico,NA,NA
20220718,2,3,a_chimp,maja,sleep_room,0,no,no,9,10,NA,nico,inhibit_searched,3,NA,NA,1,3,2,NA,0,nico,NA,NA
20220718,2,3,a_chimp,youma,sleep_room,0,no,no,1,14,"corrie, natascha, badu, makeni",nico,inhibit_searched,1,NA,NA,1,1,2,NA,1,nico,NA,NA
20220718,2,3,a_chimp,youma,sleep_room,0,no,no,1,14,"corrie, natascha, badu, makeni",nico,inhibit_searched,2,NA,NA,1,1,1,NA,2,nico,away,NA
20220718,2,3,a_chimp,youma,sleep_room,0,no,no,1,14,"corrie, natascha, badu, makeni",nico,inhibit_searched,3,NA,NA,1,2,2,NA,1,nico,away,NA
20220718,2,3,a_chimp,youma,sleep_room,0,no,no,1,14,"corrie, natascha, badu, makeni",nico,inhibit_searched,4,NA,NA,1,2,2,NA,1,nico,away,NA
20220718,2,3,a_chimp,youma,sleep_room,0,no,no,1,14,"corrie, natascha, badu, makeni",nico,inhibit_searched,5,NA,NA,1,1,1,NA,2,nico,away,NA
20220718,2,3,a_chimp,youma,sleep_room,0,no,no,1,14,"corrie, natascha, badu, makeni",nico,inhibit_searched,6,NA,NA,1,1,1,NA,2,nico,away,NA
20220718,2,3,a_chimp,makeni,sleep_room,0,no,no,1,14,"youma, shanga, natascha, sandra, fraukjke, carola",nico,inhibit_searched,1,NA,NA,1,1,1,NA,2,nico,NA,NA
20220718,2,3,a_chimp,makeni,sleep_room,0,no,no,1,14,"youma, shanga, natascha, sandra, fraukjke, carola",nico,inhibit_searched,2,NA,NA,1,1,1,NA,2,nico,NA,NA
20220718,2,3,a_chimp,makeni,sleep_room,0,no,no,1,14,"youma, shanga, natascha, sandra, fraukjke, carola",nico,inhibit_searched,3,NA,NA,1,1,1,NA,2,nico,NA,NA
20220718,2,3,a_chimp,makeni,sleep_room,0,no,no,1,14,"youma, shanga, natascha, sandra, fraukjke, carola",nico,inhibit_searched,4,NA,NA,2,1,2,NA,1,nico,away,NA
20220718,2,3,a_chimp,makeni,sleep_room,0,no,no,1,14,"youma, shanga, natascha, sandra, fraukjke, carola",nico,inhibit_searched,5,NA,NA,1,1,1,NA,2,nico,away,NA
20220718,2,3,a_chimp,makeni,sleep_room,0,no,no,1,14,"youma, shanga, natascha, sandra, fraukjke, carola",nico,inhibit_searched,6,NA,NA,1,1,1,NA,2,nico,away,NA
20220718,2,3,a_chimp,makeni,sleep_room,0,no,no,1,14,"youma, shanga, natascha, sandra, fraukjke, carola",nico,inhibit_searched,7,NA,NA,1,1,3,NA,1,nico,away,NA
20220718,2,3,a_chimp,makeni,sleep_room,0,no,no,1,14,"youma, shanga, natascha, sandra, fraukjke, carola",nico,inhibit_searched,8,NA,NA,1,2,2,NA,1,nico,away,NA
20220718,2,3,a_chimp,shanga,sleep_room,0,no,no,10,11,NA,nico,inhibit_searched,1,NA,NA,2,3,1,NA,0,nico,NA,NA
20220718,2,3,a_chimp,shanga,sleep_room,0,no,no,10,11,NA,nico,inhibit_searched,2,NA,NA,2,3,1,NA,0,nico,NA,NA
20220718,2,3,a_chimp,shanga,sleep_room,0,no,no,10,11,NA,nico,inhibit_searched,3,NA,NA,3,1,2,NA,0,nico,NA,NA
20220718,2,3,a_chimp,shanga,sleep_room,0,no,no,10,11,NA,nico,inhibit_searched,4,NA,NA,2,3,1,NA,0,nico,NA,NA
20220718,2,3,a_chimp,shanga,sleep_room,0,no,no,10,11,NA,nico,inhibit_searched,5,NA,NA,1,2,3,NA,0,nico,NA,NA
20220718,2,3,a_chimp,shanga,sleep_room,0,no,no,10,11,NA,nico,inhibit_searched,6,NA,NA,1,2,3,NA,0,nico,NA,NA
20220718,2,3,a_chimp,shanga,sleep_room,0,no,no,10,11,NA,nico,inhibit_searched,7,NA,NA,2,1,3,NA,0,nico,NA,NA
20220718,2,3,a_chimp,shanga,sleep_room,0,no,no,10,11,NA,nico,inhibit_searched,8,NA,NA,2,1,3,NA,0,nico,NA,NA
20220718,2,3,a_chimp,shanga,sleep_room,0,no,no,10,11,NA,nico,inhibit_searched,9,NA,NA,3,2,1,NA,0,nico,NA,NA
20220718,2,3,a_chimp,shanga,sleep_room,0,no,no,10,11,NA,nico,inhibit_searched,10,NA,NA,1,2,3,NA,0,nico,NA,NA
20220718,2,3,a_chimp,shanga,sleep_room,0,no,no,10,11,NA,nico,inhibit_searched,11,NA,NA,3,2,1,NA,0,nico,NA,NA
20220718,2,3,a_chimp,shanga,sleep_room,0,no,no,10,11,NA,nico,inhibit_searched,12,NA,NA,1,2,3,NA,0,nico,NA,NA
20220718,2,3,a_chimp,ohini,sleep_room,0,no,no,1,13,NA,nico,inhibit_searched,1,NA,NA,3,1,2,NA,0,nico,NA,NA
20220718,2,3,a_chimp,ohini,sleep_room,0,no,no,1,13,NA,nico,inhibit_searched,2,NA,NA,3,2,1,NA,0,nico,NA,NA
20220718,2,3,a_chimp,ohini,sleep_room,0,no,no,1,13,NA,nico,inhibit_searched,3,NA,NA,2,1,3,NA,0,nico,NA,NA
20220718,2,3,a_chimp,ohini,sleep_room,0,no,no,1,13,NA,nico,inhibit_searched,4,NA,NA,2,3,1,NA,0,nico,NA,NA
20220718,2,3,a_chimp,ohini,sleep_room,0,no,no,1,13,NA,nico,inhibit_searched,5,NA,NA,2,1,2,NA,1,nico,NA,NA
20220718,2,3,a_chimp,ohini,sleep_room,0,no,no,1,13,NA,nico,inhibit_searched,6,NA,NA,2,1,2,NA,1,nico,NA,NA
20220718,2,3,a_chimp,ohini,sleep_room,0,no,no,1,13,NA,nico,inhibit_searched,7,NA,NA,2,1,2,NA,1,nico,NA,NA
20220718,2,3,a_chimp,ohini,sleep_room,0,no,no,1,13,NA,nico,inhibit_searched,8,NA,NA,2,1,3,NA,0,nico,NA,NA
20220718,2,3,a_chimp,ohini,sleep_room,0,no,no,1,13,NA,nico,inhibit_searched,9,NA,NA,2,1,2,NA,1,nico,NA,NA
20220718,2,3,a_chimp,ohini,sleep_room,0,no,no,1,13,NA,nico,inhibit_searched,10,NA,NA,2,3,1,NA,0,nico,NA,NA
20220718,2,3,a_chimp,ohini,sleep_room,0,no,no,1,13,NA,nico,inhibit_searched,11,NA,NA,2,1,2,NA,1,nico,NA,NA
20220718,2,3,a_chimp,ohini,sleep_room,0,no,no,1,13,NA,nico,inhibit_searched,12,NA,NA,2,1,2,NA,1,nico,NA,NA
20220905,3,3,a_chimp,sandra,sleep_room,0,no,yes,42,5,NA,daniel,inhibit_searched,1,NA,NA,3,2,1,NA,0,nico,NA,NA
20220905,3,3,a_chimp,sandra,sleep_room,0,no,yes,42,5,NA,daniel,inhibit_searched,2,NA,NA,2,1,3,NA,0,nico,NA,NA
20220905,3,3,a_chimp,sandra,sleep_room,0,no,yes,42,5,NA,daniel,inhibit_searched,3,NA,NA,2,1,2,NA,1,nico,NA,NA
20220905,3,3,a_chimp,sandra,sleep_room,0,no,yes,42,5,NA,daniel,inhibit_searched,4,NA,NA,3,2,1,NA,0,nico,NA,NA
20220905,3,3,a_chimp,sandra,sleep_room,0,no,yes,42,5,NA,daniel,inhibit_searched,5,NA,NA,3,2,1,NA,0,nico,NA,NA
20220905,3,3,a_chimp,sandra,sleep_room,0,no,yes,42,5,NA,daniel,inhibit_searched,6,NA,NA,3,2,1,NA,0,nico,NA,NA
20220905,3,3,a_chimp,sandra,sleep_room,0,no,yes,42,5,NA,daniel,inhibit_searched,7,NA,NA,3,2,1,NA,0,nico,NA,NA
20220905,3,3,a_chimp,sandra,sleep_room,0,no,yes,42,5,NA,daniel,inhibit_searched,8,NA,NA,3,2,1,NA,0,nico,NA,NA
20220905,3,3,a_chimp,sandra,sleep_room,0,no,yes,42,5,NA,daniel,inhibit_searched,9,NA,NA,3,2,1,NA,0,nico,NA,NA
20220905,3,3,a_chimp,sandra,sleep_room,0,no,yes,42,5,NA,daniel,inhibit_searched,10,NA,NA,3,2,1,NA,0,nico,NA,NA
20220905,3,3,a_chimp,sandra,sleep_room,0,no,yes,42,5,NA,daniel,inhibit_searched,11,NA,NA,2,3,1,NA,0,nico,NA,NA
20220905,3,3,a_chimp,sandra,sleep_room,0,no,yes,42,5,NA,daniel,inhibit_searched,12,NA,NA,3,1,2,NA,0,nico,NA,NA
20220905,3,3,a_chimp,shanga,sleep_room,0,no,no,47,10,NA,daniel,inhibit_searched,1,NA,NA,2,2,2,NA,2,nico,NA,NA
20220905,3,3,a_chimp,shanga,sleep_room,0,no,no,47,10,NA,daniel,inhibit_searched,2,NA,NA,1,2,3,NA,0,nico,NA,NA
20220905,3,3,a_chimp,shanga,sleep_room,0,no,no,47,10,NA,daniel,inhibit_searched,3,NA,NA,3,1,2,NA,0,nico,NA,NA
20220905,3,3,a_chimp,shanga,sleep_room,0,no,no,47,10,NA,daniel,inhibit_searched,4,NA,NA,1,2,3,NA,0,nico,NA,NA
20220905,3,3,a_chimp,shanga,sleep_room,0,no,no,47,10,NA,daniel,inhibit_searched,5,NA,NA,1,2,3,NA,0,nico,NA,NA
20220905,3,3,a_chimp,shanga,sleep_room,0,no,no,47,10,NA,daniel,inhibit_searched,6,NA,NA,2,3,1,NA,0,nico,NA,NA
20220905,3,3,a_chimp,shanga,sleep_room,0,no,no,47,10,NA,daniel,inhibit_searched,7,NA,NA,1,2,3,NA,0,nico,NA,NA
20220905,3,3,a_chimp,shanga,sleep_room,0,no,no,47,10,NA,daniel,inhibit_searched,8,NA,NA,1,2,3,NA,0,nico,NA,NA
20220905,3,3,a_chimp,shanga,sleep_room,0,no,no,47,10,NA,daniel,inhibit_searched,9,NA,NA,1,2,3,NA,0,nico,NA,NA
20220905,3,3,a_chimp,shanga,sleep_room,0,no,no,47,10,NA,daniel,inhibit_searched,10,NA,NA,1,2,3,NA,0,nico,NA,NA
20220905,3,3,a_chimp,shanga,sleep_room,0,no,no,47,10,NA,daniel,inhibit_searched,11,NA,NA,1,2,3,NA,0,nico,NA,NA
20220905,3,3,a_chimp,shanga,sleep_room,0,no,no,47,10,NA,daniel,inhibit_searched,12,NA,NA,1,2,2,NA,1,nico,NA,NA
20220905,3,3,a_chimp,riet,sleep_room,0,no,no,27,2,shanga,daniel,inhibit_searched,1,NA,NA,3,1,2,NA,0,nico,NA,NA
20220905,3,3,a_chimp,riet,sleep_room,0,no,no,27,2,shanga,daniel,inhibit_searched,2,NA,NA,3,1,2,NA,0,nico,NA,NA
20220905,3,3,a_chimp,riet,sleep_room,0,no,no,27,2,shanga,daniel,inhibit_searched,3,NA,NA,3,2,1,NA,0,nico,NA,NA
20220905,3,3,a_chimp,riet,sleep_room,0,no,no,27,2,shanga,daniel,inhibit_searched,4,NA,NA,3,2,1,NA,0,nico,NA,NA
20220905,3,3,a_chimp,riet,sleep_room,0,no,no,27,2,shanga,daniel,inhibit_searched,5,NA,NA,2,1,3,NA,0,nico,NA,NA
20220905,3,3,a_chimp,riet,sleep_room,0,no,no,27,2,shanga,daniel,inhibit_searched,6,NA,NA,3,2,1,NA,0,nico,NA,NA
20220905,3,3,a_chimp,riet,sleep_room,0,no,no,27,2,shanga,daniel,inhibit_searched,7,NA,NA,2,3,1,NA,0,nico,NA,NA
20220905,3,3,a_chimp,riet,sleep_room,0,no,no,27,2,shanga,daniel,inhibit_searched,8,NA,NA,3,2,1,NA,0,nico,NA,NA
20220905,3,3,a_chimp,riet,sleep_room,0,no,no,27,2,shanga,daniel,inhibit_searched,9,NA,NA,3,2,1,NA,0,nico,NA,NA
20220905,3,3,a_chimp,riet,sleep_room,0,no,no,27,2,shanga,daniel,inhibit_searched,10,NA,NA,2,1,3,NA,0,nico,NA,NA
20220905,3,3,a_chimp,riet,sleep_room,0,no,no,27,2,shanga,daniel,inhibit_searched,11,NA,NA,3,2,1,NA,0,nico,NA,NA
20220905,3,3,a_chimp,riet,sleep_room,0,no,no,27,2,shanga,daniel,inhibit_searched,12,NA,NA,3,2,1,NA,0,nico,NA,NA
20220905,3,3,a_chimp,tai,sleep_room,0,no,yes,33,3,NA,daniel,inhibit_searched,1,NA,NA,3,1,2,NA,0,nico,NA,NA
20220905,3,3,a_chimp,tai,sleep_room,0,no,yes,33,3,NA,daniel,inhibit_searched,2,NA,NA,3,2,1,NA,0,nico,NA,NA
20220905,3,3,a_chimp,tai,sleep_room,0,no,yes,33,3,NA,daniel,inhibit_searched,3,NA,NA,3,2,1,NA,0,nico,NA,NA
20220905,3,3,a_chimp,tai,sleep_room,0,no,yes,33,3,NA,daniel,inhibit_searched,4,NA,NA,3,2,1,NA,0,nico,NA,NA
20220905,3,3,a_chimp,tai,sleep_room,0,no,yes,33,3,NA,daniel,inhibit_searched,5,NA,NA,3,2,1,NA,0,nico,NA,NA
20220905,3,3,a_chimp,tai,sleep_room,0,no,yes,33,3,NA,daniel,inhibit_searched,6,NA,NA,3,2,1,NA,0,nico,NA,NA
20220905,3,3,a_chimp,tai,sleep_room,0,no,yes,33,3,NA,daniel,inhibit_searched,7,NA,NA,3,2,1,NA,0,nico,NA,NA
20220905,3,3,a_chimp,tai,sleep_room,0,no,yes,33,3,NA,daniel,inhibit_searched,8,NA,NA,3,2,1,NA,0,nico,NA,NA
20220905,3,3,a_chimp,tai,sleep_room,0,no,yes,33,3,NA,daniel,inhibit_searched,9,NA,NA,3,2,1,NA,0,nico,NA,NA
20220905,3,3,a_chimp,tai,sleep_room,0,no,yes,33,3,NA,daniel,inhibit_searched,10,NA,NA,3,2,1,NA,0,nico,NA,NA
20220905,3,3,a_chimp,tai,sleep_room,0,no,yes,33,3,NA,daniel,inhibit_searched,11,NA,NA,3,2,1,NA,0,nico,NA,NA
20220905,3,3,a_chimp,tai,sleep_room,0,no,yes,33,3,NA,daniel,inhibit_searched,12,NA,NA,3,2,1,NA,0,nico,NA,NA
20220905,3,3,a_chimp,azibo,sleep_room,0,no,yes,66,11,"swela, carola, fraukje",daniel,inhibit_searched,1,NA,NA,2,3,1,NA,0,nico,NA,NA
20220905,3,3,a_chimp,azibo,sleep_room,0,no,yes,66,11,"swela, carola, fraukje",daniel,inhibit_searched,2,NA,NA,2,1,3,NA,0,nico,NA,NA
20220905,3,3,a_chimp,azibo,sleep_room,0,no,yes,66,11,"swela, carola, fraukje",daniel,inhibit_searched,3,NA,NA,1,2,3,NA,0,nico,NA,NA
20220905,3,3,a_chimp,azibo,sleep_room,0,no,yes,66,11,"swela, carola, fraukje",daniel,inhibit_searched,4,NA,NA,3,2,1,NA,0,nico,NA,NA
20220905,3,3,a_chimp,azibo,sleep_room,0,no,yes,66,11,"swela, carola, fraukje",daniel,inhibit_searched,5,NA,NA,3,2,1,NA,0,nico,NA,NA
20220905,3,3,a_chimp,azibo,sleep_room,0,no,yes,66,11,"swela, carola, fraukje",daniel,inhibit_searched,6,NA,NA,2,1,3,NA,0,nico,NA,NA
20220905,3,3,a_chimp,azibo,sleep_room,0,no,yes,66,11,"swela, carola, fraukje",daniel,inhibit_searched,7,NA,NA,3,2,1,NA,0,nico,NA,NA
20220905,3,3,a_chimp,azibo,sleep_room,0,no,yes,66,11,"swela, carola, fraukje",daniel,inhibit_searched,8,NA,NA,3,2,1,NA,0,nico,NA,NA
20220905,3,3,a_chimp,azibo,sleep_room,0,no,yes,66,11,"swela, carola, fraukje",daniel,inhibit_searched,9,NA,NA,2,1,3,NA,0,nico,NA,NA
20220905,3,3,a_chimp,azibo,sleep_room,0,no,yes,66,11,"swela, carola, fraukje",daniel,inhibit_searched,10,NA,NA,3,2,1,NA,0,nico,NA,NA
20220905,3,3,a_chimp,azibo,sleep_room,0,no,yes,66,11,"swela, carola, fraukje",daniel,inhibit_searched,11,NA,NA,2,3,1,NA,0,nico,NA,NA
20220905,3,3,a_chimp,azibo,sleep_room,0,no,yes,66,11,"swela, carola, fraukje",daniel,inhibit_searched,12,NA,NA,3,2,1,NA,0,nico,NA,NA
20220905,3,3,a_chimp,frodo,sleep_room,0,no,no,47,1,"riet, shanga",daniel,inhibit_searched,1,NA,NA,3,2,1,NA,0,nico,NA,NA
20220905,3,3,a_chimp,frodo,sleep_room,0,no,no,47,1,"riet, shanga",daniel,inhibit_searched,2,NA,NA,3,1,2,NA,0,nico,NA,NA
20220905,3,3,a_chimp,frodo,sleep_room,0,no,no,47,1,"riet, shanga",daniel,inhibit_searched,3,NA,NA,2,3,1,NA,0,nico,NA,NA
20220905,3,3,a_chimp,frodo,sleep_room,0,no,no,47,1,"riet, shanga",daniel,inhibit_searched,4,NA,NA,2,1,3,NA,0,nico,NA,NA
20220905,3,3,a_chimp,frodo,sleep_room,0,no,no,47,1,"riet, shanga",daniel,inhibit_searched,5,NA,NA,3,2,1,NA,1,nico,NA,NA
20220905,3,3,a_chimp,frodo,sleep_room,0,no,no,47,1,"riet, shanga",daniel,inhibit_searched,6,NA,NA,3,1,2,NA,0,nico,NA,NA
20220905,3,3,a_chimp,frodo,sleep_room,0,no,no,47,1,"riet, shanga",daniel,inhibit_searched,7,NA,NA,2,3,1,NA,0,nico,NA,NA
20220905,3,3,a_chimp,frodo,sleep_room,0,no,no,47,1,"riet, shanga",daniel,inhibit_searched,8,NA,NA,1,2,3,NA,0,nico,NA,NA
20220905,3,3,a_chimp,frodo,sleep_room,0,no,no,47,1,"riet, shanga",daniel,inhibit_searched,9,NA,NA,1,2,3,NA,0,nico,NA,NA
20220905,3,3,a_chimp,frodo,sleep_room,0,no,no,47,1,"riet, shanga",daniel,inhibit_searched,10,NA,NA,2,3,1,NA,0,nico,NA,NA
20220905,3,3,a_chimp,frodo,sleep_room,0,no,no,47,1,"riet, shanga",daniel,inhibit_searched,11,NA,NA,1,3,2,NA,0,nico,NA,NA
20220905,3,3,a_chimp,frodo,sleep_room,0,no,no,47,1,"riet, shanga",daniel,inhibit_searched,12,NA,NA,3,2,1,NA,0,nico,NA,NA
20220905,3,3,a_chimp,makeni,sleep_room,0,no,no,14,13,"riet, tai, frodo",daniel,inhibit_searched,1,NA,NA,1,2,2,NA,1,nico,NA,NA
20220905,3,3,a_chimp,makeni,sleep_room,0,no,no,14,13,"riet, tai, frodo",daniel,inhibit_searched,2,NA,NA,1,1,2,NA,1,nico,NA,NA
20220905,3,3,a_chimp,makeni,sleep_room,0,no,no,14,13,"riet, tai, frodo",daniel,inhibit_searched,3,NA,NA,1,2,1,NA,1,nico,NA,NA
20220905,3,3,a_chimp,makeni,sleep_room,0,no,no,14,13,"riet, tai, frodo",daniel,inhibit_searched,4,NA,NA,1,2,2,NA,1,nico,NA,NA
20220905,3,3,a_chimp,makeni,sleep_room,0,no,no,14,13,"riet, tai, frodo",daniel,inhibit_searched,5,NA,NA,1,1,2,NA,1,nico,NA,NA
20220905,3,3,a_chimp,makeni,sleep_room,0,no,no,14,13,"riet, tai, frodo",daniel,inhibit_searched,6,NA,NA,1,2,3,NA,0,nico,NA,NA
20220905,3,3,a_chimp,makeni,sleep_room,0,no,no,14,13,"riet, tai, frodo",daniel,inhibit_searched,7,NA,NA,3,1,1,NA,1,nico,NA,NA
20220905,3,3,a_chimp,makeni,sleep_room,0,no,no,14,13,"riet, tai, frodo",daniel,inhibit_searched,8,NA,NA,3,2,2,NA,1,nico,NA,NA
20220905,3,3,a_chimp,makeni,sleep_room,0,no,no,14,13,"riet, tai, frodo",daniel,inhibit_searched,9,NA,NA,3,2,1,NA,0,nico,NA,NA
20220905,3,3,a_chimp,makeni,sleep_room,0,no,no,14,13,"riet, tai, frodo",daniel,inhibit_searched,10,NA,NA,3,2,1,NA,0,nico,NA,NA
20220905,3,3,a_chimp,makeni,sleep_room,0,no,no,14,13,"riet, tai, frodo",daniel,inhibit_searched,11,NA,NA,1,3,2,NA,0,nico,NA,NA
20220905,3,3,a_chimp,makeni,sleep_room,0,no,no,14,13,"riet, tai, frodo",daniel,inhibit_searched,12,NA,NA,3,2,1,NA,0,nico,NA,NA
20220905,3,3,a_chimp,youma,sleep_room,0,no,no,14,13,"sandra, natascha, fraukje, frank, kisha",daniel,inhibit_searched,1,NA,NA,1,1,1,NA,2,nico,away,NA
20220905,3,3,a_chimp,youma,sleep_room,0,no,no,14,13,"sandra, natascha, fraukje, frank, kisha",daniel,inhibit_searched,2,NA,NA,1,2,1,NA,1,nico,away,NA
20220905,3,3,a_chimp,youma,sleep_room,0,no,no,14,13,"sandra, natascha, fraukje, frank, kisha",daniel,inhibit_searched,3,NA,NA,1,1,3,NA,1,nico,away,NA
20220905,3,3,a_chimp,youma,sleep_room,0,no,no,14,13,"sandra, natascha, fraukje, frank, kisha",daniel,inhibit_searched,4,NA,NA,1,2,2,NA,1,nico,away,NA
20220905,3,3,a_chimp,youma,sleep_room,0,no,no,14,13,"sandra, natascha, fraukje, frank, kisha",daniel,inhibit_searched,5,NA,NA,1,2,2,NA,1,nico,away,NA
20220905,3,3,a_chimp,youma,sleep_room,0,no,no,14,13,"sandra, natascha, fraukje, frank, kisha",daniel,inhibit_searched,6,NA,NA,1,2,2,NA,1,nico,away,NA
20220905,3,3,a_chimp,natascha,sleep_room,0,no,yes,21,5,"youma, makeni",daniel,inhibit_searched,1,NA,NA,1,2,3,NA,0,nico,NA,NA
20220905,3,3,a_chimp,natascha,sleep_room,0,no,yes,21,5,"youma, makeni",daniel,inhibit_searched,2,NA,NA,1,1,2,NA,1,nico,NA,NA
20220905,3,3,a_chimp,natascha,sleep_room,0,no,yes,21,5,"youma, makeni",daniel,inhibit_searched,3,NA,NA,2,1,3,NA,0,nico,NA,NA
20220905,3,3,a_chimp,natascha,sleep_room,0,no,yes,21,5,"youma, makeni",daniel,inhibit_searched,4,NA,NA,2,1,3,NA,0,nico,NA,NA
20220905,3,3,a_chimp,natascha,sleep_room,0,no,yes,21,5,"youma, makeni",daniel,inhibit_searched,5,NA,NA,1,3,1,NA,1,nico,NA,NA
20220905,3,3,a_chimp,natascha,sleep_room,0,no,yes,21,5,"youma, makeni",daniel,inhibit_searched,6,NA,NA,2,1,3,NA,0,nico,NA,NA
20220905,3,3,a_chimp,natascha,sleep_room,0,no,yes,21,5,"youma, makeni",daniel,inhibit_searched,7,NA,NA,2,3,1,NA,0,nico,NA,NA
20220905,3,3,a_chimp,natascha,sleep_room,0,no,yes,21,5,"youma, makeni",daniel,inhibit_searched,8,NA,NA,2,1,3,NA,0,nico,NA,NA
20220905,3,3,a_chimp,natascha,sleep_room,0,no,yes,21,5,"youma, makeni",daniel,inhibit_searched,9,NA,NA,1,3,2,NA,0,nico,NA,NA
20220905,3,3,a_chimp,natascha,sleep_room,0,no,yes,21,5,"youma, makeni",daniel,inhibit_searched,10,NA,NA,3,2,1,NA,0,nico,NA,NA
20220905,3,3,a_chimp,natascha,sleep_room,0,no,yes,21,5,"youma, makeni",daniel,inhibit_searched,11,NA,NA,2,1,3,NA,0,nico,NA,NA
20220905,3,3,a_chimp,natascha,sleep_room,0,no,yes,21,5,"youma, makeni",daniel,inhibit_searched,12,NA,NA,1,3,2,NA,0,nico,NA,NA
20220908,3,3,a_chimp,fraukje,sleep_room,0,no,no,26,8,"carola, tai",stefan,inhibit_searched,1,NA,NA,2,3,1,NA,0,nico,NA,NA
20220908,3,3,a_chimp,fraukje,sleep_room,0,no,no,26,8,"carola, tai",stefan,inhibit_searched,2,NA,NA,3,2,1,NA,0,nico,NA,NA
20220908,3,3,a_chimp,fraukje,sleep_room,0,no,no,26,8,"carola, tai",stefan,inhibit_searched,3,NA,NA,2,3,1,NA,0,nico,NA,NA
20220908,3,3,a_chimp,fraukje,sleep_room,0,no,no,26,8,"carola, tai",stefan,inhibit_searched,4,NA,NA,2,1,3,NA,0,nico,NA,NA
20220908,3,3,a_chimp,fraukje,sleep_room,0,no,no,26,8,"carola, tai",stefan,inhibit_searched,5,NA,NA,2,1,3,NA,0,nico,NA,NA
20220908,3,3,a_chimp,fraukje,sleep_room,0,no,no,26,8,"carola, tai",stefan,inhibit_searched,6,NA,NA,2,1,2,NA,1,nico,NA,NA
20220908,3,3,a_chimp,fraukje,sleep_room,0,no,no,26,8,"carola, tai",stefan,inhibit_searched,7,NA,NA,2,1,3,NA,0,nico,NA,NA
20220908,3,3,a_chimp,fraukje,sleep_room,0,no,no,26,8,"carola, tai",stefan,inhibit_searched,8,NA,NA,2,1,3,NA,0,nico,NA,NA
20220908,3,3,a_chimp,fraukje,sleep_room,0,no,no,26,8,"carola, tai",stefan,inhibit_searched,9,NA,NA,3,2,1,NA,0,nico,NA,NA
20220908,3,3,a_chimp,fraukje,sleep_room,0,no,no,26,8,"carola, tai",stefan,inhibit_searched,10,NA,NA,1,2,3,NA,0,nico,NA,NA
20220908,3,3,a_chimp,fraukje,sleep_room,0,no,no,26,8,"carola, tai",stefan,inhibit_searched,11,NA,NA,3,2,1,NA,0,nico,NA,NA
20220908,3,3,a_chimp,fraukje,sleep_room,0,no,no,26,8,"carola, tai",stefan,inhibit_searched,12,NA,NA,2,3,1,NA,0,nico,NA,NA
20220908,3,3,a_chimp,maja,sleep_room,0,no,no,23,9,"fraukje, carola, sandra",stefan,inhibit_searched,1,NA,NA,2,1,3,NA,0,nico,both sides,NA
20220908,3,3,a_chimp,maja,sleep_room,0,no,no,23,9,"fraukje, carola, sandra",stefan,inhibit_searched,2,NA,NA,2,3,1,NA,0,nico,NA,NA
20220908,3,3,a_chimp,maja,sleep_room,0,no,no,23,9,"fraukje, carola, sandra",stefan,inhibit_searched,3,NA,NA,1,2,3,NA,0,nico,NA,NA
20220908,3,3,a_chimp,maja,sleep_room,0,no,no,23,9,"fraukje, carola, sandra",stefan,inhibit_searched,4,NA,NA,2,1,3,NA,0,nico,NA,NA
20220908,3,3,a_chimp,maja,sleep_room,0,no,no,23,9,"fraukje, carola, sandra",stefan,inhibit_searched,5,NA,NA,3,2,1,NA,0,nico,NA,NA
20220908,3,3,a_chimp,maja,sleep_room,0,no,no,23,9,"fraukje, carola, sandra",stefan,inhibit_searched,6,NA,NA,3,1,2,NA,0,nico,NA,NA
20220908,3,3,a_chimp,maja,sleep_room,0,no,no,23,9,"fraukje, carola, sandra",stefan,inhibit_searched,7,NA,NA,3,2,1,NA,0,nico,NA,NA
20220908,3,3,a_chimp,maja,sleep_room,0,no,no,23,9,"fraukje, carola, sandra",stefan,inhibit_searched,8,NA,NA,3,2,1,NA,0,nico,NA,NA
20220908,3,3,a_chimp,maja,sleep_room,0,no,no,23,9,"fraukje, carola, sandra",stefan,inhibit_searched,9,NA,NA,3,2,1,NA,0,nico,NA,NA
20220908,3,3,a_chimp,maja,sleep_room,0,no,no,23,9,"fraukje, carola, sandra",stefan,inhibit_searched,10,NA,NA,3,1,2,NA,0,nico,NA,NA
20220908,3,3,a_chimp,maja,sleep_room,0,no,no,23,9,"fraukje, carola, sandra",stefan,inhibit_searched,11,NA,NA,3,1,2,NA,0,nico,NA,NA
20220908,3,3,a_chimp,maja,sleep_room,0,no,no,23,9,"fraukje, carola, sandra",stefan,inhibit_searched,12,NA,NA,2,3,1,NA,0,nico,NA,NA
20220908,3,3,a_chimp,ohini,sleep_room,0,no,yes,32,12,"kisha, frank",stefan,inhibit_searched,1,NA,NA,3,1,2,NA,0,nico,NA,NA
20220908,3,3,a_chimp,ohini,sleep_room,0,no,yes,32,12,"kisha, frank",stefan,inhibit_searched,2,NA,NA,2,1,3,NA,0,nico,NA,NA
20220908,3,3,a_chimp,ohini,sleep_room,0,no,yes,32,12,"kisha, frank",stefan,inhibit_searched,3,NA,NA,3,1,2,NA,0,nico,NA,NA
20220908,3,3,a_chimp,ohini,sleep_room,0,no,yes,32,12,"kisha, frank",stefan,inhibit_searched,4,NA,NA,3,2,1,NA,0,nico,NA,NA
20220908,3,3,a_chimp,ohini,sleep_room,0,no,yes,32,12,"kisha, frank",stefan,inhibit_searched,5,NA,NA,3,2,1,NA,0,nico,NA,NA
20220908,3,3,a_chimp,ohini,sleep_room,0,no,yes,32,12,"kisha, frank",stefan,inhibit_searched,6,NA,NA,2,1,3,NA,0,nico,NA,NA
20220908,3,3,a_chimp,ohini,sleep_room,0,no,yes,32,12,"kisha, frank",stefan,inhibit_searched,7,NA,NA,2,3,1,NA,0,nico,NA,NA
20220908,3,3,a_chimp,ohini,sleep_room,0,no,yes,32,12,"kisha, frank",stefan,inhibit_searched,8,NA,NA,3,2,1,NA,0,nico,NA,NA
20220908,3,3,a_chimp,ohini,sleep_room,0,no,yes,32,12,"kisha, frank",stefan,inhibit_searched,9,NA,NA,3,1,2,NA,0,nico,NA,NA
20220908,3,3,a_chimp,ohini,sleep_room,0,no,yes,32,12,"kisha, frank",stefan,inhibit_searched,10,NA,NA,3,2,1,NA,0,nico,NA,NA
20220908,3,3,a_chimp,ohini,sleep_room,0,no,yes,32,12,"kisha, frank",stefan,inhibit_searched,11,NA,NA,2,1,3,NA,0,nico,NA,NA
20220908,3,3,a_chimp,ohini,sleep_room,0,no,yes,32,12,"kisha, frank",stefan,inhibit_searched,12,NA,NA,3,2,1,NA,0,nico,NA,NA
20220908,3,3,a_chimp,kisha,sleep_room,0,no,no,31,7,frank,stefan,inhibit_searched,1,NA,NA,2,3,2,NA,1,nico,NA,NA
20220908,3,3,a_chimp,kisha,sleep_room,0,no,yes,31,7,frank,stefan,inhibit_searched,2,NA,NA,1,2,3,NA,0,nico,NA,NA
20220908,3,3,a_chimp,kisha,sleep_room,0,no,yes,31,7,frank,stefan,inhibit_searched,3,NA,NA,2,1,2,NA,1,nico,NA,NA
20220908,3,3,a_chimp,kisha,sleep_room,0,no,yes,31,7,frank,stefan,inhibit_searched,4,NA,NA,1,2,1,NA,1,nico,NA,NA
20220908,3,3,a_chimp,kisha,sleep_room,0,no,yes,31,7,frank,stefan,inhibit_searched,5,NA,NA,1,2,2,NA,1,nico,NA,NA
20220908,3,3,a_chimp,kisha,sleep_room,0,no,yes,31,7,frank,stefan,inhibit_searched,6,NA,NA,2,1,2,NA,1,nico,NA,NA
20220908,3,3,a_chimp,kisha,sleep_room,0,no,yes,31,7,frank,stefan,inhibit_searched,7,NA,NA,2,3,1,NA,0,nico,NA,NA
20220908,3,3,a_chimp,kisha,sleep_room,0,no,yes,31,7,frank,stefan,inhibit_searched,8,NA,NA,2,1,2,NA,1,nico,NA,NA
20220908,3,3,a_chimp,kisha,sleep_room,0,no,yes,31,7,frank,stefan,inhibit_searched,9,NA,NA,3,2,1,NA,0,nico,NA,NA
20220908,3,3,a_chimp,kisha,sleep_room,0,no,yes,31,7,frank,stefan,inhibit_searched,10,NA,NA,2,1,2,NA,1,nico,NA,NA
20220908,3,3,a_chimp,kisha,sleep_room,0,no,yes,31,7,frank,stefan,inhibit_searched,11,NA,NA,1,2,3,NA,0,nico,NA,NA
20220908,3,3,a_chimp,kisha,sleep_room,0,no,yes,31,7,frank,stefan,inhibit_searched,12,NA,NA,2,1,3,NA,0,nico,NA,NA
20220908,3,3,a_chimp,swela,sleep_room,0,no,no,34,6,"azibo, natascha, makeni, youma, riet, fraukje",stefan,inhibit_searched,1,NA,NA,1,2,1,NA,1,nico,NA,NA
20220908,3,3,a_chimp,swela,sleep_room,0,no,no,34,6,"azibo, natascha, makeni, youma, riet, fraukje",stefan,inhibit_searched,2,NA,NA,3,1,2,NA,0,nico,NA,NA
20220908,3,3,a_chimp,swela,sleep_room,0,no,no,34,6,"azibo, natascha, makeni, youma, riet, fraukje",stefan,inhibit_searched,3,NA,NA,3,1,2,NA,0,nico,NA,NA
20220908,3,3,a_chimp,swela,sleep_room,0,no,no,34,6,"azibo, natascha, makeni, youma, riet, fraukje",stefan,inhibit_searched,4,NA,NA,1,1,2,NA,1,nico,NA,NA
20220908,3,3,a_chimp,swela,sleep_room,0,no,no,34,6,"azibo, natascha, makeni, youma, riet, fraukje",stefan,inhibit_searched,5,NA,NA,3,2,1,NA,0,nico,NA,NA
20220908,3,3,a_chimp,swela,sleep_room,0,no,no,34,6,"azibo, natascha, makeni, youma, riet, fraukje",stefan,inhibit_searched,6,NA,NA,3,1,2,NA,0,nico,NA,NA
20220908,3,3,a_chimp,swela,sleep_room,0,no,no,34,6,"azibo, natascha, makeni, youma, riet, fraukje",stefan,inhibit_searched,7,NA,NA,1,2,1,NA,1,nico,finger in mesh,NA
20220908,3,3,a_chimp,swela,sleep_room,0,no,no,34,6,"azibo, natascha, makeni, youma, riet, fraukje",stefan,inhibit_searched,8,NA,NA,3,2,1,NA,0,nico,NA,NA
20220908,3,3,a_chimp,swela,sleep_room,0,no,no,34,6,"azibo, natascha, makeni, youma, riet, fraukje",stefan,inhibit_searched,9,NA,NA,3,1,2,NA,0,nico,NA,NA
20220908,3,3,a_chimp,swela,sleep_room,0,no,no,34,6,"azibo, natascha, makeni, youma, riet, fraukje",stefan,inhibit_searched,10,NA,NA,2,1,3,NA,0,nico,NA,NA
20220908,3,3,a_chimp,swela,sleep_room,0,no,no,34,6,"azibo, natascha, makeni, youma, riet, fraukje",stefan,inhibit_searched,11,NA,NA,3,2,1,NA,0,nico,NA,NA
20220908,3,3,a_chimp,swela,sleep_room,0,no,no,34,6,"azibo, natascha, makeni, youma, riet, fraukje",stefan,inhibit_searched,12,NA,NA,3,2,1,NA,0,nico,NA,NA
20221030,4,3,a_chimp,ohini,sleep_room,0,yes,no,14,12,"kisha, frank,maja, corrie, badu",nico,inhibit_searched,1,NA,NA,2,3,1,NA,0,nico,NA,NA
20221030,4,3,a_chimp,ohini,sleep_room,0,yes,no,14,12,"kisha, frank,maja, corrie, badu",nico,inhibit_searched,2,NA,NA,3,2,1,NA,0,nico,NA,NA
20221030,4,3,a_chimp,ohini,sleep_room,0,yes,no,14,12,"kisha, frank,maja, corrie, badu",nico,inhibit_searched,3,NA,NA,3,2,1,NA,0,nico,NA,NA
20221030,4,3,a_chimp,ohini,sleep_room,0,yes,no,14,12,"kisha, frank,maja, corrie, badu",nico,inhibit_searched,4,NA,NA,2,1,3,NA,0,nico,NA,NA
20221030,4,3,a_chimp,ohini,sleep_room,0,yes,no,14,12,"kisha, frank,maja, corrie, badu",nico,inhibit_searched,5,NA,NA,2,1,3,NA,0,nico,NA,NA
20221030,4,3,a_chimp,ohini,sleep_room,0,yes,no,14,12,"kisha, frank,maja, corrie, badu",nico,inhibit_searched,6,NA,NA,3,2,1,NA,0,nico,NA,NA
20221030,4,3,a_chimp,ohini,sleep_room,0,yes,no,14,12,"kisha, frank,maja, corrie, badu",nico,inhibit_searched,7,NA,NA,3,1,2,NA,0,nico,NA,NA
20221030,4,3,a_chimp,ohini,sleep_room,0,yes,no,14,12,"kisha, frank,maja, corrie, badu",nico,inhibit_searched,8,NA,NA,3,2,1,NA,0,nico,NA,NA
20221030,4,3,a_chimp,ohini,sleep_room,0,yes,no,14,12,"kisha, frank,maja, corrie, badu",nico,inhibit_searched,9,NA,NA,3,2,1,NA,0,nico,NA,NA
20221030,4,3,a_chimp,ohini,sleep_room,0,yes,no,14,12,"kisha, frank,maja, corrie, badu",nico,inhibit_searched,10,NA,NA,3,2,1,NA,0,nico,NA,NA
20221030,4,3,a_chimp,ohini,sleep_room,0,yes,no,14,12,"kisha, frank,maja, corrie, badu",nico,inhibit_searched,11,NA,NA,2,3,1,NA,0,nico,NA,NA
20221030,4,3,a_chimp,ohini,sleep_room,0,yes,no,14,12,"kisha, frank,maja, corrie, badu",nico,inhibit_searched,12,NA,NA,2,3,1,NA,0,nico,NA,NA
20221030,4,3,a_chimp,kisha,sleep_room,0,no,no,12,7,"ohini, frank,maja, corrie, badu",nico,inhibit_searched,1,NA,NA,2,3,2,NA,1,nico,NA,NA
20221030,4,3,a_chimp,kisha,sleep_room,0,no,no,12,7,"ohini, frank,maja, corrie, badu",nico,inhibit_searched,2,NA,NA,2,1,2,NA,1,nico,NA,NA
20221030,4,3,a_chimp,kisha,sleep_room,0,no,no,12,7,"ohini, frank,maja, corrie, badu",nico,inhibit_searched,3,NA,NA,2,2,3,NA,1,nico,NA,NA
20221030,4,3,a_chimp,kisha,sleep_room,0,no,no,12,7,"ohini, frank,maja, corrie, badu",nico,inhibit_searched,4,NA,NA,1,2,3,NA,0,nico,NA,NA
20221030,4,3,a_chimp,kisha,sleep_room,0,no,no,12,7,"ohini, frank,maja, corrie, badu",nico,inhibit_searched,5,NA,NA,1,2,3,NA,0,nico,both sides,NA
20221030,4,3,a_chimp,kisha,sleep_room,0,no,no,12,7,"ohini, frank,maja, corrie, badu",nico,inhibit_searched,6,NA,NA,1,2,2,NA,1,nico,NA,NA
20221030,4,3,a_chimp,kisha,sleep_room,0,no,no,12,7,"ohini, frank,maja, corrie, badu",nico,inhibit_searched,7,NA,NA,2,1,2,NA,1,nico,NA,NA
20221030,4,3,a_chimp,kisha,sleep_room,0,no,no,12,7,"ohini, frank,maja, corrie, badu",nico,inhibit_searched,8,NA,NA,1,2,3,NA,0,nico,NA,NA
20221030,4,3,a_chimp,kisha,sleep_room,0,no,no,12,7,"ohini, frank,maja, corrie, badu",nico,inhibit_searched,9,NA,NA,1,3,1,NA,1,nico,again bc frank interupted,NA
20221030,4,3,a_chimp,kisha,sleep_room,0,no,no,12,7,"ohini, frank,maja, corrie, badu",nico,inhibit_searched,10,NA,NA,2,2,3,NA,1,nico,NA,NA
20221030,4,3,a_chimp,kisha,sleep_room,0,no,no,12,7,"ohini, frank,maja, corrie, badu",nico,inhibit_searched,11,NA,NA,2,3,1,NA,0,nico,NA,NA
20221030,4,3,a_chimp,kisha,sleep_room,0,no,no,12,7,"ohini, frank,maja, corrie, badu",nico,inhibit_searched,12,NA,NA,2,1,3,NA,0,nico,NA,NA
20221030,4,3,a_chimp,corrie,sleep_room,0,no,no,14,6,"badu, maja",nico,inhibit_searched,1,NA,NA,1,1,1,NA,2,nico,NA,NA
20221030,4,3,a_chimp,corrie,sleep_room,0,no,no,14,6,"badu, maja",nico,inhibit_searched,2,NA,NA,1,2,1,NA,1,nico,NA,NA
20221030,4,3,a_chimp,corrie,sleep_room,0,no,no,14,6,"badu, maja",nico,inhibit_searched,3,NA,NA,1,2,1,NA,1,nico,NA,NA
20221030,4,3,a_chimp,corrie,sleep_room,0,no,no,14,6,"badu, maja",nico,inhibit_searched,4,NA,NA,2,1,1,NA,1,nico,NA,NA
20221030,4,3,a_chimp,corrie,sleep_room,0,no,no,14,6,"badu, maja",nico,inhibit_searched,5,NA,NA,1,2,1,NA,1,nico,NA,NA
20221030,4,3,a_chimp,corrie,sleep_room,0,no,no,14,6,"badu, maja",nico,inhibit_searched,6,NA,NA,3,1,1,NA,1,nico,NA,NA
20221030,4,3,a_chimp,corrie,sleep_room,0,no,no,14,6,"badu, maja",nico,inhibit_searched,7,NA,NA,1,2,3,NA,0,nico,NA,NA
20221030,4,3,a_chimp,corrie,sleep_room,0,no,no,14,6,"badu, maja",nico,inhibit_searched,8,NA,NA,2,3,1,NA,0,nico,NA,NA
20221030,4,3,a_chimp,corrie,sleep_room,0,no,no,14,6,"badu, maja",nico,inhibit_searched,9,NA,NA,3,1,2,NA,0,nico,NA,NA
20221030,4,3,a_chimp,corrie,sleep_room,0,no,no,14,6,"badu, maja",nico,inhibit_searched,10,NA,NA,1,2,2,NA,0,nico,NA,NA
20221030,4,3,a_chimp,corrie,sleep_room,0,no,no,14,6,"badu, maja",nico,inhibit_searched,11,NA,NA,3,1,2,NA,0,nico,NA,NA
20221030,4,3,a_chimp,corrie,sleep_room,0,no,no,14,6,"badu, maja",nico,inhibit_searched,12,NA,NA,3,1,2,NA,0,nico,NA,NA
20221030,4,3,a_chimp,makeni,sleep_room,0,yes,no,16,13,"natascha, youma",nico,inhibit_searched,1,NA,NA,3,2,2,NA,1,nico,NA,NA
20221030,4,3,a_chimp,makeni,sleep_room,0,yes,no,16,13,"natascha, youma",nico,inhibit_searched,2,NA,NA,3,2,3,NA,1,nico,NA,NA
20221030,4,3,a_chimp,makeni,sleep_room,0,yes,no,16,13,"natascha, youma",nico,inhibit_searched,3,NA,NA,3,2,2,NA,1,nico,NA,NA
20221030,4,3,a_chimp,makeni,sleep_room,0,yes,no,16,13,"natascha, youma",nico,inhibit_searched,4,NA,NA,3,3,1,NA,1,nico,NA,NA
20221030,4,3,a_chimp,makeni,sleep_room,0,yes,no,16,13,"natascha, youma",nico,inhibit_searched,5,NA,NA,3,3,2,NA,1,nico,NA,NA
20221030,4,3,a_chimp,makeni,sleep_room,0,yes,no,16,13,"natascha, youma",nico,inhibit_searched,6,NA,NA,3,2,2,NA,1,nico,NA,NA
20221030,4,3,a_chimp,makeni,sleep_room,0,yes,no,16,13,"natascha, youma",nico,inhibit_searched,7,NA,NA,3,2,2,NA,1,nico,NA,NA
20221030,4,3,a_chimp,makeni,sleep_room,0,yes,no,16,13,"natascha, youma",nico,inhibit_searched,8,NA,NA,3,2,2,NA,1,nico,NA,NA
20221030,4,3,a_chimp,makeni,sleep_room,0,yes,no,16,13,"natascha, youma",nico,inhibit_searched,9,NA,NA,3,2,2,NA,1,nico,NA,NA
20221030,4,3,a_chimp,makeni,sleep_room,0,yes,no,16,13,"natascha, youma",nico,inhibit_searched,10,NA,NA,3,2,2,NA,1,nico,NA,NA
20221030,4,3,a_chimp,makeni,sleep_room,0,yes,no,16,13,"natascha, youma",nico,inhibit_searched,11,NA,NA,3,2,2,NA,1,nico,NA,NA
20221030,4,3,a_chimp,makeni,sleep_room,0,yes,no,16,13,"natascha, youma",nico,inhibit_searched,12,NA,NA,3,1,1,NA,1,nico,NA,NA
20221030,4,3,a_chimp,youma,sleep_room,0,no,no,10,13,"natascha, makeni",nico,inhibit_searched,1,NA,NA,1,2,2,NA,1,nico,NA,NA
20221030,4,3,a_chimp,youma,sleep_room,0,no,no,10,13,"natascha, makeni",nico,inhibit_searched,2,NA,NA,2,2,3,NA,1,nico,NA,NA
20221030,4,3,a_chimp,youma,sleep_room,0,no,no,10,13,"natascha, makeni",nico,inhibit_searched,3,NA,NA,1,1,1,NA,2,nico,NA,NA
20221030,4,3,a_chimp,youma,sleep_room,0,no,no,10,13,"natascha, makeni",nico,inhibit_searched,4,NA,NA,1,3,3,NA,1,nico,NA,NA
20221030,4,3,a_chimp,youma,sleep_room,0,no,no,10,13,"natascha, makeni",nico,inhibit_searched,5,NA,NA,1,2,2,NA,1,nico,NA,NA
20221030,4,3,a_chimp,youma,sleep_room,0,no,no,10,13,"natascha, makeni",nico,inhibit_searched,6,NA,NA,1,3,3,NA,1,nico,NA,NA
20221030,4,3,a_chimp,youma,sleep_room,0,no,no,10,13,"natascha, makeni",nico,inhibit_searched,7,NA,NA,1,1,2,NA,1,nico,NA,NA
20221030,4,3,a_chimp,youma,sleep_room,0,no,no,10,13,"natascha, makeni",nico,inhibit_searched,8,NA,NA,1,2,2,NA,1,nico,NA,NA
20221030,4,3,a_chimp,youma,sleep_room,0,no,no,10,13,"natascha, makeni",nico,inhibit_searched,9,NA,NA,1,2,2,NA,1,nico,NA,NA
20221030,4,3,a_chimp,youma,sleep_room,0,no,no,10,13,"natascha, makeni",nico,inhibit_searched,10,NA,NA,1,2,2,NA,1,nico,NA,NA
20221030,4,3,a_chimp,youma,sleep_room,0,no,no,10,13,"natascha, makeni",nico,inhibit_searched,11,NA,NA,1,2,2,NA,1,nico,NA,NA
20221030,4,3,a_chimp,youma,sleep_room,0,no,no,10,13,"natascha, makeni",nico,inhibit_searched,12,NA,NA,1,1,1,NA,2,nico,NA,NA
20221030,4,3,a_chimp,shanga,sleep_room,0,yes,no,11,10,NA,nico,inhibit_searched,1,NA,NA,2,1,3,NA,0,nico,NA,NA
20221030,4,3,a_chimp,shanga,sleep_room,0,yes,no,11,10,NA,nico,inhibit_searched,2,NA,NA,1,2,3,NA,0,nico,NA,NA
20221030,4,3,a_chimp,shanga,sleep_room,0,yes,no,11,10,NA,nico,inhibit_searched,3,NA,NA,1,2,3,NA,0,nico,NA,NA
20221030,4,3,a_chimp,shanga,sleep_room,0,yes,no,11,10,NA,nico,inhibit_searched,4,NA,NA,1,2,2,NA,1,nico,NA,NA
20221030,4,3,a_chimp,shanga,sleep_room,0,yes,no,11,10,NA,nico,inhibit_searched,5,NA,NA,1,2,3,NA,0,nico,loud noise from cleaning downstairs,NA
20221030,4,3,a_chimp,shanga,sleep_room,0,yes,no,11,10,NA,nico,inhibit_searched,6,NA,NA,1,2,3,NA,0,nico,loud noise from cleaning downstairs,NA
20221030,4,3,a_chimp,shanga,sleep_room,0,yes,no,11,10,NA,nico,inhibit_searched,7,NA,NA,1,2,3,NA,0,nico,loud noise from cleaning downstairs,NA
20221030,4,3,a_chimp,shanga,sleep_room,0,yes,no,11,10,NA,nico,inhibit_searched,8,NA,NA,1,2,3,NA,0,nico,loud noise from cleaning downstairs,NA
20221030,4,3,a_chimp,bambari,sleep_room,0,no,no,4,4,"kisha, ohini, frank, corrie, badu, maja",nico,inhibit_searched,1,NA,NA,1,2,2,NA,1,nico,NA,NA
20221030,4,3,a_chimp,bambari,sleep_room,0,no,no,4,4,"kisha, ohini, frank, corrie, badu, maja",nico,inhibit_searched,2,NA,NA,1,2,3,NA,0,nico,NA,NA
20221030,4,3,a_chimp,bambari,sleep_room,0,no,no,4,4,"kisha, ohini, frank, corrie, badu, maja",nico,inhibit_searched,3,NA,NA,2,3,1,NA,0,nico,NA,NA
20221030,4,3,a_chimp,bambari,sleep_room,0,no,no,4,4,"kisha, ohini, frank, corrie, badu, maja",nico,inhibit_searched,4,NA,NA,1,2,3,NA,0,nico,NA,NA
20221030,4,3,a_chimp,bambari,sleep_room,0,no,no,4,4,"kisha, ohini, frank, corrie, badu, maja",nico,inhibit_searched,5,NA,NA,1,3,2,NA,0,nico,NA,NA
20221030,4,3,a_chimp,bambari,sleep_room,0,no,no,4,4,"kisha, ohini, frank, corrie, badu, maja",nico,inhibit_searched,6,NA,NA,1,2,3,NA,0,nico,NA,NA
20221030,4,3,a_chimp,bambari,sleep_room,0,no,no,4,4,"kisha, ohini, frank, corrie, badu, maja",nico,inhibit_searched,7,NA,NA,2,3,1,NA,0,nico,NA,NA
20221030,4,3,a_chimp,bambari,sleep_room,0,no,no,4,4,"kisha, ohini, frank, corrie, badu, maja",nico,inhibit_searched,8,NA,NA,2,1,3,NA,0,nico,NA,NA
20221030,4,3,a_chimp,bambari,sleep_room,0,no,no,4,4,"kisha, ohini, frank, corrie, badu, maja",nico,inhibit_searched,9,NA,NA,1,2,3,NA,0,nico,NA,NA
20221030,4,3,a_chimp,bambari,sleep_room,0,no,no,4,4,"kisha, ohini, frank, corrie, badu, maja",nico,inhibit_searched,10,NA,NA,1,2,3,NA,0,nico,NA,NA
20221030,4,3,a_chimp,bambari,sleep_room,0,no,no,4,4,"kisha, ohini, frank, corrie, badu, maja",nico,inhibit_searched,11,NA,NA,1,2,3,NA,0,nico,NA,NA
20221030,4,3,a_chimp,bambari,sleep_room,0,no,no,4,4,"kisha, ohini, frank, corrie, badu, maja",nico,inhibit_searched,12,NA,NA,1,2,3,NA,0,nico,NA,NA
20221025,4,3,a_chimp,azibo,sleep_room,0,no,no,10,11,swela,daniel,inhibit_searched,1,NA,NA,2,3,1,NA,0,nico,NA,NA
20221025,4,3,a_chimp,azibo,sleep_room,0,no,no,10,11,swela,daniel,inhibit_searched,2,NA,NA,2,3,1,NA,0,nico,NA,NA
20221025,4,3,a_chimp,azibo,sleep_room,0,no,no,10,11,swela,daniel,inhibit_searched,3,NA,NA,3,2,1,NA,0,nico,NA,NA
20221025,4,3,a_chimp,azibo,sleep_room,0,no,no,10,11,swela,daniel,inhibit_searched,4,NA,NA,2,3,2,NA,1,nico,both sides,NA
20221025,4,3,a_chimp,azibo,sleep_room,0,no,no,10,11,swela,daniel,inhibit_searched,5,NA,NA,2,3,1,NA,0,nico,NA,NA
20221025,4,3,a_chimp,azibo,sleep_room,0,no,no,10,11,swela,daniel,inhibit_searched,6,NA,NA,2,3,1,NA,0,nico,NA,NA
20221025,4,3,a_chimp,azibo,sleep_room,0,no,no,10,11,swela,daniel,inhibit_searched,7,NA,NA,2,3,1,NA,0,nico,NA,NA
20221025,4,3,a_chimp,azibo,sleep_room,0,no,no,10,11,swela,daniel,inhibit_searched,8,NA,NA,3,2,1,NA,0,nico,NA,NA
20221025,4,3,a_chimp,azibo,sleep_room,0,no,no,10,11,swela,daniel,inhibit_searched,9,NA,NA,2,3,1,NA,0,nico,both sides,NA
20221025,4,3,a_chimp,azibo,sleep_room,0,no,no,10,11,swela,daniel,inhibit_searched,10,NA,NA,2,1,3,NA,0,nico,NA,NA
20221025,4,3,a_chimp,azibo,sleep_room,0,no,no,10,11,swela,daniel,inhibit_searched,11,NA,NA,3,1,2,NA,0,nico,finger in mesh,NA
20221025,4,3,a_chimp,azibo,sleep_room,0,no,no,10,11,swela,daniel,inhibit_searched,12,NA,NA,3,2,1,NA,0,nico,NA,NA
20221025,4,3,a_chimp,swela,sleep_room,0,no,no,11,6,azibo,daniel,inhibit_searched,1,NA,NA,1,2,1,NA,1,nico,NA,NA
20221025,4,3,a_chimp,swela,sleep_room,0,no,no,11,6,azibo,daniel,inhibit_searched,2,NA,NA,3,2,1,NA,0,nico,NA,NA
20221025,4,3,a_chimp,swela,sleep_room,0,no,no,11,6,azibo,daniel,inhibit_searched,3,NA,NA,3,1,2,NA,0,nico,NA,NA
20221025,4,3,a_chimp,swela,sleep_room,0,no,no,11,6,azibo,daniel,inhibit_searched,4,NA,NA,2,1,3,NA,0,nico,NA,NA
20221025,4,3,a_chimp,swela,sleep_room,0,no,no,11,6,azibo,daniel,inhibit_searched,5,NA,NA,2,1,3,NA,0,nico,NA,NA
20221025,4,3,a_chimp,swela,sleep_room,0,no,no,11,6,azibo,daniel,inhibit_searched,6,NA,NA,2,3,1,NA,0,nico,NA,NA
20221025,4,3,a_chimp,swela,sleep_room,0,no,no,11,6,azibo,daniel,inhibit_searched,7,NA,NA,3,2,1,NA,0,nico,NA,NA
20221025,4,3,a_chimp,swela,sleep_room,0,no,no,11,6,azibo,daniel,inhibit_searched,8,NA,NA,3,2,1,NA,0,nico,NA,NA
20221025,4,3,a_chimp,swela,sleep_room,0,no,no,11,6,azibo,daniel,inhibit_searched,9,NA,NA,3,2,1,NA,0,nico,NA,NA
20221025,4,3,a_chimp,swela,sleep_room,0,no,no,11,6,azibo,daniel,inhibit_searched,10,NA,NA,3,2,1,NA,0,nico,NA,NA
20221025,4,3,a_chimp,swela,sleep_room,0,no,no,11,6,azibo,daniel,inhibit_searched,11,NA,NA,3,2,1,NA,0,nico,NA,NA
20221025,4,3,a_chimp,swela,sleep_room,0,no,no,11,6,azibo,daniel,inhibit_searched,12,NA,NA,2,3,1,NA,0,nico,NA,NA
20221025,4,3,a_chimp,sandra,sleep_room,0,no,no,14,5,NA,daniel,inhibit_searched,1,NA,NA,3,2,1,NA,0,nico,NA,NA
20221025,4,3,a_chimp,sandra,sleep_room,0,no,no,14,5,NA,daniel,inhibit_searched,2,NA,NA,3,2,1,NA,0,nico,NA,NA
20221025,4,3,a_chimp,sandra,sleep_room,0,no,no,14,5,NA,daniel,inhibit_searched,3,NA,NA,3,2,1,NA,0,nico,NA,NA
20221025,4,3,a_chimp,sandra,sleep_room,0,no,no,14,5,NA,daniel,inhibit_searched,4,NA,NA,1,3,2,NA,0,nico,NA,NA
20221025,4,3,a_chimp,sandra,sleep_room,0,no,no,14,5,NA,daniel,inhibit_searched,5,NA,NA,3,2,1,NA,0,nico,NA,NA
20221025,4,3,a_chimp,sandra,sleep_room,0,no,no,14,5,NA,daniel,inhibit_searched,6,NA,NA,3,2,1,NA,0,nico,NA,NA
20221025,4,3,a_chimp,sandra,sleep_room,0,no,no,14,5,NA,daniel,inhibit_searched,7,NA,NA,2,3,1,NA,0,nico,NA,NA
20221025,4,3,a_chimp,sandra,sleep_room,0,no,no,14,5,NA,daniel,inhibit_searched,8,NA,NA,3,2,1,NA,0,nico,NA,NA
20221025,4,3,a_chimp,sandra,sleep_room,0,no,no,14,5,NA,daniel,inhibit_searched,9,NA,NA,1,3,2,NA,0,nico,NA,NA
20221025,4,3,a_chimp,sandra,sleep_room,0,no,no,14,5,NA,daniel,inhibit_searched,10,NA,NA,3,2,1,NA,0,nico,NA,NA
20221025,4,3,a_chimp,sandra,sleep_room,0,no,no,14,5,NA,daniel,inhibit_searched,11,NA,NA,3,2,1,NA,0,nico,NA,NA
20221025,4,3,a_chimp,sandra,sleep_room,0,no,no,14,5,NA,daniel,inhibit_searched,12,NA,NA,2,3,1,NA,0,nico,NA,NA
20221025,4,3,a_chimp,frodo,sleep_room,0,no,no,15,1,NA,daniel,inhibit_searched,1,NA,NA,2,1,3,NA,0,nico,NA,NA
20221025,4,3,a_chimp,frodo,sleep_room,0,no,no,15,1,NA,daniel,inhibit_searched,2,NA,NA,1,2,3,NA,0,nico,NA,NA
20221025,4,3,a_chimp,frodo,sleep_room,0,no,no,15,1,NA,daniel,inhibit_searched,3,NA,NA,1,2,3,NA,0,nico,NA,NA
20221025,4,3,a_chimp,frodo,sleep_room,0,no,no,15,1,NA,daniel,inhibit_searched,4,NA,NA,1,2,3,NA,0,nico,NA,NA
20221025,4,3,a_chimp,frodo,sleep_room,0,no,no,15,1,NA,daniel,inhibit_searched,5,NA,NA,3,1,2,NA,0,nico,NA,NA
20221025,4,3,a_chimp,frodo,sleep_room,0,no,no,15,1,NA,daniel,inhibit_searched,6,NA,NA,2,1,3,NA,0,nico,NA,NA
20221025,4,3,a_chimp,frodo,sleep_room,0,no,no,15,1,NA,daniel,inhibit_searched,7,NA,NA,3,1,2,NA,0,nico,NA,NA
20221025,4,3,a_chimp,frodo,sleep_room,0,no,no,15,1,NA,daniel,inhibit_searched,8,NA,NA,1,2,3,NA,0,nico,NA,NA
20221025,4,3,a_chimp,frodo,sleep_room,0,no,no,15,1,NA,daniel,inhibit_searched,9,NA,NA,3,1,2,NA,0,nico,NA,NA
20221025,4,3,a_chimp,frodo,sleep_room,0,no,no,15,1,NA,daniel,inhibit_searched,10,NA,NA,1,3,2,NA,0,nico,NA,NA
20221025,4,3,a_chimp,frodo,sleep_room,0,no,no,15,1,NA,daniel,inhibit_searched,11,NA,NA,1,3,2,NA,0,nico,accidently moved cup,NA
20221025,4,3,a_chimp,frodo,sleep_room,0,no,no,15,1,NA,daniel,inhibit_searched,12,NA,NA,2,1,3,NA,0,nico,NA,NA
20221025,4,3,a_chimp,tai,sleep_room,0,no,no,12,3,NA,daniel,inhibit_searched,1,NA,NA,3,2,1,NA,0,nico,NA,NA
20221025,4,3,a_chimp,tai,sleep_room,0,no,no,12,3,NA,daniel,inhibit_searched,2,NA,NA,3,2,1,NA,0,nico,NA,NA
20221025,4,3,a_chimp,tai,sleep_room,0,no,no,12,3,NA,daniel,inhibit_searched,3,NA,NA,3,2,1,NA,0,nico,NA,NA
20221025,4,3,a_chimp,tai,sleep_room,0,no,no,12,3,NA,daniel,inhibit_searched,4,NA,NA,3,2,1,NA,0,nico,NA,NA
20221025,4,3,a_chimp,tai,sleep_room,0,no,no,12,3,NA,daniel,inhibit_searched,5,NA,NA,3,2,1,NA,0,nico,NA,NA
20221025,4,3,a_chimp,tai,sleep_room,0,no,no,12,3,NA,daniel,inhibit_searched,6,NA,NA,3,2,1,NA,0,nico,NA,NA
20221025,4,3,a_chimp,tai,sleep_room,0,no,no,12,3,NA,daniel,inhibit_searched,7,NA,NA,3,2,1,NA,0,nico,NA,NA
20221025,4,3,a_chimp,tai,sleep_room,0,no,no,12,3,NA,daniel,inhibit_searched,8,NA,NA,3,2,1,NA,0,nico,NA,NA
20221025,4,3,a_chimp,tai,sleep_room,0,no,no,12,3,NA,daniel,inhibit_searched,9,NA,NA,3,2,1,NA,0,nico,NA,NA
20221025,4,3,a_chimp,tai,sleep_room,0,no,no,12,3,NA,daniel,inhibit_searched,10,NA,NA,3,2,1,NA,0,nico,NA,NA
20221025,4,3,a_chimp,tai,sleep_room,0,no,no,12,3,NA,daniel,inhibit_searched,11,NA,NA,3,2,1,NA,0,nico,NA,NA
20221025,4,3,a_chimp,tai,sleep_room,0,no,no,12,3,NA,daniel,inhibit_searched,12,NA,NA,3,2,1,NA,0,nico,NA,NA
20221025,4,3,a_chimp,fraukje,sleep_room,0,no,no,16,8,carola,daniel,inhibit_searched,1,NA,NA,1,2,3,NA,0,nico,NA,NA
20221025,4,3,a_chimp,fraukje,sleep_room,0,no,no,16,8,carola,daniel,inhibit_searched,2,NA,NA,3,1,2,NA,0,nico,NA,NA
20221025,4,3,a_chimp,fraukje,sleep_room,0,no,no,16,8,carola,daniel,inhibit_searched,3,NA,NA,2,1,3,NA,0,nico,NA,NA
20221025,4,3,a_chimp,fraukje,sleep_room,0,no,no,16,8,carola,daniel,inhibit_searched,4,NA,NA,3,2,1,NA,0,nico,NA,NA
20221025,4,3,a_chimp,fraukje,sleep_room,0,no,no,16,8,carola,daniel,inhibit_searched,5,NA,NA,1,3,2,NA,0,nico,NA,NA
20221025,4,3,a_chimp,fraukje,sleep_room,0,no,no,16,8,carola,daniel,inhibit_searched,6,NA,NA,2,1,3,NA,0,nico,NA,NA
20221025,4,3,a_chimp,fraukje,sleep_room,0,no,no,16,8,carola,daniel,inhibit_searched,7,NA,NA,3,2,1,NA,0,nico,NA,NA
20221025,4,3,a_chimp,fraukje,sleep_room,0,no,no,16,8,carola,daniel,inhibit_searched,8,NA,NA,3,2,1,NA,0,nico,NA,NA
20221025,4,3,a_chimp,fraukje,sleep_room,0,no,no,16,8,carola,daniel,inhibit_searched,9,NA,NA,3,2,1,NA,0,nico,NA,NA
20221025,4,3,a_chimp,fraukje,sleep_room,0,no,no,16,8,carola,daniel,inhibit_searched,10,NA,NA,3,2,1,NA,0,nico,NA,NA
20221025,4,3,a_chimp,fraukje,sleep_room,0,no,no,16,8,carola,daniel,inhibit_searched,11,NA,NA,2,3,1,NA,0,nico,NA,NA
20221025,4,3,a_chimp,fraukje,sleep_room,0,no,no,16,8,carola,daniel,inhibit_searched,12,NA,NA,1,2,3,NA,0,nico,NA,NA
20221025,4,3,a_chimp,riet,sleep_room,0,no,no,10,2,shanga,daniel,inhibit_searched,1,NA,NA,1,2,3,NA,0,nico,NA,NA
20221025,4,3,a_chimp,riet,sleep_room,0,no,no,10,2,shanga,daniel,inhibit_searched,2,NA,NA,2,3,1,NA,0,nico,NA,NA
20221025,4,3,a_chimp,riet,sleep_room,0,no,no,10,2,shanga,daniel,inhibit_searched,3,NA,NA,1,2,3,NA,0,nico,NA,NA
20221025,4,3,a_chimp,riet,sleep_room,0,no,no,10,2,shanga,daniel,inhibit_searched,4,NA,NA,3,1,1,NA,1,nico,NA,NA
20221025,4,3,a_chimp,riet,sleep_room,0,no,no,10,2,shanga,daniel,inhibit_searched,5,NA,NA,3,2,1,NA,0,nico,NA,NA
20221025,4,3,a_chimp,riet,sleep_room,0,no,no,10,2,shanga,daniel,inhibit_searched,6,NA,NA,1,3,2,NA,0,nico,NA,NA
20221025,4,3,a_chimp,riet,sleep_room,0,no,no,10,2,shanga,daniel,inhibit_searched,7,NA,NA,2,1,3,NA,0,nico,NA,NA
20221025,4,3,a_chimp,riet,sleep_room,0,no,no,10,2,shanga,daniel,inhibit_searched,8,NA,NA,3,2,1,NA,0,nico,NA,NA
20221025,4,3,a_chimp,riet,sleep_room,0,no,no,10,2,shanga,daniel,inhibit_searched,9,NA,NA,3,2,1,NA,0,nico,NA,NA
20221025,4,3,a_chimp,riet,sleep_room,0,no,no,10,2,shanga,daniel,inhibit_searched,10,NA,NA,1,2,3,NA,0,nico,NA,NA
20221025,4,3,a_chimp,riet,sleep_room,0,no,no,10,2,shanga,daniel,inhibit_searched,11,NA,NA,3,2,1,NA,0,nico,NA,NA
20221025,4,3,a_chimp,riet,sleep_room,0,no,no,10,2,shanga,daniel,inhibit_searched,12,NA,NA,3,2,1,NA,0,nico,NA,NA
20221025,4,3,a_chimp,natascha,sleep_room,0,no,no,9,5,"youma, makeni",daniel,inhibit_searched,2,NA,NA,3,1,2,NA,0,nico,NA,NA
20221222,5,3,a_chimp,kisha,sleep_room,0,no,no,41,7,"frank, ohini, fraukje",nico,inhibit_searched,1,NA,NA,1,2,2,NA,1,nico,NA,NA
20221222,5,3,a_chimp,kisha,sleep_room,0,no,no,41,7,"frank, ohini, fraukje",nico,inhibit_searched,2,NA,NA,3,1,2,NA,0,nico,NA,NA
20221222,5,3,a_chimp,kisha,sleep_room,0,no,no,41,7,"frank, ohini, fraukje",nico,inhibit_searched,3,NA,NA,1,2,3,NA,0,nico,NA,NA
20221222,5,3,a_chimp,kisha,sleep_room,0,no,no,41,7,"frank, ohini, fraukje",nico,inhibit_searched,4,NA,NA,2,1,2,NA,1,nico,NA,NA
20221222,5,3,a_chimp,kisha,sleep_room,0,no,no,41,7,"frank, ohini, fraukje",nico,inhibit_searched,5,NA,NA,1,2,3,NA,0,nico,NA,NA
20221222,5,3,a_chimp,kisha,sleep_room,0,no,no,41,7,"frank, ohini, fraukje",nico,inhibit_searched,6,NA,NA,1,2,3,NA,0,nico,NA,NA
20221222,5,3,a_chimp,kisha,sleep_room,0,no,no,41,7,"frank, ohini, fraukje",nico,inhibit_searched,7,NA,NA,3,2,1,NA,0,nico,NA,NA
20221222,5,3,a_chimp,kisha,sleep_room,0,no,no,41,7,"frank, ohini, fraukje",nico,inhibit_searched,8,NA,NA,1,1,2,NA,1,nico,NA,NA
20221222,5,3,a_chimp,kisha,sleep_room,0,no,no,41,7,"frank, ohini, fraukje",nico,inhibit_searched,9,NA,NA,1,2,3,NA,0,nico,NA,NA
20221222,5,3,a_chimp,kisha,sleep_room,0,no,no,41,7,"frank, ohini, fraukje",nico,inhibit_searched,10,NA,NA,2,2,3,NA,1,nico,NA,NA
20221222,5,3,a_chimp,kisha,sleep_room,0,no,no,41,7,"frank, ohini, fraukje",nico,inhibit_searched,11,NA,NA,2,3,1,NA,0,nico,finger in mesh,NA
20221222,5,3,a_chimp,kisha,sleep_room,0,no,no,41,7,"frank, ohini, fraukje",nico,inhibit_searched,12,NA,NA,2,1,3,NA,0,nico,NA,NA
20221222,5,3,a_chimp,ohini,sleep_room,0,no,no,27,12,"kisha, frank, fraukje",nico,inhibit_searched,1,NA,NA,2,1,3,NA,0,nico,NA,NA
20221222,5,3,a_chimp,ohini,sleep_room,0,no,no,27,12,"kisha, frank, fraukje",nico,inhibit_searched,2,NA,NA,3,2,1,NA,0,nico,NA,NA
20221222,5,3,a_chimp,ohini,sleep_room,0,no,no,27,12,"kisha, frank, fraukje",nico,inhibit_searched,3,NA,NA,3,2,1,NA,0,nico,NA,NA
20221222,5,3,a_chimp,ohini,sleep_room,0,no,no,27,12,"kisha, frank, fraukje",nico,inhibit_searched,4,NA,NA,3,2,1,NA,0,nico,NA,NA
20221222,5,3,a_chimp,ohini,sleep_room,0,no,no,27,12,"kisha, frank, fraukje",nico,inhibit_searched,5,NA,NA,3,2,1,NA,0,nico,NA,NA
20221222,5,3,a_chimp,ohini,sleep_room,0,no,no,27,12,"kisha, frank, fraukje",nico,inhibit_searched,6,NA,NA,3,2,1,NA,0,nico,NA,NA
20221222,5,3,a_chimp,ohini,sleep_room,0,no,no,27,12,"kisha, frank, fraukje",nico,inhibit_searched,7,NA,NA,3,2,1,NA,0,nico,NA,NA
20221222,5,3,a_chimp,ohini,sleep_room,0,no,no,27,12,"kisha, frank, fraukje",nico,inhibit_searched,8,NA,NA,3,2,1,NA,0,nico,NA,NA
20221222,5,3,a_chimp,ohini,sleep_room,0,no,no,27,12,"kisha, frank, fraukje",nico,inhibit_searched,9,NA,NA,3,2,1,NA,0,nico,NA,NA
20221222,5,3,a_chimp,ohini,sleep_room,0,no,no,27,12,"kisha, frank, fraukje",nico,inhibit_searched,10,NA,NA,3,2,1,NA,0,nico,NA,NA
20221222,5,3,a_chimp,ohini,sleep_room,0,no,no,27,12,"kisha, frank, fraukje",nico,inhibit_searched,11,NA,NA,3,2,1,NA,0,nico,NA,NA
20221222,5,3,a_chimp,ohini,sleep_room,0,no,no,27,12,"kisha, frank, fraukje",nico,inhibit_searched,12,NA,NA,3,2,1,NA,0,nico,NA,NA
20221222,5,3,a_chimp,makeni,sleep_room,0,no,no,24,13,NA,nico,inhibit_searched,1,NA,NA,1,3,2,NA,0,nico,NA,NA
20221222,5,3,a_chimp,makeni,sleep_room,0,no,no,24,13,NA,nico,inhibit_searched,2,NA,NA,3,2,1,NA,0,nico,NA,NA
20221222,5,3,a_chimp,makeni,sleep_room,0,no,no,24,13,NA,nico,inhibit_searched,3,NA,NA,3,2,1,NA,0,nico,NA,NA
20221222,5,3,a_chimp,makeni,sleep_room,0,no,no,24,13,NA,nico,inhibit_searched,4,NA,NA,3,2,1,NA,0,nico,NA,NA
20221222,5,3,a_chimp,makeni,sleep_room,0,no,no,24,13,NA,nico,inhibit_searched,5,NA,NA,3,2,1,NA,0,nico,NA,NA
20221222,5,3,a_chimp,makeni,sleep_room,0,no,no,24,13,NA,nico,inhibit_searched,6,NA,NA,3,2,1,NA,0,nico,NA,NA
20221222,5,3,a_chimp,makeni,sleep_room,0,no,no,24,13,NA,nico,inhibit_searched,7,NA,NA,3,2,1,NA,0,nico,finger in mesh,NA
20221222,5,3,a_chimp,makeni,sleep_room,0,no,no,24,13,NA,nico,inhibit_searched,8,NA,NA,3,1,2,NA,0,nico,NA,NA
20221222,5,3,a_chimp,makeni,sleep_room,0,no,no,24,13,NA,nico,inhibit_searched,9,NA,NA,1,2,2,NA,1,nico,NA,NA
20221222,5,3,a_chimp,makeni,sleep_room,0,no,no,24,13,NA,nico,inhibit_searched,10,NA,NA,1,2,3,NA,0,nico,finger in mesh,NA
20221222,5,3,a_chimp,makeni,sleep_room,0,no,no,24,13,NA,nico,inhibit_searched,11,NA,NA,3,3,2,NA,1,nico,NA,NA
20221222,5,3,a_chimp,makeni,sleep_room,0,no,no,24,13,NA,nico,inhibit_searched,12,NA,NA,3,1,2,NA,0,nico,NA,NA
20221222,5,3,a_chimp,youma,sleep_room,0,no,no,27,13,"natascha, makeni, fraukje",nico,inhibit_searched,1,NA,NA,1,1,2,NA,1,nico,NA,NA
20221222,5,3,a_chimp,youma,sleep_room,0,no,no,27,13,"natascha, makeni, fraukje",nico,inhibit_searched,2,NA,NA,1,1,2,NA,1,nico,NA,NA
20221222,5,3,a_chimp,youma,sleep_room,0,no,no,27,13,"natascha, makeni, fraukje",nico,inhibit_searched,3,NA,NA,1,2,1,NA,1,nico,NA,NA
20221222,5,3,a_chimp,youma,sleep_room,0,no,no,27,13,"natascha, makeni, fraukje",nico,inhibit_searched,4,NA,NA,1,2,2,NA,1,nico,NA,NA
20221222,5,3,a_chimp,youma,sleep_room,0,no,no,27,13,"natascha, makeni, fraukje",nico,inhibit_searched,5,NA,NA,1,1,2,NA,1,nico,finger in mesh,NA
20221222,5,3,a_chimp,youma,sleep_room,0,no,no,27,13,"natascha, makeni, fraukje",nico,inhibit_searched,6,NA,NA,1,1,2,NA,1,nico,finger in mesh,NA
20221222,5,3,a_chimp,youma,sleep_room,0,no,no,27,13,"natascha, makeni, fraukje",nico,inhibit_searched,7,NA,NA,1,2,2,NA,1,nico,NA,NA
20221222,5,3,a_chimp,youma,sleep_room,0,no,no,27,13,"natascha, makeni, fraukje",nico,inhibit_searched,8,NA,NA,1,2,2,NA,1,nico,NA,NA
20221222,5,3,a_chimp,youma,sleep_room,0,no,no,27,13,"natascha, makeni, fraukje",nico,inhibit_searched,9,NA,NA,1,2,2,NA,1,nico,NA,NA
20221222,5,3,a_chimp,youma,sleep_room,0,no,no,27,13,"natascha, makeni, fraukje",nico,inhibit_searched,10,NA,NA,1,2,2,NA,1,nico,NA,NA
20221222,5,3,a_chimp,youma,sleep_room,0,no,no,27,13,"natascha, makeni, fraukje",nico,inhibit_searched,11,NA,NA,2,1,2,NA,1,nico,NA,NA
20221222,5,3,a_chimp,youma,sleep_room,0,no,no,27,13,"natascha, makeni, fraukje",nico,inhibit_searched,12,NA,NA,1,1,2,NA,1,nico,NA,NA
20221222,5,3,a_chimp,maja,sleep_room,0,no,no,38,9,NA,nico,inhibit_searched,1,NA,NA,3,2,1,NA,0,nico,NA,NA
20221222,5,3,a_chimp,maja,sleep_room,0,no,no,38,9,NA,nico,inhibit_searched,2,NA,NA,3,2,1,NA,0,nico,NA,NA
20221222,5,3,a_chimp,maja,sleep_room,0,no,no,38,9,NA,nico,inhibit_searched,3,NA,NA,1,2,3,NA,0,nico,both sides,NA
20221222,5,3,a_chimp,maja,sleep_room,0,no,no,38,9,NA,nico,inhibit_searched,4,NA,NA,3,2,1,NA,0,nico,NA,NA
20221222,5,3,a_chimp,maja,sleep_room,0,no,no,38,9,NA,nico,inhibit_searched,5,NA,NA,3,2,1,NA,0,nico,NA,NA
20221222,5,3,a_chimp,maja,sleep_room,0,no,no,38,9,NA,nico,inhibit_searched,6,NA,NA,3,2,1,NA,0,nico,NA,NA
20221222,5,3,a_chimp,maja,sleep_room,0,no,no,38,9,NA,nico,inhibit_searched,7,NA,NA,1,3,2,NA,0,nico,both sides,NA
20221219,5,3,a_chimp,sandra,sleep_room,0,no,no,36,5,NA,stefan,inhibit_searched,1,NA,NA,1,2,3,NA,0,nico,NA,NA
20221219,5,3,a_chimp,sandra,sleep_room,0,no,no,36,5,NA,stefan,inhibit_searched,2,NA,NA,3,2,1,NA,0,nico,NA,NA
20221219,5,3,a_chimp,sandra,sleep_room,0,no,no,36,5,NA,stefan,inhibit_searched,3,NA,NA,3,2,1,NA,0,nico,NA,NA
20221219,5,3,a_chimp,sandra,sleep_room,0,no,no,36,5,NA,stefan,inhibit_searched,4,NA,NA,3,2,1,NA,0,nico,NA,NA
20221219,5,3,a_chimp,sandra,sleep_room,0,no,no,36,5,NA,stefan,inhibit_searched,5,NA,NA,3,2,1,NA,0,nico,NA,NA
20221219,5,3,a_chimp,sandra,sleep_room,0,no,no,36,5,NA,stefan,inhibit_searched,6,NA,NA,3,2,1,NA,0,nico,NA,NA
20221219,5,3,a_chimp,sandra,sleep_room,0,no,no,36,5,NA,stefan,inhibit_searched,7,NA,NA,3,2,1,NA,0,nico,NA,NA
20221219,5,3,a_chimp,sandra,sleep_room,0,no,no,36,5,NA,stefan,inhibit_searched,8,NA,NA,3,2,1,NA,0,nico,NA,NA
20221219,5,3,a_chimp,sandra,sleep_room,0,no,no,36,5,NA,stefan,inhibit_searched,9,NA,NA,3,2,1,NA,0,nico,NA,NA
20221219,5,3,a_chimp,sandra,sleep_room,0,no,no,36,5,NA,stefan,inhibit_searched,10,NA,NA,3,2,1,NA,0,nico,NA,NA
20221219,5,3,a_chimp,sandra,sleep_room,0,no,no,36,5,NA,stefan,inhibit_searched,11,NA,NA,3,2,1,NA,0,nico,NA,NA
20221219,5,3,a_chimp,sandra,sleep_room,0,no,no,36,5,NA,stefan,inhibit_searched,12,NA,NA,3,2,1,NA,0,nico,NA,NA
20221219,5,3,a_chimp,fraukje,sleep_room,0,no,no,59,8,"azibo, swela",stefan,inhibit_searched,1,NA,NA,2,3,1,NA,0,nico,NA,NA
20221219,5,3,a_chimp,fraukje,sleep_room,0,no,no,59,8,"azibo, swela",stefan,inhibit_searched,2,NA,NA,2,3,1,NA,0,nico,NA,NA
20221219,5,3,a_chimp,fraukje,sleep_room,0,no,no,59,8,"azibo, swela",stefan,inhibit_searched,3,NA,NA,2,3,1,NA,0,nico,NA,NA
20221219,5,3,a_chimp,fraukje,sleep_room,0,no,no,59,8,"azibo, swela",stefan,inhibit_searched,4,NA,NA,1,2,3,NA,0,nico,NA,NA
20221219,5,3,a_chimp,fraukje,sleep_room,0,no,no,59,8,"azibo, swela",stefan,inhibit_searched,5,NA,NA,3,1,2,NA,0,nico,NA,NA
20221219,5,3,a_chimp,fraukje,sleep_room,0,no,no,59,8,"azibo, swela",stefan,inhibit_searched,6,NA,NA,3,1,2,NA,0,nico,NA,NA
20221219,5,3,a_chimp,fraukje,sleep_room,0,no,no,59,8,"azibo, swela",stefan,inhibit_searched,7,NA,NA,3,2,1,NA,0,nico,NA,NA
20221219,5,3,a_chimp,fraukje,sleep_room,0,no,no,59,8,"azibo, swela",stefan,inhibit_searched,8,NA,NA,3,2,1,NA,0,nico,NA,NA
20221219,5,3,a_chimp,fraukje,sleep_room,0,no,no,59,8,"azibo, swela",stefan,inhibit_searched,9,NA,NA,2,3,1,NA,0,nico,NA,NA
20221219,5,3,a_chimp,fraukje,sleep_room,0,no,no,59,8,"azibo, swela",stefan,inhibit_searched,10,NA,NA,2,1,3,NA,0,nico,NA,NA
20221219,5,3,a_chimp,fraukje,sleep_room,0,no,no,59,8,"azibo, swela",stefan,inhibit_searched,11,NA,NA,2,1,3,NA,0,nico,NA,NA
20221219,5,3,a_chimp,fraukje,sleep_room,0,no,no,59,8,"azibo, swela",stefan,inhibit_searched,12,NA,NA,1,2,3,NA,0,nico,NA,NA
20221219,5,3,a_chimp,natascha,sleep_room,0,no,no,34,5,"makeni, youma, frodo, fraukje, carola",stefan,inhibit_searched,1,NA,NA,1,2,2,NA,1,nico,NA,NA
20221219,5,3,a_chimp,natascha,sleep_room,0,no,no,34,5,"makeni, youma, frodo, fraukje, carola",stefan,inhibit_searched,2,NA,NA,1,2,2,NA,1,nico,NA,NA
20221219,5,3,a_chimp,natascha,sleep_room,0,no,no,34,5,"makeni, youma, frodo, fraukje, carola",stefan,inhibit_searched,3,NA,NA,1,1,2,NA,1,nico,away,NA
20221219,5,3,a_chimp,tai,sleep_room,0,no,no,60,3,NA,stefan,inhibit_searched,1,NA,NA,1,2,3,NA,0,nico,NA,NA
20221219,5,3,a_chimp,tai,sleep_room,0,no,no,60,3,NA,stefan,inhibit_searched,2,NA,NA,3,1,2,NA,0,nico,NA,NA
20221219,5,3,a_chimp,tai,sleep_room,0,no,no,60,3,NA,stefan,inhibit_searched,3,NA,NA,3,2,1,NA,0,nico,NA,NA
20221219,5,3,a_chimp,tai,sleep_room,0,no,no,60,3,NA,stefan,inhibit_searched,4,NA,NA,1,2,3,NA,0,nico,NA,NA
20221219,5,3,a_chimp,tai,sleep_room,0,no,no,60,3,NA,stefan,inhibit_searched,5,NA,NA,3,2,1,NA,0,nico,NA,NA
20221219,5,3,a_chimp,tai,sleep_room,0,no,no,60,3,NA,stefan,inhibit_searched,6,NA,NA,3,2,1,NA,0,nico,NA,NA
20221219,5,3,a_chimp,tai,sleep_room,0,no,no,60,3,NA,stefan,inhibit_searched,7,NA,NA,3,2,1,NA,0,nico,NA,NA
20221219,5,3,a_chimp,tai,sleep_room,0,no,no,60,3,NA,stefan,inhibit_searched,8,NA,NA,3,2,1,NA,0,nico,NA,NA
20221219,5,3,a_chimp,tai,sleep_room,0,no,no,60,3,NA,stefan,inhibit_searched,9,NA,NA,3,2,1,NA,0,nico,NA,NA
20221219,5,3,a_chimp,tai,sleep_room,0,no,no,60,3,NA,stefan,inhibit_searched,10,NA,NA,3,2,1,NA,0,nico,NA,NA
20221219,5,3,a_chimp,tai,sleep_room,0,no,no,60,3,NA,stefan,inhibit_searched,11,NA,NA,3,2,1,NA,0,nico,NA,NA
20221219,5,3,a_chimp,tai,sleep_room,0,no,no,60,3,NA,stefan,inhibit_searched,12,NA,NA,3,2,1,NA,0,nico,NA,NA
20221219,5,3,a_chimp,frodo,sleep_room,0,yes,no,61,1,NA,stefan,inhibit_searched,1,NA,NA,2,1,3,NA,0,nico,NA,NA
20221219,5,3,a_chimp,frodo,sleep_room,0,yes,no,61,1,NA,stefan,inhibit_searched,2,NA,NA,2,1,3,NA,0,nico,NA,NA
20221219,5,3,a_chimp,frodo,sleep_room,0,yes,no,61,1,NA,stefan,inhibit_searched,3,NA,NA,2,1,3,NA,0,nico,NA,NA
20221219,5,3,a_chimp,frodo,sleep_room,0,yes,no,61,1,NA,stefan,inhibit_searched,4,NA,NA,1,2,3,NA,0,nico,NA,NA
20221219,5,3,a_chimp,frodo,sleep_room,0,yes,no,61,1,NA,stefan,inhibit_searched,5,NA,NA,2,3,1,NA,0,nico,NA,NA
20221219,5,3,a_chimp,frodo,sleep_room,0,yes,no,61,1,NA,stefan,inhibit_searched,6,NA,NA,2,1,3,NA,0,nico,NA,NA
20221219,5,3,a_chimp,frodo,sleep_room,0,yes,no,61,1,NA,stefan,inhibit_searched,7,NA,NA,3,1,2,NA,0,nico,NA,NA
20221219,5,3,a_chimp,frodo,sleep_room,0,yes,no,61,1,NA,stefan,inhibit_searched,8,NA,NA,3,1,2,NA,0,nico,NA,NA
20221219,5,3,a_chimp,frodo,sleep_room,0,yes,no,61,1,NA,stefan,inhibit_searched,9,NA,NA,3,1,2,NA,0,nico,NA,NA
20221219,5,3,a_chimp,frodo,sleep_room,0,yes,no,61,1,NA,stefan,inhibit_searched,10,NA,NA,2,1,2,NA,1,nico,NA,NA
20221219,5,3,a_chimp,frodo,sleep_room,0,yes,no,61,1,NA,stefan,inhibit_searched,11,NA,NA,3,1,2,NA,0,nico,NA,NA
20221219,5,3,a_chimp,frodo,sleep_room,0,yes,no,61,1,NA,stefan,inhibit_searched,12,NA,NA,3,2,1,NA,0,nico,NA,NA
20221219,5,3,a_chimp,azibo,sleep_room,0,yes,no,35,11,"natascha, makeni, youma, tai, sandra, riet, swela",stefan,inhibit_searched,1,NA,NA,3,1,2,NA,0,nico,NA,NA
20221219,5,3,a_chimp,azibo,sleep_room,0,yes,no,35,11,"natascha, makeni, youma, tai, sandra, riet, swela",stefan,inhibit_searched,2,NA,NA,2,1,3,NA,0,nico,NA,NA
20221219,5,3,a_chimp,azibo,sleep_room,0,yes,no,35,11,"natascha, makeni, youma, tai, sandra, riet, swela",stefan,inhibit_searched,3,NA,NA,2,1,3,NA,0,nico,NA,NA
20221219,5,3,a_chimp,azibo,sleep_room,0,yes,no,35,11,"natascha, makeni, youma, tai, sandra, riet, swela",stefan,inhibit_searched,4,NA,NA,2,3,1,NA,0,nico,NA,NA
20221219,5,3,a_chimp,azibo,sleep_room,0,yes,no,35,11,"natascha, makeni, youma, tai, sandra, riet, swela",stefan,inhibit_searched,5,NA,NA,2,1,3,NA,0,nico,NA,NA
20221219,5,3,a_chimp,azibo,sleep_room,0,yes,no,35,11,"natascha, makeni, youma, tai, sandra, riet, swela",stefan,inhibit_searched,6,NA,NA,2,3,1,NA,0,nico,NA,NA
20221219,5,3,a_chimp,azibo,sleep_room,0,yes,no,35,11,"natascha, makeni, youma, tai, sandra, riet, swela",stefan,inhibit_searched,7,NA,NA,3,2,1,NA,0,nico,NA,NA
20221219,5,3,a_chimp,azibo,sleep_room,0,yes,no,35,11,"natascha, makeni, youma, tai, sandra, riet, swela",stefan,inhibit_searched,8,NA,NA,2,1,3,NA,0,nico,NA,NA
20221219,5,3,a_chimp,azibo,sleep_room,0,yes,no,35,11,"natascha, makeni, youma, tai, sandra, riet, swela",stefan,inhibit_searched,9,NA,NA,3,2,1,NA,0,nico,NA,NA
20221219,5,3,a_chimp,azibo,sleep_room,0,yes,no,35,11,"natascha, makeni, youma, tai, sandra, riet, swela",stefan,inhibit_searched,10,NA,NA,2,1,2,NA,1,nico,NA,NA
20221219,5,3,a_chimp,azibo,sleep_room,0,yes,no,35,11,"natascha, makeni, youma, tai, sandra, riet, swela",stefan,inhibit_searched,11,NA,NA,2,1,3,NA,0,nico,NA,NA
20221219,5,3,a_chimp,azibo,sleep_room,0,yes,no,35,11,"natascha, makeni, youma, tai, sandra, riet, swela",stefan,inhibit_searched,12,NA,NA,2,1,3,NA,0,nico,NA,NA
20221219,5,3,a_chimp,swela,sleep_room,0,yes,yes,32,6,"azibo, natascha, makeni, youma",stefan,inhibit_searched,1,NA,NA,2,1,1,NA,1,nico,NA,NA
20221219,5,3,a_chimp,swela,sleep_room,0,yes,yes,32,6,"azibo, natascha, makeni, youma",stefan,inhibit_searched,2,NA,NA,3,2,1,NA,0,nico,NA,NA
20221219,5,3,a_chimp,swela,sleep_room,0,yes,yes,32,6,"azibo, natascha, makeni, youma",stefan,inhibit_searched,3,NA,NA,1,2,3,NA,0,nico,NA,NA
20221219,5,3,a_chimp,swela,sleep_room,0,yes,yes,32,6,"azibo, natascha, makeni, youma",stefan,inhibit_searched,4,NA,NA,2,1,3,NA,0,nico,NA,NA
20221219,5,3,a_chimp,swela,sleep_room,0,yes,yes,32,6,"azibo, natascha, makeni, youma",stefan,inhibit_searched,5,NA,NA,1,2,3,NA,0,nico,NA,NA
20221219,5,3,a_chimp,swela,sleep_room,0,yes,yes,32,6,"azibo, natascha, makeni, youma",stefan,inhibit_searched,6,NA,NA,3,1,2,NA,0,nico,NA,NA
20221219,5,3,a_chimp,swela,sleep_room,0,yes,yes,32,6,"azibo, natascha, makeni, youma",stefan,inhibit_searched,7,NA,NA,2,3,1,NA,0,nico,NA,NA
20221219,5,3,a_chimp,swela,sleep_room,0,yes,yes,32,6,"azibo, natascha, makeni, youma",stefan,inhibit_searched,8,NA,NA,2,1,3,NA,0,nico,NA,NA
20221219,5,3,a_chimp,swela,sleep_room,0,yes,yes,32,6,"azibo, natascha, makeni, youma",stefan,inhibit_searched,9,NA,NA,1,2,3,NA,0,nico,NA,NA
20221219,5,3,a_chimp,swela,sleep_room,0,yes,yes,32,6,"azibo, natascha, makeni, youma",stefan,inhibit_searched,10,NA,NA,2,1,3,NA,0,nico,NA,NA
20221219,5,3,a_chimp,swela,sleep_room,0,yes,yes,32,6,"azibo, natascha, makeni, youma",stefan,inhibit_searched,11,NA,NA,1,2,3,NA,0,nico,NA,NA
20221219,5,3,a_chimp,swela,sleep_room,0,yes,yes,32,6,"azibo, natascha, makeni, youma",stefan,inhibit_searched,12,NA,NA,1,2,3,NA,0,nico,NA,NA
20230225,6,3,a_chimp,sandra,sleep_room,0,no,yes,41,5,NA,mark,inhibit_searched,1,NA,NA,3,2,1,NA,0,nico,NA,NA
20230225,6,3,a_chimp,sandra,sleep_room,0,no,yes,41,5,NA,mark,inhibit_searched,2,NA,NA,3,2,1,NA,0,nico,NA,NA
20230225,6,3,a_chimp,sandra,sleep_room,0,no,yes,41,5,NA,mark,inhibit_searched,3,NA,NA,3,2,1,NA,0,nico,NA,NA
20230225,6,3,a_chimp,sandra,sleep_room,0,no,yes,41,5,NA,mark,inhibit_searched,4,NA,NA,3,1,2,NA,0,nico,NA,NA
20230225,6,3,a_chimp,sandra,sleep_room,0,no,yes,41,5,NA,mark,inhibit_searched,5,NA,NA,3,1,2,NA,0,nico,NA,NA
20230225,6,3,a_chimp,sandra,sleep_room,0,no,yes,41,5,NA,mark,inhibit_searched,6,NA,NA,3,2,1,NA,0,nico,NA,NA
20230225,6,3,a_chimp,sandra,sleep_room,0,no,yes,41,5,NA,mark,inhibit_searched,7,NA,NA,3,2,1,NA,0,nico,NA,NA
20230225,6,3,a_chimp,sandra,sleep_room,0,no,yes,41,5,NA,mark,inhibit_searched,8,NA,NA,2,1,3,NA,0,nico,NA,NA
20230225,6,3,a_chimp,sandra,sleep_room,0,no,yes,41,5,NA,mark,inhibit_searched,9,NA,NA,2,1,3,NA,0,nico,NA,NA
20230225,6,3,a_chimp,sandra,sleep_room,0,no,yes,41,5,NA,mark,inhibit_searched,10,NA,NA,3,2,1,NA,0,nico,NA,NA
20230225,6,3,a_chimp,sandra,sleep_room,0,no,yes,41,5,NA,mark,inhibit_searched,11,NA,NA,3,2,1,NA,0,nico,NA,NA
20230225,6,3,a_chimp,sandra,sleep_room,0,no,yes,41,5,NA,mark,inhibit_searched,12,NA,NA,3,2,1,NA,0,nico,NA,NA
20230225,6,3,a_chimp,tai,sleep_room,0,no,no,23,3,sandra,mark,inhibit_searched,1,NA,NA,3,2,1,NA,0,nico,NA,NA
20230225,6,3,a_chimp,tai,sleep_room,0,no,no,23,3,sandra,mark,inhibit_searched,2,NA,NA,3,2,1,NA,0,nico,NA,NA
20230225,6,3,a_chimp,tai,sleep_room,0,no,no,23,3,sandra,mark,inhibit_searched,3,NA,NA,3,2,1,NA,0,nico,NA,NA
20230225,6,3,a_chimp,tai,sleep_room,0,no,no,23,3,sandra,mark,inhibit_searched,4,NA,NA,3,2,1,NA,0,nico,NA,NA
20230225,6,3,a_chimp,tai,sleep_room,0,no,no,23,3,sandra,mark,inhibit_searched,5,NA,NA,3,2,1,NA,0,nico,NA,NA
20230225,6,3,a_chimp,tai,sleep_room,0,no,no,23,3,sandra,mark,inhibit_searched,6,NA,NA,3,2,1,NA,0,nico,NA,NA
20230225,6,3,a_chimp,tai,sleep_room,0,no,no,23,3,sandra,mark,inhibit_searched,7,NA,NA,3,2,1,NA,0,nico,NA,NA
20230225,6,3,a_chimp,tai,sleep_room,0,no,no,23,3,sandra,mark,inhibit_searched,8,NA,NA,3,1,2,NA,0,nico,NA,NA
20230225,6,3,a_chimp,tai,sleep_room,0,no,no,23,3,sandra,mark,inhibit_searched,9,NA,NA,3,2,1,NA,0,nico,NA,NA
20230225,6,3,a_chimp,tai,sleep_room,0,no,no,23,3,sandra,mark,inhibit_searched,10,NA,NA,3,2,1,NA,0,nico,NA,NA
20230225,6,3,a_chimp,tai,sleep_room,0,no,no,23,3,sandra,mark,inhibit_searched,11,NA,NA,3,1,2,NA,0,nico,NA,NA
20230225,6,3,a_chimp,tai,sleep_room,0,no,no,23,3,sandra,mark,inhibit_searched,12,NA,NA,3,1,2,NA,0,nico,NA,NA
20230225,6,3,a_chimp,azibo,sleep_room,0,no,no,16,11,swela,mark,inhibit_searched,1,NA,NA,2,1,3,NA,0,nico,NA,NA
20230225,6,3,a_chimp,azibo,sleep_room,0,no,no,16,11,swela,mark,inhibit_searched,2,NA,NA,2,1,3,NA,0,nico,NA,NA
20230225,6,3,a_chimp,azibo,sleep_room,0,no,no,16,11,swela,mark,inhibit_searched,3,NA,NA,2,1,3,NA,0,nico,NA,NA
20230225,6,3,a_chimp,azibo,sleep_room,0,no,no,16,11,swela,mark,inhibit_searched,4,NA,NA,2,1,3,NA,0,nico,NA,NA
20230225,6,3,a_chimp,azibo,sleep_room,0,no,no,16,11,swela,mark,inhibit_searched,5,NA,NA,2,1,3,NA,0,nico,NA,NA
20230225,6,3,a_chimp,azibo,sleep_room,0,no,no,16,11,swela,mark,inhibit_searched,6,NA,NA,2,1,3,NA,0,nico,NA,NA
20230225,6,3,a_chimp,swela,sleep_room,0,no,no,41,6,NA,mark,inhibit_searched,1,NA,NA,3,1,2,NA,0,nico,NA,NA
20230225,6,3,a_chimp,swela,sleep_room,0,no,no,41,6,NA,mark,inhibit_searched,2,NA,NA,1,2,3,NA,0,nico,finger in mesh,NA
20230225,6,3,a_chimp,swela,sleep_room,0,no,no,41,6,NA,mark,inhibit_searched,3,NA,NA,2,3,1,NA,0,nico,NA,NA
20230225,6,3,a_chimp,swela,sleep_room,0,no,no,41,6,NA,mark,inhibit_searched,4,NA,NA,2,1,2,NA,1,nico,NA,NA
20230225,6,3,a_chimp,swela,sleep_room,0,no,no,41,6,NA,mark,inhibit_searched,5,NA,NA,2,3,1,NA,0,nico,NA,NA
20230225,6,3,a_chimp,swela,sleep_room,0,no,no,41,6,NA,mark,inhibit_searched,6,NA,NA,1,3,2,NA,0,nico,NA,NA
20230225,6,3,a_chimp,swela,sleep_room,0,no,no,41,6,NA,mark,inhibit_searched,7,NA,NA,2,1,3,NA,0,nico,NA,NA
20230225,6,3,a_chimp,swela,sleep_room,0,no,no,41,6,NA,mark,inhibit_searched,8,NA,NA,2,1,3,NA,0,nico,finger in men,NA
20230225,6,3,a_chimp,swela,sleep_room,0,no,no,41,6,NA,mark,inhibit_searched,9,NA,NA,1,2,3,NA,0,nico,finger in mesh,NA
20230225,6,3,a_chimp,swela,sleep_room,0,no,no,41,6,NA,mark,inhibit_searched,10,NA,NA,1,2,3,NA,0,nico,NA,NA
20230225,6,3,a_chimp,swela,sleep_room,0,no,no,41,6,NA,mark,inhibit_searched,11,NA,NA,2,1,3,NA,0,nico,both sides,NA
20230225,6,3,a_chimp,swela,sleep_room,0,no,no,41,6,NA,mark,inhibit_searched,12,NA,NA,1,2,3,NA,0,nico,finger in mesh,NA
20230225,6,3,a_chimp,fraukje,sleep_room,0,no,no,26,8,"swela, azibo, riet, frodo",mark,inhibit_searched,1,NA,NA,1,2,3,NA,0,nico,NA,NA
20230225,6,3,a_chimp,fraukje,sleep_room,0,no,no,26,8,"swela, azibo, riet, frodo",mark,inhibit_searched,2,NA,NA,1,2,3,NA,0,nico,NA,NA
20230225,6,3,a_chimp,fraukje,sleep_room,0,no,no,26,8,"swela, azibo, riet, frodo",mark,inhibit_searched,3,NA,NA,2,1,3,NA,0,nico,NA,NA
20230225,6,3,a_chimp,fraukje,sleep_room,0,no,no,26,8,"swela, azibo, riet, frodo",mark,inhibit_searched,4,NA,NA,2,3,1,NA,0,nico,NA,NA
20230225,6,3,a_chimp,fraukje,sleep_room,0,no,no,26,8,"swela, azibo, riet, frodo",mark,inhibit_searched,5,NA,NA,1,2,3,NA,0,nico,NA,NA
20230225,6,3,a_chimp,fraukje,sleep_room,0,no,no,26,8,"swela, azibo, riet, frodo",mark,inhibit_searched,6,NA,NA,1,2,3,NA,0,nico,NA,NA
20230225,6,3,a_chimp,fraukje,sleep_room,0,no,no,26,8,"swela, azibo, riet, frodo",mark,inhibit_searched,7,NA,NA,1,2,3,NA,0,nico,NA,NA
20230225,6,3,a_chimp,fraukje,sleep_room,0,no,no,26,8,"swela, azibo, riet, frodo",mark,inhibit_searched,8,NA,NA,2,3,1,NA,0,nico,NA,NA
20230225,6,3,a_chimp,fraukje,sleep_room,0,no,no,26,8,"swela, azibo, riet, frodo",mark,inhibit_searched,9,NA,NA,1,2,3,NA,0,nico,NA,NA
20230225,6,3,a_chimp,fraukje,sleep_room,0,no,no,26,8,"swela, azibo, riet, frodo",mark,inhibit_searched,10,NA,NA,3,2,1,NA,0,nico,NA,NA
20230225,6,3,a_chimp,fraukje,sleep_room,0,no,no,26,8,"swela, azibo, riet, frodo",mark,inhibit_searched,11,NA,NA,3,1,2,NA,0,nico,NA,NA
20230225,6,3,a_chimp,fraukje,sleep_room,0,no,no,26,8,"swela, azibo, riet, frodo",mark,inhibit_searched,12,NA,NA,2,3,1,NA,0,nico,NA,NA
20230225,6,3,a_chimp,makeni,sleep_room,0,no,no,4,13,"natascha, sandra, youma, tai",mark,inhibit_searched,1,NA,NA,3,2,1,NA,0,nico,NA,NA
20230225,6,3,a_chimp,makeni,sleep_room,0,no,no,4,13,"natascha, sandra, youma, tai",mark,inhibit_searched,2,NA,NA,3,2,1,NA,0,nico,NA,NA
20230225,6,3,a_chimp,makeni,sleep_room,0,no,no,4,13,"natascha, sandra, youma, tai",mark,inhibit_searched,3,NA,NA,3,2,1,NA,0,nico,NA,NA
20230225,6,3,a_chimp,makeni,sleep_room,0,no,no,4,13,"natascha, sandra, youma, tai",mark,inhibit_searched,4,NA,NA,3,2,1,NA,0,nico,NA,NA
20230225,6,3,a_chimp,makeni,sleep_room,0,no,no,4,13,"natascha, sandra, youma, tai",mark,inhibit_searched,5,NA,NA,3,2,1,NA,0,nico,NA,NA
20230225,6,3,a_chimp,makeni,sleep_room,0,no,no,4,13,"natascha, sandra, youma, tai",mark,inhibit_searched,6,NA,NA,3,2,1,NA,0,nico,NA,NA
20230225,6,3,a_chimp,makeni,sleep_room,0,no,no,4,13,"natascha, sandra, youma, tai",mark,inhibit_searched,7,NA,NA,3,2,1,NA,0,nico,NA,NA
20230225,6,3,a_chimp,makeni,sleep_room,0,no,no,4,13,"natascha, sandra, youma, tai",mark,inhibit_searched,8,NA,NA,3,2,1,NA,0,nico,NA,NA
20230225,6,3,a_chimp,makeni,sleep_room,0,no,no,4,13,"natascha, sandra, youma, tai",mark,inhibit_searched,9,NA,NA,3,2,1,NA,0,nico,NA,NA
20230225,6,3,a_chimp,makeni,sleep_room,0,no,no,4,13,"natascha, sandra, youma, tai",mark,inhibit_searched,10,NA,NA,3,2,1,NA,0,nico,NA,NA
20230225,6,3,a_chimp,makeni,sleep_room,0,no,no,4,13,"natascha, sandra, youma, tai",mark,inhibit_searched,11,NA,NA,3,2,1,NA,0,nico,NA,NA
20230225,6,3,a_chimp,makeni,sleep_room,0,no,no,4,13,"natascha, sandra, youma, tai",mark,inhibit_searched,12,NA,NA,3,2,1,NA,0,nico,NA,NA
20230225,6,3,a_chimp,youma,sleep_room,0,no,no,4,13,"makeni, natascha, sandra, tai",mark,inhibit_searched,1,NA,NA,1,2,3,NA,0,nico,NA,NA
20230225,6,3,a_chimp,youma,sleep_room,0,no,no,4,13,"makeni, natascha, sandra, tai",mark,inhibit_searched,2,NA,NA,2,3,1,NA,0,nico,NA,NA
20230225,6,3,a_chimp,youma,sleep_room,0,no,no,4,13,"makeni, natascha, sandra, tai",mark,inhibit_searched,3,NA,NA,3,2,2,NA,1,nico,NA,NA
20230225,6,3,a_chimp,youma,sleep_room,0,no,no,4,13,"makeni, natascha, sandra, tai",mark,inhibit_searched,4,NA,NA,1,2,3,NA,0,nico,NA,NA
20230225,6,3,a_chimp,youma,sleep_room,0,no,no,4,13,"makeni, natascha, sandra, tai",mark,inhibit_searched,5,NA,NA,2,2,2,NA,2,nico,NA,NA
20230225,6,3,a_chimp,youma,sleep_room,0,no,no,4,13,"makeni, natascha, sandra, tai",mark,inhibit_searched,6,NA,NA,1,2,3,NA,0,nico,NA,NA
20230225,6,3,a_chimp,youma,sleep_room,0,no,no,4,13,"makeni, natascha, sandra, tai",mark,inhibit_searched,7,NA,NA,1,2,2,NA,1,nico,NA,NA
20230225,6,3,a_chimp,youma,sleep_room,0,no,no,4,13,"makeni, natascha, sandra, tai",mark,inhibit_searched,8,NA,NA,1,2,2,NA,1,nico,NA,NA
20230225,6,3,a_chimp,youma,sleep_room,0,no,no,4,13,"makeni, natascha, sandra, tai",mark,inhibit_searched,9,NA,NA,1,2,2,NA,1,nico,NA,NA
20230225,6,3,a_chimp,youma,sleep_room,0,no,no,4,13,"makeni, natascha, sandra, tai",mark,inhibit_searched,10,NA,NA,1,2,1,NA,1,nico,NA,NA
20230225,6,3,a_chimp,youma,sleep_room,0,no,no,4,13,"makeni, natascha, sandra, tai",mark,inhibit_searched,11,NA,NA,1,2,2,NA,1,nico,NA,NA
20230225,6,3,a_chimp,youma,sleep_room,0,no,no,4,13,"makeni, natascha, sandra, tai",mark,inhibit_searched,12,NA,NA,1,2,2,NA,1,nico,NA,NA
20230301,6,3,a_chimp,frodo,sleep_room,0,no,no,44,1,NA,nico,inhibit_searched,1,NA,NA,3,2,1,NA,0,nico,NA,NA
20230301,6,3,a_chimp,frodo,sleep_room,0,no,no,44,1,NA,nico,inhibit_searched,2,NA,NA,3,1,2,NA,0,nico,NA,NA
20230301,6,3,a_chimp,frodo,sleep_room,0,no,no,44,1,NA,nico,inhibit_searched,3,NA,NA,2,1,3,NA,0,nico,NA,NA
20230301,6,3,a_chimp,frodo,sleep_room,0,no,no,44,1,NA,nico,inhibit_searched,4,NA,NA,1,2,3,NA,0,nico,NA,NA
20230301,6,3,a_chimp,frodo,sleep_room,0,no,no,44,1,NA,nico,inhibit_searched,5,NA,NA,3,1,2,NA,0,nico,NA,NA
20230301,6,3,a_chimp,frodo,sleep_room,0,no,no,44,1,NA,nico,inhibit_searched,6,NA,NA,2,3,1,NA,0,nico,NA,NA
20230301,6,3,a_chimp,frodo,sleep_room,0,no,no,44,1,NA,nico,inhibit_searched,7,NA,NA,3,1,2,NA,0,nico,NA,NA
20230301,6,3,a_chimp,frodo,sleep_room,0,no,no,44,1,NA,nico,inhibit_searched,8,NA,NA,2,1,3,NA,0,nico,NA,NA
20230301,6,3,a_chimp,frodo,sleep_room,0,no,no,44,1,NA,nico,inhibit_searched,9,NA,NA,3,1,2,NA,0,nico,NA,NA
20230301,6,3,a_chimp,frodo,sleep_room,0,no,no,44,1,NA,nico,inhibit_searched,10,NA,NA,3,1,2,NA,0,nico,NA,NA
20230301,6,3,a_chimp,frodo,sleep_room,0,no,no,44,1,NA,nico,inhibit_searched,11,NA,NA,2,3,1,NA,0,nico,NA,NA
20230301,6,3,a_chimp,frodo,sleep_room,0,no,no,44,1,NA,nico,inhibit_searched,12,NA,NA,2,1,2,NA,1,nico,NA,NA
20230301,6,3,a_chimp,riet,sleep_room,0,no,no,28,2,"corrie, badu, frodo",nico,inhibit_searched,1,NA,NA,3,1,2,NA,0,nico,finger in mesh,NA
20230301,6,3,a_chimp,riet,sleep_room,0,no,no,28,2,"corrie, badu, frodo",nico,inhibit_searched,2,NA,NA,3,2,1,NA,0,nico,NA,NA
20230301,6,3,a_chimp,riet,sleep_room,0,no,no,28,2,"corrie, badu, frodo",nico,inhibit_searched,3,NA,NA,3,2,1,NA,0,nico,NA,NA
20230301,6,3,a_chimp,riet,sleep_room,0,no,no,28,2,"corrie, badu, frodo",nico,inhibit_searched,4,NA,NA,1,3,2,NA,0,nico,NA,NA
20230301,6,3,a_chimp,riet,sleep_room,0,no,no,28,2,"corrie, badu, frodo",nico,inhibit_searched,5,NA,NA,1,3,2,NA,0,nico,NA,NA
20230301,6,3,a_chimp,riet,sleep_room,0,no,no,28,2,"corrie, badu, frodo",nico,inhibit_searched,6,NA,NA,3,2,1,NA,0,nico,NA,NA
20230301,6,3,a_chimp,riet,sleep_room,0,no,no,28,2,"corrie, badu, frodo",nico,inhibit_searched,7,NA,NA,3,2,1,NA,0,nico,NA,NA
20230301,6,3,a_chimp,riet,sleep_room,0,no,no,28,2,"corrie, badu, frodo",nico,inhibit_searched,8,NA,NA,3,2,1,NA,0,nico,NA,NA
20230301,6,3,a_chimp,riet,sleep_room,0,no,no,28,2,"corrie, badu, frodo",nico,inhibit_searched,9,NA,NA,1,2,3,NA,0,nico,NA,NA
20230301,6,3,a_chimp,riet,sleep_room,0,no,no,28,2,"corrie, badu, frodo",nico,inhibit_searched,10,NA,NA,3,2,1,NA,0,nico,NA,NA
20230301,6,3,a_chimp,riet,sleep_room,0,no,no,28,2,"corrie, badu, frodo",nico,inhibit_searched,11,NA,NA,3,2,1,NA,0,nico,NA,NA
20230301,6,3,a_chimp,riet,sleep_room,0,no,no,28,2,"corrie, badu, frodo",nico,inhibit_searched,12,NA,NA,3,2,1,NA,0,nico,NA,NA
20230301,6,3,a_chimp,kisha,sleep_room,0,no,no,33,7,"ohini, frank",nico,inhibit_searched,1,NA,NA,1,1,2,NA,1,nico,NA,NA
20230301,6,3,a_chimp,kisha,sleep_room,0,no,no,33,7,"ohini, frank",nico,inhibit_searched,2,NA,NA,1,2,3,NA,0,nico,NA,NA
20230301,6,3,a_chimp,kisha,sleep_room,0,no,no,33,7,"ohini, frank",nico,inhibit_searched,3,NA,NA,1,2,3,NA,0,nico,NA,NA
20230301,6,3,a_chimp,kisha,sleep_room,0,no,no,33,7,"ohini, frank",nico,inhibit_searched,4,NA,NA,2,1,2,NA,1,nico,NA,NA
20230301,6,3,a_chimp,kisha,sleep_room,0,no,no,33,7,"ohini, frank",nico,inhibit_searched,5,NA,NA,1,3,3,NA,1,nico,NA,NA
20230301,6,3,a_chimp,kisha,sleep_room,0,no,no,33,7,"ohini, frank",nico,inhibit_searched,6,NA,NA,2,3,2,NA,1,nico,frank disrupted,NA
20230301,6,3,a_chimp,maja,sleep_room,0,no,no,43,9,"frodo, riet",nico,inhibit_searched,1,NA,NA,1,2,3,NA,0,nico,NA,NA
20230301,6,3,a_chimp,maja,sleep_room,0,no,no,43,9,"frodo, riet",nico,inhibit_searched,2,NA,NA,1,2,3,NA,0,nico,NA,NA
20230301,6,3,a_chimp,maja,sleep_room,0,no,no,43,9,"frodo, riet",nico,inhibit_searched,3,NA,NA,1,2,3,NA,0,nico,NA,NA
20230301,6,3,a_chimp,maja,sleep_room,0,no,no,43,9,"frodo, riet",nico,inhibit_searched,4,NA,NA,1,2,3,NA,0,nico,NA,NA
20230301,6,3,a_chimp,maja,sleep_room,0,no,no,43,9,"frodo, riet",nico,inhibit_searched,5,NA,NA,1,2,3,NA,0,nico,NA,NA
20230301,6,3,a_chimp,maja,sleep_room,0,no,no,43,9,"frodo, riet",nico,inhibit_searched,6,NA,NA,1,2,3,NA,0,nico,NA,NA
20230301,6,3,a_chimp,maja,sleep_room,0,no,no,43,9,"frodo, riet",nico,inhibit_searched,7,NA,NA,1,2,3,NA,0,nico,NA,NA
20230301,6,3,a_chimp,maja,sleep_room,0,no,no,43,9,"frodo, riet",nico,inhibit_searched,8,NA,NA,1,2,3,NA,0,nico,NA,NA
20230301,6,3,a_chimp,maja,sleep_room,0,no,no,43,9,"frodo, riet",nico,inhibit_searched,9,NA,NA,1,2,3,NA,0,nico,finger in mesh,NA
20230301,6,3,a_chimp,maja,sleep_room,0,no,no,43,9,"frodo, riet",nico,inhibit_searched,10,NA,NA,1,2,3,NA,0,nico,NA,NA
20230301,6,3,a_chimp,maja,sleep_room,0,no,no,43,9,"frodo, riet",nico,inhibit_searched,11,NA,NA,1,2,3,NA,0,nico,NA,NA
20230301,6,3,a_chimp,maja,sleep_room,0,no,no,43,9,"frodo, riet",nico,inhibit_searched,12,NA,NA,3,2,1,NA,0,nico,NA,NA
20230301,6,3,a_chimp,ohini,sleep_room,0,no,no,24,12,"kisha, frank",nico,inhibit_searched,1,NA,NA,3,2,1,NA,0,nico,NA,NA
20230301,6,3,a_chimp,ohini,sleep_room,0,no,no,24,12,"kisha, frank",nico,inhibit_searched,2,NA,NA,3,1,2,NA,0,nico,NA,NA
20230301,6,3,a_chimp,ohini,sleep_room,0,no,no,24,12,"kisha, frank",nico,inhibit_searched,3,NA,NA,2,3,1,NA,0,nico,NA,NA
20230301,6,3,a_chimp,ohini,sleep_room,0,no,no,24,12,"kisha, frank",nico,inhibit_searched,4,NA,NA,3,2,1,NA,0,nico,NA,NA
20230301,6,3,a_chimp,ohini,sleep_room,0,no,no,24,12,"kisha, frank",nico,inhibit_searched,5,NA,NA,3,2,1,NA,0,nico,NA,NA
20230301,6,3,a_chimp,ohini,sleep_room,0,no,no,24,12,"kisha, frank",nico,inhibit_searched,6,NA,NA,3,2,1,NA,0,nico,NA,NA
20230301,6,3,a_chimp,ohini,sleep_room,0,no,no,24,12,"kisha, frank",nico,inhibit_searched,7,NA,NA,3,2,1,NA,0,nico,NA,NA
20230301,6,3,a_chimp,ohini,sleep_room,0,no,no,24,12,"kisha, frank",nico,inhibit_searched,8,NA,NA,3,2,1,NA,0,nico,NA,NA
20230301,6,3,a_chimp,ohini,sleep_room,0,no,no,24,12,"kisha, frank",nico,inhibit_searched,9,NA,NA,3,2,1,NA,0,nico,NA,NA
20230301,6,3,a_chimp,ohini,sleep_room,0,no,no,24,12,"kisha, frank",nico,inhibit_searched,10,NA,NA,3,2,1,NA,0,nico,noisy outside,NA
20230301,6,3,a_chimp,ohini,sleep_room,0,no,no,24,12,"kisha, frank",nico,inhibit_searched,11,NA,NA,3,2,1,NA,0,nico,NA,NA
20230301,6,3,a_chimp,ohini,sleep_room,0,no,no,24,12,"kisha, frank",nico,inhibit_searched,12,NA,NA,3,2,1,NA,0,nico,NA,NA
20230506,7,3,a_chimp,azibo,sleep_room,0,no,no,63,11,swela,nico,inhibit_searched,1,NA,NA,3,2,1,NA,0,nico,NA,NA
20230506,7,3,a_chimp,azibo,sleep_room,0,no,no,63,11,swela,nico,inhibit_searched,2,NA,NA,2,1,3,NA,0,nico,NA,NA
20230506,7,3,a_chimp,azibo,sleep_room,0,no,no,63,11,swela,nico,inhibit_searched,3,NA,NA,2,1,3,NA,0,nico,NA,NA
20230506,7,3,a_chimp,azibo,sleep_room,0,no,no,63,11,swela,nico,inhibit_searched,4,NA,NA,2,1,2,NA,1,nico,NA,NA
20230506,7,3,a_chimp,azibo,sleep_room,0,no,no,63,11,swela,nico,inhibit_searched,5,NA,NA,2,1,3,NA,0,nico,NA,NA
20230506,7,3,a_chimp,azibo,sleep_room,0,no,no,63,11,swela,nico,inhibit_searched,6,NA,NA,2,1,3,NA,0,nico,NA,NA
20230506,7,3,a_chimp,azibo,sleep_room,0,no,no,63,11,swela,nico,inhibit_searched,7,NA,NA,2,1,3,NA,0,nico,NA,NA
20230506,7,3,a_chimp,azibo,sleep_room,0,no,no,63,11,swela,nico,inhibit_searched,8,NA,NA,2,1,3,NA,0,nico,finger in mesh,NA
20230506,7,3,a_chimp,azibo,sleep_room,0,no,no,63,11,swela,nico,inhibit_searched,9,NA,NA,2,1,3,NA,0,nico,NA,NA
20230506,7,3,a_chimp,azibo,sleep_room,0,no,no,63,11,swela,nico,inhibit_searched,10,NA,NA,2,3,1,NA,0,nico,NA,NA
20230506,7,3,a_chimp,azibo,sleep_room,0,no,no,63,11,swela,nico,inhibit_searched,11,NA,NA,1,2,3,NA,0,nico,NA,NA
20230506,7,3,a_chimp,azibo,sleep_room,0,no,no,63,11,swela,nico,inhibit_searched,12,NA,NA,2,1,3,NA,0,nico,NA,NA
20230506,7,3,a_chimp,fraukje,sleep_room,0,no,no,82,8,carola,nico,inhibit_searched,1,NA,NA,2,3,1,NA,0,nico,NA,NA
20230506,7,3,a_chimp,fraukje,sleep_room,0,no,no,82,8,carola,nico,inhibit_searched,2,NA,NA,3,2,1,NA,0,nico,NA,NA
20230506,7,3,a_chimp,fraukje,sleep_room,0,no,no,82,8,carola,nico,inhibit_searched,3,NA,NA,2,3,1,NA,0,nico,NA,NA
20230506,7,3,a_chimp,fraukje,sleep_room,0,no,no,82,8,carola,nico,inhibit_searched,4,NA,NA,3,2,1,NA,0,nico,NA,NA
20230506,7,3,a_chimp,fraukje,sleep_room,0,no,no,82,8,carola,nico,inhibit_searched,5,NA,NA,3,2,1,NA,0,nico,NA,NA
20230506,7,3,a_chimp,fraukje,sleep_room,0,no,no,82,8,carola,nico,inhibit_searched,6,NA,NA,2,1,3,NA,0,nico,NA,NA
20230506,7,3,a_chimp,fraukje,sleep_room,0,no,no,82,8,carola,nico,inhibit_searched,7,NA,NA,3,1,2,NA,0,nico,NA,NA
20230506,7,3,a_chimp,fraukje,sleep_room,0,no,no,82,8,carola,nico,inhibit_searched,8,NA,NA,2,1,3,NA,0,nico,NA,NA
20230506,7,3,a_chimp,fraukje,sleep_room,0,no,no,82,8,carola,nico,inhibit_searched,9,NA,NA,1,2,3,NA,0,nico,carola disrupted,NA
20230506,7,3,a_chimp,fraukje,sleep_room,0,no,no,82,8,carola,nico,inhibit_searched,10,NA,NA,3,2,1,NA,0,nico,NA,NA
20230506,7,3,a_chimp,fraukje,sleep_room,0,no,no,82,8,carola,nico,inhibit_searched,11,NA,NA,3,2,1,NA,0,nico,NA,NA
20230506,7,3,a_chimp,fraukje,sleep_room,0,no,no,82,8,carola,nico,inhibit_searched,12,NA,NA,3,2,1,NA,0,nico,NA,NA
20230506,7,3,a_chimp,riet,sleep_room,0,no,no,59,2,"fraukje, carola",nico,inhibit_searched,1,NA,NA,2,1,3,NA,0,nico,NA,NA
20230506,7,3,a_chimp,riet,sleep_room,0,no,no,59,2,"fraukje, carola",nico,inhibit_searched,2,NA,NA,2,3,1,NA,0,nico,NA,NA
20230506,7,3,a_chimp,riet,sleep_room,0,no,no,59,2,"fraukje, carola",nico,inhibit_searched,3,NA,NA,2,1,3,NA,0,nico,NA,NA
20230506,7,3,a_chimp,riet,sleep_room,0,no,no,59,2,"fraukje, carola",nico,inhibit_searched,4,NA,NA,3,2,1,NA,0,nico,NA,NA
20230506,7,3,a_chimp,riet,sleep_room,0,no,no,59,2,"fraukje, carola",nico,inhibit_searched,5,NA,NA,3,2,1,NA,0,nico,NA,NA
20230506,7,3,a_chimp,riet,sleep_room,0,no,no,59,2,"fraukje, carola",nico,inhibit_searched,6,NA,NA,3,2,1,NA,0,nico,NA,NA
20230506,7,3,a_chimp,riet,sleep_room,0,no,no,59,2,"fraukje, carola",nico,inhibit_searched,7,NA,NA,3,2,1,NA,0,nico,NA,NA
20230506,7,3,a_chimp,riet,sleep_room,0,no,no,59,2,"fraukje, carola",nico,inhibit_searched,8,NA,NA,3,1,1,NA,1,nico,NA,NA
20230506,7,3,a_chimp,riet,sleep_room,0,no,no,59,2,"fraukje, carola",nico,inhibit_searched,9,NA,NA,1,2,3,NA,0,nico,NA,NA
20230506,7,3,a_chimp,swela,sleep_room,0,no,no,66,6,azibo,nico,inhibit_searched,1,NA,NA,1,2,3,NA,0,nico,NA,NA
20230506,7,3,a_chimp,swela,sleep_room,0,no,no,66,6,azibo,nico,inhibit_searched,2,NA,NA,2,3,1,NA,0,nico,NA,NA
20230506,7,3,a_chimp,swela,sleep_room,0,no,no,66,6,azibo,nico,inhibit_searched,3,NA,NA,2,3,1,NA,0,nico,NA,NA
20230506,7,3,a_chimp,swela,sleep_room,0,no,no,66,6,azibo,nico,inhibit_searched,4,NA,NA,2,1,3,NA,0,nico,NA,NA
20230506,7,3,a_chimp,swela,sleep_room,0,no,no,66,6,azibo,nico,inhibit_searched,5,NA,NA,2,3,1,NA,0,nico,NA,NA
20230506,7,3,a_chimp,swela,sleep_room,0,no,no,66,6,azibo,nico,inhibit_searched,6,NA,NA,2,3,1,NA,0,nico,NA,NA
20230506,7,3,a_chimp,swela,sleep_room,0,no,no,66,6,azibo,nico,inhibit_searched,7,NA,NA,3,2,1,NA,0,nico,NA,NA
20230506,7,3,a_chimp,swela,sleep_room,0,no,no,66,6,azibo,nico,inhibit_searched,8,NA,NA,2,3,1,NA,0,nico,NA,NA
20230506,7,3,a_chimp,swela,sleep_room,0,no,no,66,6,azibo,nico,inhibit_searched,9,NA,NA,2,3,1,NA,0,nico,NA,NA
20230506,7,3,a_chimp,swela,sleep_room,0,no,no,66,6,azibo,nico,inhibit_searched,10,NA,NA,2,3,1,NA,0,nico,NA,NA
20230506,7,3,a_chimp,swela,sleep_room,0,no,no,66,6,azibo,nico,inhibit_searched,11,NA,NA,2,3,1,NA,0,nico,NA,NA
20230506,7,3,a_chimp,swela,sleep_room,0,no,no,66,6,azibo,nico,inhibit_searched,12,NA,NA,2,3,1,NA,0,nico,NA,NA
20230506,7,3,a_chimp,youma,sleep_room,0,no,no,75,13,"natascha, fraukje",nico,inhibit_searched,1,NA,NA,1,1,1,NA,2,nico,NA,NA
20230506,7,3,a_chimp,youma,sleep_room,0,no,no,75,13,"natascha, fraukje",nico,inhibit_searched,2,NA,NA,2,3,3,NA,1,nico,NA,NA
20230506,7,3,a_chimp,youma,sleep_room,0,no,no,75,13,"natascha, fraukje",nico,inhibit_searched,3,NA,NA,1,2,2,NA,1,nico,NA,NA
20230506,7,3,a_chimp,youma,sleep_room,0,no,no,75,13,"natascha, fraukje",nico,inhibit_searched,4,NA,NA,1,2,1,NA,1,nico,NA,NA
20230506,7,3,a_chimp,youma,sleep_room,0,no,no,75,13,"natascha, fraukje",nico,inhibit_searched,5,NA,NA,1,2,3,NA,0,nico,NA,NA
20230506,7,3,a_chimp,youma,sleep_room,0,no,no,75,13,"natascha, fraukje",nico,inhibit_searched,6,NA,NA,1,2,3,NA,0,nico,NA,NA
20230506,7,3,a_chimp,youma,sleep_room,0,no,no,75,13,"natascha, fraukje",nico,inhibit_searched,7,NA,NA,1,2,3,NA,0,nico,NA,NA
20230506,7,3,a_chimp,youma,sleep_room,0,no,no,75,13,"natascha, fraukje",nico,inhibit_searched,8,NA,NA,1,2,2,NA,1,nico,NA,NA
20230506,7,3,a_chimp,youma,sleep_room,0,no,no,75,13,"natascha, fraukje",nico,inhibit_searched,9,NA,NA,1,2,3,NA,0,nico,NA,NA
20230506,7,3,a_chimp,youma,sleep_room,0,no,no,75,13,"natascha, fraukje",nico,inhibit_searched,10,NA,NA,1,1,2,NA,1,nico,NA,NA
20230506,7,3,a_chimp,youma,sleep_room,0,no,no,75,13,"natascha, fraukje",nico,inhibit_searched,11,NA,NA,1,2,3,NA,0,nico,finger in mesh,NA
20230506,7,3,a_chimp,youma,sleep_room,0,no,no,75,13,"natascha, fraukje",nico,inhibit_searched,12,NA,NA,1,2,3,NA,0,nico,NA,NA
20230506,7,3,a_chimp,sandra,sleep_room,0,no,no,51,4,"fraukje, youma, natascha",nico,inhibit_searched,1,NA,NA,1,2,3,NA,0,nico,NA,NA
20230506,7,3,a_chimp,sandra,sleep_room,0,no,no,51,4,"fraukje, youma, natascha",nico,inhibit_searched,2,NA,NA,3,2,1,NA,0,nico,NA,NA
20230506,7,3,a_chimp,sandra,sleep_room,0,no,no,51,4,"fraukje, youma, natascha",nico,inhibit_searched,3,NA,NA,3,2,1,NA,0,nico,finger in mesh,NA
20230506,7,3,a_chimp,sandra,sleep_room,0,no,no,51,4,"fraukje, youma, natascha",nico,inhibit_searched,4,NA,NA,3,2,1,NA,0,nico,NA,NA
20230506,7,3,a_chimp,sandra,sleep_room,0,no,no,51,4,"fraukje, youma, natascha",nico,inhibit_searched,5,NA,NA,3,2,1,NA,0,nico,NA,NA
20230506,7,3,a_chimp,sandra,sleep_room,0,no,no,51,4,"fraukje, youma, natascha",nico,inhibit_searched,6,NA,NA,1,3,2,NA,0,nico,NA,NA
20230506,7,3,a_chimp,sandra,sleep_room,0,no,no,51,4,"fraukje, youma, natascha",nico,inhibit_searched,7,NA,NA,3,2,1,NA,0,nico,NA,NA
20230506,7,3,a_chimp,sandra,sleep_room,0,no,no,51,4,"fraukje, youma, natascha",nico,inhibit_searched,8,NA,NA,3,2,1,NA,0,nico,finger in mesh,NA
20230506,7,3,a_chimp,sandra,sleep_room,0,no,no,51,4,"fraukje, youma, natascha",nico,inhibit_searched,9,NA,NA,3,2,1,NA,0,nico,NA,NA
20230506,7,3,a_chimp,sandra,sleep_room,0,no,no,51,4,"fraukje, youma, natascha",nico,inhibit_searched,10,NA,NA,3,2,1,NA,0,nico,NA,NA
20230506,7,3,a_chimp,sandra,sleep_room,0,no,no,51,4,"fraukje, youma, natascha",nico,inhibit_searched,11,NA,NA,3,2,1,NA,0,nico,NA,NA
20230506,7,3,a_chimp,sandra,sleep_room,0,no,no,51,4,"fraukje, youma, natascha",nico,inhibit_searched,12,NA,NA,3,2,1,NA,0,nico,NA,NA
20230506,7,3,a_chimp,tai,sleep_room,0,no,no,71,3,NA,nico,inhibit_searched,1,NA,NA,2,1,3,NA,0,nico,NA,NA
20230506,7,3,a_chimp,tai,sleep_room,0,no,no,71,3,NA,nico,inhibit_searched,2,NA,NA,3,1,2,NA,0,nico,NA,NA
20230506,7,3,a_chimp,tai,sleep_room,0,no,no,71,3,NA,nico,inhibit_searched,3,NA,NA,3,2,1,NA,0,nico,NA,NA
20230506,7,3,a_chimp,tai,sleep_room,0,no,no,71,3,NA,nico,inhibit_searched,4,NA,NA,3,2,1,NA,0,nico,NA,NA
20230506,7,3,a_chimp,tai,sleep_room,0,no,no,71,3,NA,nico,inhibit_searched,5,NA,NA,2,1,3,NA,0,nico,NA,NA
20230506,7,3,a_chimp,tai,sleep_room,0,no,no,71,3,NA,nico,inhibit_searched,6,NA,NA,3,2,1,NA,0,nico,NA,NA
20230506,7,3,a_chimp,tai,sleep_room,0,no,no,71,3,NA,nico,inhibit_searched,7,NA,NA,3,1,2,NA,0,nico,NA,NA
20230506,7,3,a_chimp,tai,sleep_room,0,no,no,71,3,NA,nico,inhibit_searched,8,NA,NA,3,2,1,NA,0,nico,NA,NA
20230506,7,3,a_chimp,tai,sleep_room,0,no,no,71,3,NA,nico,inhibit_searched,9,NA,NA,3,2,1,NA,0,nico,NA,NA
20230506,7,3,a_chimp,tai,sleep_room,0,no,no,71,3,NA,nico,inhibit_searched,10,NA,NA,3,2,1,NA,0,nico,NA,NA
20230506,7,3,a_chimp,tai,sleep_room,0,no,no,71,3,NA,nico,inhibit_searched,11,NA,NA,3,2,1,NA,0,nico,NA,NA
20230506,7,3,a_chimp,tai,sleep_room,0,no,no,71,3,NA,nico,inhibit_searched,12,NA,NA,3,2,1,NA,0,nico,NA,NA
20230511,7,3,a_chimp,frodo,sleep_room,0,yes,no,57,1,sandra,stefan,inhibit_searched,1,NA,NA,3,1,2,NA,0,nico,NA,NA
20230511,7,3,a_chimp,frodo,sleep_room,0,yes,no,57,1,sandra,stefan,inhibit_searched,2,NA,NA,3,2,1,NA,0,nico,NA,NA
20230511,7,3,a_chimp,frodo,sleep_room,0,yes,no,57,1,sandra,stefan,inhibit_searched,3,NA,NA,2,1,3,NA,0,nico,NA,NA
20230511,7,3,a_chimp,frodo,sleep_room,0,yes,no,57,1,sandra,stefan,inhibit_searched,4,NA,NA,1,2,3,NA,0,nico,NA,NA
20230511,7,3,a_chimp,frodo,sleep_room,0,yes,no,57,1,sandra,stefan,inhibit_searched,5,NA,NA,2,1,3,NA,0,nico,NA,NA
20230511,7,3,a_chimp,frodo,sleep_room,0,yes,no,57,1,sandra,stefan,inhibit_searched,6,NA,NA,3,2,1,NA,0,nico,NA,NA
20230511,7,3,a_chimp,frodo,sleep_room,0,yes,no,57,1,sandra,stefan,inhibit_searched,7,NA,NA,2,1,3,NA,0,nico,NA,NA
20230511,7,3,a_chimp,frodo,sleep_room,0,yes,no,57,1,sandra,stefan,inhibit_searched,8,NA,NA,3,2,1,NA,0,nico,NA,NA
20230511,7,3,a_chimp,frodo,sleep_room,0,yes,no,57,1,sandra,stefan,inhibit_searched,9,NA,NA,3,2,1,NA,0,nico,NA,NA
20230511,7,3,a_chimp,frodo,sleep_room,0,yes,no,57,1,sandra,stefan,inhibit_searched,10,NA,NA,3,2,1,NA,0,nico,NA,NA
20230511,7,3,a_chimp,frodo,sleep_room,0,yes,no,57,1,sandra,stefan,inhibit_searched,11,NA,NA,2,1,3,NA,0,nico,NA,NA
20230511,7,3,a_chimp,frodo,sleep_room,0,yes,no,57,1,sandra,stefan,inhibit_searched,12,NA,NA,3,2,1,NA,0,nico,NA,NA
20230511,7,3,a_chimp,ohini,sleep_room,0,yes,no,76,12,"kisha, frank",stefan,inhibit_searched,1,NA,NA,3,2,1,NA,0,nico,NA,NA
20230511,7,3,a_chimp,ohini,sleep_room,0,yes,no,76,12,"kisha, frank",stefan,inhibit_searched,2,NA,NA,3,2,1,NA,0,nico,NA,NA
20230511,7,3,a_chimp,ohini,sleep_room,0,yes,no,76,12,"kisha, frank",stefan,inhibit_searched,3,NA,NA,3,2,1,NA,0,nico,NA,NA
20230511,7,3,a_chimp,ohini,sleep_room,0,yes,no,76,12,"kisha, frank",stefan,inhibit_searched,4,NA,NA,3,2,1,NA,0,nico,NA,NA
20230511,7,3,a_chimp,ohini,sleep_room,0,yes,no,76,12,"kisha, frank",stefan,inhibit_searched,5,NA,NA,3,2,1,NA,0,nico,NA,NA
20230511,7,3,a_chimp,ohini,sleep_room,0,yes,no,76,12,"kisha, frank",stefan,inhibit_searched,6,NA,NA,3,2,1,NA,0,nico,NA,NA
20230511,7,3,a_chimp,ohini,sleep_room,0,yes,no,76,12,"kisha, frank",stefan,inhibit_searched,7,NA,NA,3,2,1,NA,0,nico,NA,NA
20230511,7,3,a_chimp,ohini,sleep_room,0,yes,no,76,12,"kisha, frank",stefan,inhibit_searched,8,NA,NA,3,2,1,NA,0,nico,NA,NA
20230511,7,3,a_chimp,ohini,sleep_room,0,yes,no,76,12,"kisha, frank",stefan,inhibit_searched,9,NA,NA,3,2,1,NA,0,nico,NA,NA
20230511,7,3,a_chimp,ohini,sleep_room,0,yes,no,76,12,"kisha, frank",stefan,inhibit_searched,10,NA,NA,3,2,1,NA,0,nico,NA,NA
20230511,7,3,a_chimp,ohini,sleep_room,0,yes,no,76,12,"kisha, frank",stefan,inhibit_searched,11,NA,NA,3,2,1,NA,0,nico,NA,NA
20230511,7,3,a_chimp,ohini,sleep_room,0,yes,no,76,12,"kisha, frank",stefan,inhibit_searched,12,NA,NA,3,1,2,NA,0,nico,NA,NA
20230511,7,3,a_chimp,kisha,sleep_room,0,no,no,85,7,"frank, ohini, corrie, maja, badu",stefan,inhibit_searched,1,NA,NA,1,2,1,NA,1,nico,frank was clingy whole session,NA
20230511,7,3,a_chimp,kisha,sleep_room,0,no,no,85,7,"frank, ohini, corrie, maja, badu",stefan,inhibit_searched,2,NA,NA,2,2,3,NA,1,nico,NA,NA
20230511,7,3,a_chimp,kisha,sleep_room,0,no,no,85,7,"frank, ohini, corrie, maja, badu",stefan,inhibit_searched,3,NA,NA,1,2,3,NA,0,nico,NA,NA
20230511,7,3,a_chimp,kisha,sleep_room,0,no,no,85,7,"frank, ohini, corrie, maja, badu",stefan,inhibit_searched,4,NA,NA,1,2,2,NA,1,nico,NA,NA
20230511,7,3,a_chimp,kisha,sleep_room,0,no,no,85,7,"frank, ohini, corrie, maja, badu",stefan,inhibit_searched,5,NA,NA,3,2,1,NA,0,nico,NA,NA
20230511,7,3,a_chimp,kisha,sleep_room,0,no,no,85,7,"frank, ohini, corrie, maja, badu",stefan,inhibit_searched,6,NA,NA,1,2,3,NA,0,nico,NA,NA
20230511,7,3,a_chimp,kisha,sleep_room,0,no,no,85,7,"frank, ohini, corrie, maja, badu",stefan,inhibit_searched,7,NA,NA,3,2,1,NA,0,nico,NA,NA
20230511,7,3,a_chimp,kisha,sleep_room,0,no,no,85,7,"frank, ohini, corrie, maja, badu",stefan,inhibit_searched,8,NA,NA,2,1,2,NA,1,nico,NA,NA
20230511,7,3,a_chimp,kisha,sleep_room,0,no,no,85,7,"frank, ohini, corrie, maja, badu",stefan,inhibit_searched,9,NA,NA,1,3,2,NA,0,nico,NA,NA
20230511,7,3,a_chimp,kisha,sleep_room,0,no,no,85,7,"frank, ohini, corrie, maja, badu",stefan,inhibit_searched,10,NA,NA,3,2,1,NA,0,nico,NA,NA
20230511,7,3,a_chimp,kisha,sleep_room,0,no,no,85,7,"frank, ohini, corrie, maja, badu",stefan,inhibit_searched,11,NA,NA,3,1,3,NA,1,nico,NA,NA
20230511,7,3,a_chimp,maja,sleep_room,0,no,no,86,9,"corrie, badu, natascha, makeni, youma",stefan,inhibit_searched,1,NA,NA,1,3,2,NA,0,nico,NA,NA
20230511,7,3,a_chimp,maja,sleep_room,0,no,no,86,9,"corrie, badu, natascha, makeni, youma",stefan,inhibit_searched,2,NA,NA,1,2,3,NA,0,nico,NA,NA
20230511,7,3,a_chimp,maja,sleep_room,0,no,no,86,9,"corrie, badu, natascha, makeni, youma",stefan,inhibit_searched,3,NA,NA,1,2,3,NA,0,nico,NA,NA
20230511,7,3,a_chimp,maja,sleep_room,0,no,no,86,9,"corrie, badu, natascha, makeni, youma",stefan,inhibit_searched,4,NA,NA,1,2,3,NA,0,nico,NA,NA
20230511,7,3,a_chimp,maja,sleep_room,0,no,no,86,9,"corrie, badu, natascha, makeni, youma",stefan,inhibit_searched,5,NA,NA,1,2,3,NA,0,nico,finger in mesh,NA
20230511,7,3,a_chimp,maja,sleep_room,0,no,no,86,9,"corrie, badu, natascha, makeni, youma",stefan,inhibit_searched,6,NA,NA,1,2,3,NA,0,nico,NA,NA
20230511,7,3,a_chimp,maja,sleep_room,0,no,no,86,9,"corrie, badu, natascha, makeni, youma",stefan,inhibit_searched,7,NA,NA,1,3,2,NA,0,nico,NA,NA
20230511,7,3,a_chimp,maja,sleep_room,0,no,no,86,9,"corrie, badu, natascha, makeni, youma",stefan,inhibit_searched,8,NA,NA,1,2,3,NA,0,nico,NA,NA
20230511,7,3,a_chimp,maja,sleep_room,0,no,no,86,9,"corrie, badu, natascha, makeni, youma",stefan,inhibit_searched,9,NA,NA,1,2,3,NA,0,nico,finger in mesh,NA
20230511,7,3,a_chimp,maja,sleep_room,0,no,no,86,9,"corrie, badu, natascha, makeni, youma",stefan,inhibit_searched,10,NA,NA,3,1,2,NA,0,nico,NA,NA
20230511,7,3,a_chimp,maja,sleep_room,0,no,no,86,9,"corrie, badu, natascha, makeni, youma",stefan,inhibit_searched,11,NA,NA,1,2,3,NA,0,nico,NA,NA
20230511,7,3,a_chimp,maja,sleep_room,0,no,no,86,9,"corrie, badu, natascha, makeni, youma",stefan,inhibit_searched,12,NA,NA,1,2,3,NA,0,nico,finger in mesh,NA
20230511,7,3,a_chimp,shanga,sleep_room,0,no,no,57,10,NA,stefan,inhibit_searched,1,NA,NA,2,3,1,NA,0,nico,NA,NA
20230511,7,3,a_chimp,shanga,sleep_room,0,no,no,57,10,NA,stefan,inhibit_searched,2,NA,NA,1,2,2,NA,1,nico,away,NA
20230511,7,3,a_chimp,shanga,sleep_room,0,no,no,57,10,NA,stefan,inhibit_searched,3,NA,NA,2,3,1,NA,0,nico,NA,NA
20230511,7,3,a_chimp,shanga,sleep_room,0,no,no,57,10,NA,stefan,inhibit_searched,4,NA,NA,1,2,3,NA,0,nico,NA,NA
20230511,7,3,a_chimp,shanga,sleep_room,0,no,no,57,10,NA,stefan,inhibit_searched,5,NA,NA,1,2,3,NA,0,nico,NA,NA
20230511,7,3,a_chimp,shanga,sleep_room,0,no,no,57,10,NA,stefan,inhibit_searched,6,NA,NA,1,2,3,NA,0,nico,NA,NA
20230622,8,3,a_chimp,sandra,sleep_room,0,no,no,20,4,"natascha, makeni, youma, fraukje, carola",nico,inhibit_searched,1,NA,NA,3,1,2,NA,0,nico,NA,NA
20230622,8,3,a_chimp,sandra,sleep_room,0,no,no,20,4,"natascha, makeni, youma, fraukje, carola",nico,inhibit_searched,2,NA,NA,3,2,1,NA,0,nico,NA,NA
20230622,8,3,a_chimp,sandra,sleep_room,0,no,no,20,4,"natascha, makeni, youma, fraukje, carola",nico,inhibit_searched,3,NA,NA,3,2,1,NA,0,nico,NA,NA
20230622,8,3,a_chimp,sandra,sleep_room,0,no,no,20,4,"natascha, makeni, youma, fraukje, carola",nico,inhibit_searched,4,NA,NA,3,2,1,NA,0,nico,NA,NA
20230622,8,3,a_chimp,sandra,sleep_room,0,no,no,20,4,"natascha, makeni, youma, fraukje, carola",nico,inhibit_searched,5,NA,NA,3,2,1,NA,0,nico,NA,NA
20230622,8,3,a_chimp,sandra,sleep_room,0,no,no,20,4,"natascha, makeni, youma, fraukje, carola",nico,inhibit_searched,6,NA,NA,3,2,1,NA,0,nico,NA,NA
20230622,8,3,a_chimp,sandra,sleep_room,0,no,no,20,4,"natascha, makeni, youma, fraukje, carola",nico,inhibit_searched,7,NA,NA,3,2,1,NA,0,nico,NA,NA
20230622,8,3,a_chimp,sandra,sleep_room,0,no,no,20,4,"natascha, makeni, youma, fraukje, carola",nico,inhibit_searched,8,NA,NA,2,2,3,NA,0,nico,NA,NA
20230622,8,3,a_chimp,sandra,sleep_room,0,no,no,20,4,"natascha, makeni, youma, fraukje, carola",nico,inhibit_searched,9,NA,NA,3,1,1,NA,0,nico,NA,NA
20230622,8,3,a_chimp,sandra,sleep_room,0,no,no,20,4,"natascha, makeni, youma, fraukje, carola",nico,inhibit_searched,10,NA,NA,3,2,1,NA,0,nico,NA,NA
20230622,8,3,a_chimp,sandra,sleep_room,0,no,no,20,4,"natascha, makeni, youma, fraukje, carola",nico,inhibit_searched,11,NA,NA,3,2,1,NA,0,nico,NA,NA
20230622,8,3,a_chimp,sandra,sleep_room,0,no,no,20,4,"natascha, makeni, youma, fraukje, carola",nico,inhibit_searched,12,NA,NA,3,2,1,NA,0,nico,NA,NA
20230622,8,3,a_chimp,frodo,sleep_room,0,yes,no,18,1,NA,nico,inhibit_searched,1,NA,NA,2,1,3,NA,0,nico,NA,NA
20230622,8,3,a_chimp,frodo,sleep_room,0,yes,no,18,1,NA,nico,inhibit_searched,2,NA,NA,3,1,2,NA,0,nico,NA,NA
20230622,8,3,a_chimp,frodo,sleep_room,0,yes,no,18,1,NA,nico,inhibit_searched,3,NA,NA,3,2,1,NA,0,nico,NA,NA
20230622,8,3,a_chimp,frodo,sleep_room,0,yes,no,18,1,NA,nico,inhibit_searched,4,NA,NA,3,2,1,NA,0,nico,NA,NA
20230622,8,3,a_chimp,frodo,sleep_room,0,yes,no,18,1,NA,nico,inhibit_searched,5,NA,NA,2,1,3,NA,0,nico,NA,NA
20230622,8,3,a_chimp,frodo,sleep_room,0,yes,no,18,1,NA,nico,inhibit_searched,6,NA,NA,3,2,1,NA,0,nico,NA,NA
20230622,8,3,a_chimp,frodo,sleep_room,0,yes,no,18,1,NA,nico,inhibit_searched,7,NA,NA,3,2,1,NA,0,nico,NA,NA
20230622,8,3,a_chimp,frodo,sleep_room,0,yes,no,18,1,NA,nico,inhibit_searched,8,NA,NA,3,2,1,NA,0,nico,NA,NA
20230622,8,3,a_chimp,frodo,sleep_room,0,yes,no,18,1,NA,nico,inhibit_searched,9,NA,NA,3,2,1,NA,0,nico,NA,NA
20230622,8,3,a_chimp,frodo,sleep_room,0,yes,no,18,1,NA,nico,inhibit_searched,10,NA,NA,3,2,1,NA,0,nico,NA,NA
20230622,8,3,a_chimp,frodo,sleep_room,0,yes,no,18,1,NA,nico,inhibit_searched,11,NA,NA,2,1,3,NA,0,nico,NA,NA
20230622,8,3,a_chimp,frodo,sleep_room,0,yes,no,18,1,NA,nico,inhibit_searched,12,NA,NA,3,2,1,NA,0,nico,NA,NA
20230622,8,3,a_chimp,youma,sleep_room,0,no,no,37,13,"natascha, makeni, frodo",nico,inhibit_searched,1,NA,NA,1,2,3,NA,0,nico,NA,NA
20230622,8,3,a_chimp,youma,sleep_room,0,no,no,37,13,"natascha, makeni, frodo",nico,inhibit_searched,2,NA,NA,1,2,2,NA,0,nico,NA,NA
20230622,8,3,a_chimp,youma,sleep_room,0,no,no,37,13,"natascha, makeni, frodo",nico,inhibit_searched,3,NA,NA,1,2,3,NA,0,nico,NA,NA
20230622,8,3,a_chimp,youma,sleep_room,0,no,no,37,13,"natascha, makeni, frodo",nico,inhibit_searched,4,NA,NA,1,3,2,NA,0,nico,finger in mesh,NA
20230622,8,3,a_chimp,youma,sleep_room,0,no,no,37,13,"natascha, makeni, frodo",nico,inhibit_searched,5,NA,NA,1,3,3,NA,1,nico,NA,NA
20230622,8,3,a_chimp,youma,sleep_room,0,no,no,37,13,"natascha, makeni, frodo",nico,inhibit_searched,6,NA,NA,1,2,3,NA,0,nico,NA,NA
20230622,8,3,a_chimp,youma,sleep_room,0,no,no,37,13,"natascha, makeni, frodo",nico,inhibit_searched,7,NA,NA,1,3,2,NA,0,nico,NA,NA
20230622,8,3,a_chimp,youma,sleep_room,0,no,no,37,13,"natascha, makeni, frodo",nico,inhibit_searched,8,NA,NA,1,2,3,NA,0,nico,NA,NA
20230622,8,3,a_chimp,youma,sleep_room,0,no,no,37,13,"natascha, makeni, frodo",nico,inhibit_searched,9,NA,NA,1,2,3,NA,0,nico,NA,NA
20230622,8,3,a_chimp,youma,sleep_room,0,no,no,37,13,"natascha, makeni, frodo",nico,inhibit_searched,10,NA,NA,1,3,2,NA,0,nico,NA,NA
20230622,8,3,a_chimp,youma,sleep_room,0,no,no,37,13,"natascha, makeni, frodo",nico,inhibit_searched,11,NA,NA,1,2,3,NA,0,nico,NA,NA
20230622,8,3,a_chimp,youma,sleep_room,0,no,no,37,13,"natascha, makeni, frodo",nico,inhibit_searched,12,NA,NA,1,3,2,NA,0,nico,NA,NA
20230622,8,3,a_chimp,makeni,sleep_room,0,no,no,24,13,"natascha, youma, frodo, fraukje, carola",nico,inhibit_searched,1,NA,NA,1,2,3,NA,0,nico,NA,NA
20230622,8,3,a_chimp,makeni,sleep_room,0,no,no,24,13,"natascha, youma, frodo, fraukje, carola",nico,inhibit_searched,2,NA,NA,1,2,3,NA,0,nico,NA,NA
20230622,8,3,a_chimp,makeni,sleep_room,0,no,no,24,13,"natascha, youma, frodo, fraukje, carola",nico,inhibit_searched,3,NA,NA,1,2,3,NA,0,nico,NA,NA
20230622,8,3,a_chimp,makeni,sleep_room,0,no,no,24,13,"natascha, youma, frodo, fraukje, carola",nico,inhibit_searched,4,NA,NA,1,2,3,NA,0,nico,NA,NA
20230622,8,3,a_chimp,makeni,sleep_room,0,no,no,24,13,"natascha, youma, frodo, fraukje, carola",nico,inhibit_searched,5,NA,NA,1,2,3,NA,0,nico,NA,NA
20230622,8,3,a_chimp,makeni,sleep_room,0,no,no,24,13,"natascha, youma, frodo, fraukje, carola",nico,inhibit_searched,6,NA,NA,1,2,3,NA,0,nico,NA,NA
20230622,8,3,a_chimp,makeni,sleep_room,0,no,no,24,13,"natascha, youma, frodo, fraukje, carola",nico,inhibit_searched,7,NA,NA,1,2,3,NA,0,nico,NA,NA
20230622,8,3,a_chimp,makeni,sleep_room,0,no,no,24,13,"natascha, youma, frodo, fraukje, carola",nico,inhibit_searched,8,NA,NA,1,2,3,NA,0,nico,NA,NA
20230622,8,3,a_chimp,makeni,sleep_room,0,no,no,24,13,"natascha, youma, frodo, fraukje, carola",nico,inhibit_searched,9,NA,NA,1,2,3,NA,0,nico,NA,NA
20230622,8,3,a_chimp,makeni,sleep_room,0,no,no,24,13,"natascha, youma, frodo, fraukje, carola",nico,inhibit_searched,10,NA,NA,1,2,3,NA,0,nico,NA,NA
20230622,8,3,a_chimp,makeni,sleep_room,0,no,no,24,13,"natascha, youma, frodo, fraukje, carola",nico,inhibit_searched,11,NA,NA,1,2,3,NA,0,nico,NA,NA
20230622,8,3,a_chimp,makeni,sleep_room,0,no,no,24,13,"natascha, youma, frodo, fraukje, carola",nico,inhibit_searched,12,NA,NA,1,2,3,NA,0,nico,NA,NA
20230622,8,3,a_chimp,natascha,sleep_room,0,no,no,15,5,"frodo, youma",nico,inhibit_searched,1,NA,NA,2,3,1,NA,0,nico,NA,NA
20230622,8,3,a_chimp,natascha,sleep_room,0,no,no,15,5,"frodo, youma",nico,inhibit_searched,2,NA,NA,3,1,1,NA,1,nico,away,NA
20230622,8,3,a_chimp,natascha,sleep_room,0,no,no,15,5,"frodo, youma",nico,inhibit_searched,3,NA,NA,2,3,1,NA,0,nico,NA,NA
20230622,8,3,a_chimp,natascha,sleep_room,0,no,no,15,5,"frodo, youma",nico,inhibit_searched,4,NA,NA,2,1,3,NA,0,nico,NA,NA
20230622,8,3,a_chimp,natascha,sleep_room,0,no,no,15,5,"frodo, youma",nico,inhibit_searched,5,NA,NA,2,1,2,NA,1,nico,NA,NA
20230622,8,3,a_chimp,natascha,sleep_room,0,no,no,15,5,"frodo, youma",nico,inhibit_searched,6,NA,NA,3,2,1,NA,0,nico,youma in the way,NA
20230622,8,3,a_chimp,natascha,sleep_room,0,no,no,15,5,"frodo, youma",nico,inhibit_searched,7,NA,NA,3,1,2,NA,0,nico,NA,NA
20230622,8,3,a_chimp,natascha,sleep_room,0,no,no,15,5,"frodo, youma",nico,inhibit_searched,8,NA,NA,3,1,3,NA,1,nico,youma in the way,NA
20230622,8,3,a_chimp,natascha,sleep_room,0,no,no,15,5,"frodo, youma",nico,inhibit_searched,9,NA,NA,2,3,1,NA,0,nico,NA,NA
20230622,8,3,a_chimp,natascha,sleep_room,0,no,no,15,5,"frodo, youma",nico,inhibit_searched,10,NA,NA,3,2,1,NA,0,nico,NA,NA
20230622,8,3,a_chimp,natascha,sleep_room,0,no,no,15,5,"frodo, youma",nico,inhibit_searched,11,NA,NA,2,3,2,NA,1,nico,NA,NA
20230622,8,3,a_chimp,natascha,sleep_room,0,no,no,15,5,"frodo, youma",nico,inhibit_searched,12,NA,NA,3,2,1,NA,0,nico,NA,NA
20230622,8,3,a_chimp,fraukje,sleep_room,0,no,no,28,8,"carola, frodo",nico,inhibit_searched,1,NA,NA,1,2,3,NA,0,nico,NA,NA
20230622,8,3,a_chimp,fraukje,sleep_room,0,no,no,28,8,"carola, frodo",nico,inhibit_searched,2,NA,NA,2,1,3,NA,0,nico,NA,NA
20230622,8,3,a_chimp,fraukje,sleep_room,0,no,no,28,8,"carola, frodo",nico,inhibit_searched,3,NA,NA,3,2,1,NA,0,nico,NA,NA
20230622,8,3,a_chimp,fraukje,sleep_room,0,no,no,28,8,"carola, frodo",nico,inhibit_searched,4,NA,NA,2,3,1,NA,0,nico,NA,NA
20230622,8,3,a_chimp,fraukje,sleep_room,0,no,no,28,8,"carola, frodo",nico,inhibit_searched,5,NA,NA,3,2,1,NA,0,nico,NA,NA
20230622,8,3,a_chimp,fraukje,sleep_room,0,no,no,28,8,"carola, frodo",nico,inhibit_searched,6,NA,NA,2,1,3,NA,0,nico,NA,NA
20230622,8,3,a_chimp,fraukje,sleep_room,0,no,no,28,8,"carola, frodo",nico,inhibit_searched,7,NA,NA,3,2,1,NA,0,nico,NA,NA
20230622,8,3,a_chimp,fraukje,sleep_room,0,no,no,28,8,"carola, frodo",nico,inhibit_searched,8,NA,NA,2,1,3,NA,0,nico,NA,NA
20230622,8,3,a_chimp,fraukje,sleep_room,0,no,no,28,8,"carola, frodo",nico,inhibit_searched,9,NA,NA,1,2,3,NA,0,nico,NA,NA
20230622,8,3,a_chimp,fraukje,sleep_room,0,no,no,28,8,"carola, frodo",nico,inhibit_searched,10,NA,NA,3,2,1,NA,0,nico,NA,NA
20230622,8,3,a_chimp,fraukje,sleep_room,0,no,no,28,8,"carola, frodo",nico,inhibit_searched,11,NA,NA,3,2,1,NA,0,nico,NA,NA
20230622,8,3,a_chimp,fraukje,sleep_room,0,no,no,28,8,"carola, frodo",nico,inhibit_searched,12,NA,NA,3,2,1,NA,0,nico,NA,NA
20230622,8,3,a_chimp,tai,sleep_room,0,no,no,28,3,frodo,nico,inhibit_searched,1,NA,NA,2,1,3,NA,0,nico,NA,NA
20230622,8,3,a_chimp,tai,sleep_room,0,no,no,28,3,frodo,nico,inhibit_searched,2,NA,NA,3,2,1,NA,0,nico,NA,NA
20230622,8,3,a_chimp,tai,sleep_room,0,no,no,28,3,frodo,nico,inhibit_searched,3,NA,NA,3,2,1,NA,0,nico,NA,NA
20230622,8,3,a_chimp,tai,sleep_room,0,no,no,28,3,frodo,nico,inhibit_searched,4,NA,NA,3,2,1,NA,0,nico,NA,NA
20230622,8,3,a_chimp,tai,sleep_room,0,no,no,28,3,frodo,nico,inhibit_searched,5,NA,NA,3,2,1,NA,0,nico,NA,NA
20230622,8,3,a_chimp,tai,sleep_room,0,no,no,28,3,frodo,nico,inhibit_searched,6,NA,NA,3,2,1,NA,0,nico,NA,NA
20230622,8,3,a_chimp,tai,sleep_room,0,no,no,28,3,frodo,nico,inhibit_searched,7,NA,NA,3,2,1,NA,0,nico,NA,NA
20230622,8,3,a_chimp,tai,sleep_room,0,no,no,28,3,frodo,nico,inhibit_searched,8,NA,NA,3,2,1,NA,0,nico,NA,NA
20230622,8,3,a_chimp,tai,sleep_room,0,no,no,28,3,frodo,nico,inhibit_searched,9,NA,NA,3,2,1,NA,0,nico,NA,NA
20230622,8,3,a_chimp,tai,sleep_room,0,no,no,28,3,frodo,nico,inhibit_searched,10,NA,NA,3,2,1,NA,0,nico,NA,NA
20230622,8,3,a_chimp,tai,sleep_room,0,no,no,28,3,frodo,nico,inhibit_searched,11,NA,NA,3,2,1,NA,0,nico,NA,NA
20230622,8,3,a_chimp,tai,sleep_room,0,no,no,28,3,frodo,nico,inhibit_searched,12,NA,NA,3,2,1,NA,0,nico,NA,NA
20230622,8,3,a_chimp,shanga,sleep_room,0,yes,no,21,10,"natascha, riet, frodo, makeni, youma, fraukje, carola",nico,inhibit_searched,1,NA,NA,1,2,3,NA,0,nico,NA,NA
20230622,8,3,a_chimp,shanga,sleep_room,0,yes,no,21,10,"natascha, riet, frodo, makeni, youma, fraukje, carola",nico,inhibit_searched,2,NA,NA,1,2,3,NA,0,nico,NA,NA
20230622,8,3,a_chimp,shanga,sleep_room,0,yes,no,21,10,"natascha, riet, frodo, makeni, youma, fraukje, carola",nico,inhibit_searched,3,NA,NA,1,2,3,NA,0,nico,NA,NA
20230622,8,3,a_chimp,shanga,sleep_room,0,yes,no,21,10,"natascha, riet, frodo, makeni, youma, fraukje, carola",nico,inhibit_searched,4,NA,NA,1,2,3,NA,0,nico,NA,NA
20230622,8,3,a_chimp,shanga,sleep_room,0,yes,no,21,10,"natascha, riet, frodo, makeni, youma, fraukje, carola",nico,inhibit_searched,5,NA,NA,1,2,3,NA,0,nico,abort bc stress,NA
20230718,8,3,a_chimp,riet,sleep_room,0,no,no,17,2,NA,stefan,inhibit_searched,1,NA,NA,1,2,3,NA,0,nico,NA,NA
20230718,8,3,a_chimp,riet,sleep_room,0,no,no,17,2,NA,stefan,inhibit_searched,2,NA,NA,3,1,2,NA,0,nico,NA,NA
20230718,8,3,a_chimp,riet,sleep_room,0,no,no,17,2,NA,stefan,inhibit_searched,3,NA,NA,3,2,1,NA,0,nico,NA,NA
20230718,8,3,a_chimp,riet,sleep_room,0,no,no,17,2,NA,stefan,inhibit_searched,4,NA,NA,2,3,1,NA,0,nico,NA,NA
20230718,8,3,a_chimp,riet,sleep_room,0,no,no,17,2,NA,stefan,inhibit_searched,5,NA,NA,3,2,1,NA,0,nico,NA,NA
20230718,8,3,a_chimp,riet,sleep_room,0,no,no,17,2,NA,stefan,inhibit_searched,6,NA,NA,3,1,2,NA,0,nico,NA,NA
20230718,8,3,a_chimp,riet,sleep_room,0,no,no,17,2,NA,stefan,inhibit_searched,7,NA,NA,3,2,1,NA,0,nico,NA,NA
20230718,8,3,a_chimp,riet,sleep_room,0,no,no,17,2,NA,stefan,inhibit_searched,8,NA,NA,3,2,1,NA,0,nico,NA,NA
20230718,8,3,a_chimp,riet,sleep_room,0,no,no,17,2,NA,stefan,inhibit_searched,9,NA,NA,2,3,1,NA,0,nico,NA,NA
20230718,8,3,a_chimp,riet,sleep_room,0,no,no,17,2,NA,stefan,inhibit_searched,10,NA,NA,3,2,1,NA,0,nico,NA,NA
20230718,8,3,a_chimp,riet,sleep_room,0,no,no,17,2,NA,stefan,inhibit_searched,11,NA,NA,3,2,1,NA,0,nico,NA,NA
20230718,8,3,a_chimp,riet,sleep_room,0,no,no,17,2,NA,stefan,inhibit_searched,12,NA,NA,3,2,1,NA,0,nico,NA,NA
20230718,8,3,a_chimp,ohini,sleep_room,0,yes,no,24,12,"kisha, frank, corrie, badu",stefan,inhibit_searched,1,NA,NA,3,2,1,NA,0,nico,NA,NA
20230718,8,3,a_chimp,ohini,sleep_room,0,yes,no,24,12,"kisha, frank, corrie, badu",stefan,inhibit_searched,2,NA,NA,3,2,1,NA,0,nico,NA,NA
20230718,8,3,a_chimp,ohini,sleep_room,0,yes,no,24,12,"kisha, frank, corrie, badu",stefan,inhibit_searched,3,NA,NA,3,2,1,NA,0,nico,NA,NA
20230718,8,3,a_chimp,ohini,sleep_room,0,yes,no,24,12,"kisha, frank, corrie, badu",stefan,inhibit_searched,4,NA,NA,3,2,1,NA,0,nico,NA,NA
20230718,8,3,a_chimp,ohini,sleep_room,0,yes,no,24,12,"kisha, frank, corrie, badu",stefan,inhibit_searched,5,NA,NA,3,2,1,NA,0,nico,NA,NA
20230718,8,3,a_chimp,ohini,sleep_room,0,yes,no,24,12,"kisha, frank, corrie, badu",stefan,inhibit_searched,6,NA,NA,3,2,1,NA,0,nico,NA,NA
20230718,8,3,a_chimp,ohini,sleep_room,0,yes,no,24,12,"kisha, frank, corrie, badu",stefan,inhibit_searched,7,NA,NA,3,2,1,NA,0,nico,NA,NA
20230718,8,3,a_chimp,ohini,sleep_room,0,yes,no,24,12,"kisha, frank, corrie, badu",stefan,inhibit_searched,8,NA,NA,3,2,1,NA,0,nico,NA,NA
20230718,8,3,a_chimp,ohini,sleep_room,0,yes,no,24,12,"kisha, frank, corrie, badu",stefan,inhibit_searched,9,NA,NA,3,2,1,NA,0,nico,NA,NA
20230718,8,3,a_chimp,ohini,sleep_room,0,yes,no,24,12,"kisha, frank, corrie, badu",stefan,inhibit_searched,10,NA,NA,3,2,1,NA,0,nico,NA,NA
20230718,8,3,a_chimp,ohini,sleep_room,0,yes,no,24,12,"kisha, frank, corrie, badu",stefan,inhibit_searched,11,NA,NA,3,2,1,NA,0,nico,NA,NA
20230718,8,3,a_chimp,ohini,sleep_room,0,yes,no,24,12,"kisha, frank, corrie, badu",stefan,inhibit_searched,12,NA,NA,3,2,1,NA,0,nico,NA,NA
20230718,8,3,a_chimp,kisha,sleep_room,0,no,no,14,7,NA,stefan,inhibit_searched,1,NA,NA,1,3,2,NA,0,nico,NA,NA
20230718,8,3,a_chimp,kisha,sleep_room,0,no,no,14,7,NA,stefan,inhibit_searched,2,NA,NA,2,1,2,NA,1,nico,NA,NA
20230718,8,3,a_chimp,kisha,sleep_room,0,no,no,14,7,NA,stefan,inhibit_searched,3,NA,NA,1,2,3,NA,0,nico,NA,NA
20230718,8,3,a_chimp,kisha,sleep_room,0,no,no,14,7,NA,stefan,inhibit_searched,4,NA,NA,2,3,2,NA,1,nico,NA,NA
20230718,8,3,a_chimp,kisha,sleep_room,0,no,no,14,7,NA,stefan,inhibit_searched,5,NA,NA,1,3,1,NA,1,nico,away,NA
20230718,8,3,a_chimp,kisha,sleep_room,0,no,no,14,7,NA,stefan,inhibit_searched,6,NA,NA,1,2,3,NA,0,nico,NA,NA
20230718,8,3,a_chimp,corrie,sleep_room,0,no,no,20,6,badu,stefan,inhibit_searched,1,NA,NA,2,1,2,NA,1,nico,NA,NA
20230718,8,3,a_chimp,corrie,sleep_room,0,no,no,20,6,badu,stefan,inhibit_searched,2,NA,NA,3,1,2,NA,0,nico,NA,NA
20230718,8,3,a_chimp,corrie,sleep_room,0,no,no,20,6,badu,stefan,inhibit_searched,3,NA,NA,2,1,3,NA,0,nico,NA,NA
20230718,8,3,a_chimp,corrie,sleep_room,0,no,no,20,6,badu,stefan,inhibit_searched,4,NA,NA,2,1,2,NA,1,nico,NA,NA
20230718,8,3,a_chimp,corrie,sleep_room,0,no,no,20,6,badu,stefan,inhibit_searched,5,NA,NA,2,1,3,NA,0,nico,NA,NA
20230718,8,3,a_chimp,corrie,sleep_room,0,no,no,20,6,badu,stefan,inhibit_searched,6,NA,NA,3,2,1,NA,0,nico,NA,NA
20230718,8,3,a_chimp,corrie,sleep_room,0,no,no,20,6,badu,stefan,inhibit_searched,7,NA,NA,3,1,2,NA,0,nico,NA,NA
20230718,8,3,a_chimp,corrie,sleep_room,0,no,no,20,6,badu,stefan,inhibit_searched,8,NA,NA,3,1,2,NA,0,nico,NA,NA
20230718,8,3,a_chimp,corrie,sleep_room,0,no,no,20,6,badu,stefan,inhibit_searched,9,NA,NA,2,3,1,NA,0,nico,NA,NA
20230718,8,3,a_chimp,corrie,sleep_room,0,no,no,20,6,badu,stefan,inhibit_searched,10,NA,NA,3,1,2,NA,0,nico,NA,NA
20230718,8,3,a_chimp,corrie,sleep_room,0,no,no,20,6,badu,stefan,inhibit_searched,11,NA,NA,2,1,3,NA,0,nico,NA,NA
20230718,8,3,a_chimp,corrie,sleep_room,0,no,no,20,6,badu,stefan,inhibit_searched,12,NA,NA,2,2,3,NA,1,nico,NA,NA
20230718,8,3,a_chimp,maja,sleep_room,0,no,no,13,9,"riet, sandra, swela",stefan,inhibit_searched,1,NA,NA,1,1,2,NA,1,nico,NA,NA
20230718,8,3,a_chimp,maja,sleep_room,0,no,no,13,9,"riet, sandra, swela",stefan,inhibit_searched,2,NA,NA,2,3,1,NA,0,nico,both sides,NA
20230718,8,3,a_chimp,maja,sleep_room,0,no,no,13,9,"riet, sandra, swela",stefan,inhibit_searched,3,NA,NA,3,1,2,NA,0,nico,NA,NA
20230718,8,3,a_chimp,maja,sleep_room,0,no,no,13,9,"riet, sandra, swela",stefan,inhibit_searched,4,NA,NA,2,1,3,NA,0,nico,NA,NA
20230718,8,3,a_chimp,maja,sleep_room,0,no,no,13,9,"riet, sandra, swela",stefan,inhibit_searched,5,NA,NA,1,2,3,NA,0,nico,both sides,NA
20230718,8,3,a_chimp,maja,sleep_room,0,no,no,13,9,"riet, sandra, swela",stefan,inhibit_searched,6,NA,NA,1,2,3,NA,0,nico,both sides,NA
20230718,8,3,a_chimp,maja,sleep_room,0,no,no,13,9,"riet, sandra, swela",stefan,inhibit_searched,7,NA,NA,1,2,3,NA,0,nico,NA,NA
20230718,8,3,a_chimp,maja,sleep_room,0,no,no,13,9,"riet, sandra, swela",stefan,inhibit_searched,8,NA,NA,1,2,3,NA,0,nico,both sides,NA
20230718,8,3,a_chimp,maja,sleep_room,0,no,no,13,9,"riet, sandra, swela",stefan,inhibit_searched,9,NA,NA,1,2,3,NA,0,nico,NA,NA
20230718,8,3,a_chimp,maja,sleep_room,0,no,no,13,9,"riet, sandra, swela",stefan,inhibit_searched,10,NA,NA,3,1,2,NA,0,nico,NA,NA
20230718,8,3,a_chimp,maja,sleep_room,0,no,no,13,9,"riet, sandra, swela",stefan,inhibit_searched,11,NA,NA,1,2,3,NA,0,nico,NA,NA
20230718,8,3,a_chimp,maja,sleep_room,0,no,no,13,9,"riet, sandra, swela",stefan,inhibit_searched,12,NA,NA,1,2,3,NA,0,nico,NA,NA
20230718,8,3,a_chimp,swela,sleep_room,0,no,no,21,6,"maja, riet, sandra",stefan,inhibit_searched,1,NA,NA,2,1,3,NA,0,nico,sry no video,NA
20230718,8,3,a_chimp,swela,sleep_room,0,no,no,21,6,"maja, riet, sandra",stefan,inhibit_searched,2,NA,NA,2,1,3,NA,0,nico,sry no video,NA
20230718,8,3,a_chimp,swela,sleep_room,0,no,no,21,6,"maja, riet, sandra",stefan,inhibit_searched,3,NA,NA,3,2,1,NA,0,nico,sry no video,NA
20230718,8,3,a_chimp,swela,sleep_room,0,no,no,21,6,"maja, riet, sandra",stefan,inhibit_searched,4,NA,NA,1,2,3,NA,0,nico,sry no video,NA
20230718,8,3,a_chimp,swela,sleep_room,0,no,no,21,6,"maja, riet, sandra",stefan,inhibit_searched,5,NA,NA,2,3,1,NA,0,nico,sry no video,NA
20230718,8,3,a_chimp,swela,sleep_room,0,no,no,21,6,"maja, riet, sandra",stefan,inhibit_searched,6,NA,NA,2,3,1,NA,0,nico,sry no video,NA
20230718,8,3,a_chimp,swela,sleep_room,0,no,no,21,6,"maja, riet, sandra",stefan,inhibit_searched,7,NA,NA,2,1,3,NA,0,nico,sry no video,NA
20230718,8,3,a_chimp,swela,sleep_room,0,no,no,21,6,"maja, riet, sandra",stefan,inhibit_searched,8,NA,NA,2,1,3,NA,0,nico,sry no video,NA
20230718,8,3,a_chimp,swela,sleep_room,0,no,no,21,6,"maja, riet, sandra",stefan,inhibit_searched,9,NA,NA,3,2,1,NA,0,nico,sry no video,NA
20230718,8,3,a_chimp,swela,sleep_room,0,no,no,21,6,"maja, riet, sandra",stefan,inhibit_searched,10,NA,NA,2,3,1,NA,0,nico,sry no video,NA
20230718,8,3,a_chimp,swela,sleep_room,0,no,no,21,6,"maja, riet, sandra",stefan,inhibit_searched,11,NA,NA,1,2,3,NA,0,nico,sry no video,NA
20230718,8,3,a_chimp,swela,sleep_room,0,no,no,21,6,"maja, riet, sandra",stefan,inhibit_searched,12,NA,NA,2,1,3,NA,0,nico,sry no video,NA
20230903,9,3,a_chimp,tai,sleep_room,0,no,no,65,3,NA,nico,inhibit_searched,1,NA,NA,2,3,1,NA,0,nico,NA,NA
20230903,9,3,a_chimp,tai,sleep_room,0,no,no,65,3,NA,nico,inhibit_searched,2,NA,NA,3,2,1,NA,0,nico,NA,NA
20230903,9,3,a_chimp,tai,sleep_room,0,no,no,65,3,NA,nico,inhibit_searched,3,NA,NA,3,2,1,NA,0,nico,NA,NA
20230903,9,3,a_chimp,tai,sleep_room,0,no,no,65,3,NA,nico,inhibit_searched,4,NA,NA,3,2,1,NA,0,nico,NA,NA
20230903,9,3,a_chimp,tai,sleep_room,0,no,no,65,3,NA,nico,inhibit_searched,5,NA,NA,3,2,1,NA,0,nico,NA,NA
20230903,9,3,a_chimp,tai,sleep_room,0,no,no,65,3,NA,nico,inhibit_searched,6,NA,NA,3,2,1,NA,0,nico,NA,NA
20230903,9,3,a_chimp,tai,sleep_room,0,no,no,65,3,NA,nico,inhibit_searched,7,NA,NA,3,2,1,NA,0,nico,NA,NA
20230903,9,3,a_chimp,tai,sleep_room,0,no,no,65,3,NA,nico,inhibit_searched,8,NA,NA,3,2,1,NA,0,nico,NA,NA
20230903,9,3,a_chimp,tai,sleep_room,0,no,no,65,3,NA,nico,inhibit_searched,9,NA,NA,3,2,1,NA,0,nico,NA,NA
20230903,9,3,a_chimp,sandra,sleep_room,0,no,no,71,5,NA,nico,inhibit_searched,1,NA,NA,3,2,2,NA,1,nico,NA,NA
20230903,9,3,a_chimp,sandra,sleep_room,0,no,no,71,5,NA,nico,inhibit_searched,2,NA,NA,3,2,1,NA,0,nico,NA,NA
20230903,9,3,a_chimp,sandra,sleep_room,0,no,no,71,5,NA,nico,inhibit_searched,3,NA,NA,3,2,1,NA,0,nico,NA,NA
20230903,9,3,a_chimp,sandra,sleep_room,0,no,no,71,5,NA,nico,inhibit_searched,4,NA,NA,3,2,1,NA,0,nico,NA,NA
20230903,9,3,a_chimp,sandra,sleep_room,0,no,no,71,5,NA,nico,inhibit_searched,5,NA,NA,3,2,1,NA,0,nico,NA,NA
20230903,9,3,a_chimp,sandra,sleep_room,0,no,no,71,5,NA,nico,inhibit_searched,6,NA,NA,3,2,1,NA,0,nico,away,NA
20230903,9,3,a_chimp,sandra,sleep_room,0,no,no,71,5,NA,nico,inhibit_searched,7,NA,NA,2,3,1,NA,0,nico,NA,NA
20230903,9,3,a_chimp,sandra,sleep_room,0,no,no,71,5,NA,nico,inhibit_searched,8,NA,NA,3,1,2,NA,0,nico,NA,NA
20230903,9,3,a_chimp,sandra,sleep_room,0,no,no,71,5,NA,nico,inhibit_searched,9,NA,NA,3,2,1,NA,0,nico,NA,NA
20230903,9,3,a_chimp,sandra,sleep_room,0,no,no,71,5,NA,nico,inhibit_searched,10,NA,NA,2,3,1,NA,0,nico,NA,NA
20230903,9,3,a_chimp,sandra,sleep_room,0,no,no,71,5,NA,nico,inhibit_searched,11,NA,NA,3,2,1,NA,0,nico,NA,NA
20230903,9,3,a_chimp,sandra,sleep_room,0,no,no,71,5,NA,nico,inhibit_searched,12,NA,NA,3,2,1,NA,0,nico,NA,NA
20230903,9,3,a_chimp,azibo,sleep_room,0,yes,no,61,11,"swela, sandra",nico,inhibit_searched,1,NA,NA,2,1,3,NA,0,nico,NA,NA
20230903,9,3,a_chimp,azibo,sleep_room,0,yes,no,61,11,"swela, sandra",nico,inhibit_searched,2,NA,NA,2,1,3,NA,0,nico,both sides,NA
20230903,9,3,a_chimp,azibo,sleep_room,0,yes,no,61,11,"swela, sandra",nico,inhibit_searched,3,NA,NA,1,2,3,NA,0,nico,NA,NA
20230903,9,3,a_chimp,azibo,sleep_room,0,yes,no,61,11,"swela, sandra",nico,inhibit_searched,4,NA,NA,2,1,3,NA,0,nico,NA,NA
20230903,9,3,a_chimp,azibo,sleep_room,0,yes,no,61,11,"swela, sandra",nico,inhibit_searched,5,NA,NA,2,1,3,NA,0,nico,NA,NA
20230903,9,3,a_chimp,azibo,sleep_room,0,yes,no,61,11,"swela, sandra",nico,inhibit_searched,6,NA,NA,2,1,3,NA,0,nico,NA,NA
20230903,9,3,a_chimp,azibo,sleep_room,0,yes,no,61,11,"swela, sandra",nico,inhibit_searched,7,NA,NA,1,2,3,NA,0,nico,NA,NA
20230903,9,3,a_chimp,azibo,sleep_room,0,yes,no,61,11,"swela, sandra",nico,inhibit_searched,8,NA,NA,2,1,3,NA,0,nico,NA,NA
20230903,9,3,a_chimp,azibo,sleep_room,0,yes,no,61,11,"swela, sandra",nico,inhibit_searched,9,NA,NA,1,2,3,NA,0,nico,NA,NA
20230903,9,3,a_chimp,azibo,sleep_room,0,yes,no,61,11,"swela, sandra",nico,inhibit_searched,10,NA,NA,2,1,3,NA,0,nico,NA,NA
20230903,9,3,a_chimp,azibo,sleep_room,0,yes,no,61,11,"swela, sandra",nico,inhibit_searched,11,NA,NA,2,1,3,NA,0,nico,NA,NA
20230903,9,3,a_chimp,azibo,sleep_room,0,yes,no,61,11,"swela, sandra",nico,inhibit_searched,12,NA,NA,1,2,3,NA,0,nico,NA,NA
20230903,9,3,a_chimp,swela,sleep_room,0,no,no,68,6,"azibo, sandra",nico,inhibit_searched,1,NA,NA,2,1,3,NA,0,nico,NA,NA
20230903,9,3,a_chimp,swela,sleep_room,0,no,no,68,6,"azibo, sandra",nico,inhibit_searched,2,NA,NA,2,3,1,NA,0,nico,NA,NA
20230903,9,3,a_chimp,swela,sleep_room,0,no,no,68,6,"azibo, sandra",nico,inhibit_searched,3,NA,NA,2,3,1,NA,0,nico,NA,NA
20230903,9,3,a_chimp,swela,sleep_room,0,no,no,68,6,"azibo, sandra",nico,inhibit_searched,4,NA,NA,2,3,1,NA,0,nico,NA,NA
20230903,9,3,a_chimp,swela,sleep_room,0,no,no,68,6,"azibo, sandra",nico,inhibit_searched,5,NA,NA,3,2,1,NA,0,nico,NA,NA
20230903,9,3,a_chimp,swela,sleep_room,0,no,no,68,6,"azibo, sandra",nico,inhibit_searched,6,NA,NA,3,2,1,NA,0,nico,NA,NA
20230903,9,3,a_chimp,swela,sleep_room,0,no,no,68,6,"azibo, sandra",nico,inhibit_searched,7,NA,NA,3,2,1,NA,0,nico,NA,NA
20230903,9,3,a_chimp,swela,sleep_room,0,no,no,68,6,"azibo, sandra",nico,inhibit_searched,8,NA,NA,3,2,1,NA,0,nico,NA,NA
20230903,9,3,a_chimp,swela,sleep_room,0,no,no,68,6,"azibo, sandra",nico,inhibit_searched,9,NA,NA,2,3,1,NA,0,nico,NA,NA
20230903,9,3,a_chimp,swela,sleep_room,0,no,no,68,6,"azibo, sandra",nico,inhibit_searched,10,NA,NA,3,2,1,NA,0,nico,NA,NA
20230903,9,3,a_chimp,swela,sleep_room,0,no,no,68,6,"azibo, sandra",nico,inhibit_searched,11,NA,NA,3,2,1,NA,0,nico,NA,NA
20230903,9,3,a_chimp,swela,sleep_room,0,no,no,68,6,"azibo, sandra",nico,inhibit_searched,12,NA,NA,2,3,1,NA,0,nico,NA,NA
20230903,9,3,a_chimp,riet,sleep_room,0,no,no,69,2,tai,nico,inhibit_searched,1,NA,NA,3,2,1,NA,0,nico,NA,NA
20230903,9,3,a_chimp,riet,sleep_room,0,no,no,69,2,tai,nico,inhibit_searched,2,NA,NA,2,3,1,NA,0,nico,NA,NA
20230903,9,3,a_chimp,riet,sleep_room,0,no,no,69,2,tai,nico,inhibit_searched,3,NA,NA,2,1,3,NA,0,nico,NA,NA
20230903,9,3,a_chimp,riet,sleep_room,0,no,no,69,2,tai,nico,inhibit_searched,4,NA,NA,1,2,3,NA,0,nico,NA,NA
20230903,9,3,a_chimp,riet,sleep_room,0,no,no,69,2,tai,nico,inhibit_searched,5,NA,NA,2,3,1,NA,0,nico,NA,NA
20230903,9,3,a_chimp,riet,sleep_room,0,no,no,69,2,tai,nico,inhibit_searched,6,NA,NA,1,3,2,NA,0,nico,NA,NA
20230903,9,3,a_chimp,riet,sleep_room,0,no,no,69,2,tai,nico,inhibit_searched,7,NA,NA,1,2,3,NA,0,nico,NA,NA
20230903,9,3,a_chimp,riet,sleep_room,0,no,no,69,2,tai,nico,inhibit_searched,8,NA,NA,3,2,1,NA,0,nico,NA,NA
20230903,9,3,a_chimp,riet,sleep_room,0,no,no,69,2,tai,nico,inhibit_searched,9,NA,NA,3,2,1,NA,0,nico,NA,NA
20230903,9,3,a_chimp,riet,sleep_room,0,no,no,69,2,tai,nico,inhibit_searched,10,NA,NA,3,2,1,NA,0,nico,NA,NA
20230903,9,3,a_chimp,riet,sleep_room,0,no,no,69,2,tai,nico,inhibit_searched,11,NA,NA,3,2,1,NA,0,nico,NA,NA
20230903,9,3,a_chimp,riet,sleep_room,0,no,no,69,2,tai,nico,inhibit_searched,12,NA,NA,3,2,1,NA,0,nico,NA,NA
20230903,9,3,a_chimp,youma,sleep_room,0,no,no,61,13,"makeni, natascha",nico,inhibit_searched,1,NA,NA,1,2,3,NA,0,nico,NA,NA
20230903,9,3,a_chimp,youma,sleep_room,0,no,no,61,13,"makeni, natascha",nico,inhibit_searched,2,NA,NA,1,2,3,NA,0,nico,NA,NA
20230903,9,3,a_chimp,youma,sleep_room,0,no,no,61,13,"makeni, natascha",nico,inhibit_searched,3,NA,NA,1,2,3,NA,0,nico,NA,NA
20230903,9,3,a_chimp,youma,sleep_room,0,no,no,61,13,"makeni, natascha",nico,inhibit_searched,4,NA,NA,2,2,3,NA,1,nico,NA,NA
20230903,9,3,a_chimp,youma,sleep_room,0,no,no,61,13,"makeni, natascha",nico,inhibit_searched,5,NA,NA,3,2,1,NA,0,nico,NA,NA
20230903,9,3,a_chimp,youma,sleep_room,0,no,no,61,13,"makeni, natascha",nico,inhibit_searched,6,NA,NA,2,2,3,NA,1,nico,NA,NA
20230903,9,3,a_chimp,youma,sleep_room,0,no,no,61,13,"makeni, natascha",nico,inhibit_searched,7,NA,NA,2,2,3,NA,1,nico,NA,NA
20230903,9,3,a_chimp,youma,sleep_room,0,no,no,61,13,"makeni, natascha",nico,inhibit_searched,8,NA,NA,3,2,1,NA,0,nico,NA,NA
20230903,9,3,a_chimp,youma,sleep_room,0,no,no,61,13,"makeni, natascha",nico,inhibit_searched,9,NA,NA,1,2,3,NA,0,nico,NA,NA
20230903,9,3,a_chimp,youma,sleep_room,0,no,no,61,13,"makeni, natascha",nico,inhibit_searched,10,NA,NA,2,3,2,NA,1,nico,NA,NA
20230903,9,3,a_chimp,youma,sleep_room,0,no,no,61,13,"makeni, natascha",nico,inhibit_searched,11,NA,NA,1,2,3,NA,0,nico,NA,NA
20230903,9,3,a_chimp,youma,sleep_room,0,no,no,61,13,"makeni, natascha",nico,inhibit_searched,12,NA,NA,2,2,3,NA,1,nico,finger in mesh,NA
20230903,9,3,a_chimp,natascha,sleep_room,0,no,no,56,5,"youma, tai, sandra, makeni",nico,inhibit_searched,1,NA,NA,1,2,1,NA,1,nico,NA,NA
20230903,9,3,a_chimp,natascha,sleep_room,0,no,no,56,5,"youma, tai, sandra, makeni",nico,inhibit_searched,2,NA,NA,2,3,1,NA,0,nico,NA,NA
20230903,9,3,a_chimp,makeni,sleep_room,0,yes,no,61,13,"natascha, youma, riet, tai",nico,inhibit_searched,1,NA,NA,1,2,3,NA,0,nico,NA,NA
20230903,9,3,a_chimp,makeni,sleep_room,0,yes,no,61,13,"natascha, youma, riet, tai",nico,inhibit_searched,2,NA,NA,1,2,3,NA,0,nico,NA,NA
20230903,9,3,a_chimp,makeni,sleep_room,0,yes,no,61,13,"natascha, youma, riet, tai",nico,inhibit_searched,3,NA,NA,1,2,3,NA,0,nico,NA,NA
20230903,9,3,a_chimp,makeni,sleep_room,0,yes,no,61,13,"natascha, youma, riet, tai",nico,inhibit_searched,4,NA,NA,1,2,3,NA,0,nico,NA,NA
20230903,9,3,a_chimp,makeni,sleep_room,0,yes,no,61,13,"natascha, youma, riet, tai",nico,inhibit_searched,5,NA,NA,1,2,3,NA,0,nico,NA,NA
20230903,9,3,a_chimp,makeni,sleep_room,0,yes,no,61,13,"natascha, youma, riet, tai",nico,inhibit_searched,6,NA,NA,1,2,3,NA,0,nico,NA,NA
20230903,9,3,a_chimp,makeni,sleep_room,0,yes,no,61,13,"natascha, youma, riet, tai",nico,inhibit_searched,7,NA,NA,1,2,3,NA,0,nico,NA,NA
20230903,9,3,a_chimp,makeni,sleep_room,0,yes,no,61,13,"natascha, youma, riet, tai",nico,inhibit_searched,8,NA,NA,2,1,2,NA,1,nico,NA,NA
20230903,9,3,a_chimp,makeni,sleep_room,0,yes,no,61,13,"natascha, youma, riet, tai",nico,inhibit_searched,9,NA,NA,1,2,3,NA,0,nico,NA,NA
20230903,9,3,a_chimp,makeni,sleep_room,0,yes,no,61,13,"natascha, youma, riet, tai",nico,inhibit_searched,10,NA,NA,2,1,3,NA,0,nico,NA,NA
20230903,9,3,a_chimp,makeni,sleep_room,0,yes,no,61,13,"natascha, youma, riet, tai",nico,inhibit_searched,11,NA,NA,1,2,3,NA,0,nico,NA,NA
20230903,9,3,a_chimp,makeni,sleep_room,0,yes,no,61,13,"natascha, youma, riet, tai",nico,inhibit_searched,12,NA,NA,2,1,3,NA,0,nico,finger in mesh,NA
20230903,9,3,a_chimp,fraukje,sleep_room,0,no,no,61,8,"natascha, makeni, youma, carola",nico,inhibit_searched,1,NA,NA,1,2,3,NA,0,nico,NA,NA
20230903,9,3,a_chimp,fraukje,sleep_room,0,no,no,61,8,"natascha, makeni, youma, carola",nico,inhibit_searched,2,NA,NA,3,2,1,NA,0,nico,NA,NA
20230903,9,3,a_chimp,fraukje,sleep_room,0,no,no,61,8,"natascha, makeni, youma, carola",nico,inhibit_searched,3,NA,NA,3,2,1,NA,0,nico,NA,NA
20230903,9,3,a_chimp,fraukje,sleep_room,0,no,no,61,8,"natascha, makeni, youma, carola",nico,inhibit_searched,4,NA,NA,3,2,1,NA,0,nico,NA,NA
20230903,9,3,a_chimp,fraukje,sleep_room,0,no,no,61,8,"natascha, makeni, youma, carola",nico,inhibit_searched,5,NA,NA,3,2,1,NA,0,nico,NA,NA
20230903,9,3,a_chimp,fraukje,sleep_room,0,no,no,61,8,"natascha, makeni, youma, carola",nico,inhibit_searched,6,NA,NA,3,2,1,NA,0,nico,NA,NA
20230903,9,3,a_chimp,fraukje,sleep_room,0,no,no,61,8,"natascha, makeni, youma, carola",nico,inhibit_searched,7,NA,NA,3,2,1,NA,0,nico,NA,NA
20230903,9,3,a_chimp,fraukje,sleep_room,0,no,no,61,8,"natascha, makeni, youma, carola",nico,inhibit_searched,8,NA,NA,3,2,1,NA,0,nico,NA,NA
20230903,9,3,a_chimp,fraukje,sleep_room,0,no,no,61,8,"natascha, makeni, youma, carola",nico,inhibit_searched,9,NA,NA,3,2,1,NA,0,nico,NA,NA
20230903,9,3,a_chimp,fraukje,sleep_room,0,no,no,61,8,"natascha, makeni, youma, carola",nico,inhibit_searched,10,NA,NA,3,2,1,NA,0,nico,NA,NA
20230903,9,3,a_chimp,fraukje,sleep_room,0,no,no,61,8,"natascha, makeni, youma, carola",nico,inhibit_searched,11,NA,NA,1,2,3,NA,0,nico,NA,NA
20230903,9,3,a_chimp,fraukje,sleep_room,0,no,no,61,8,"natascha, makeni, youma, carola",nico,inhibit_searched,12,NA,NA,2,3,1,NA,0,nico,NA,NA
20230909,9,3,a_chimp,ohini,sleep_room,0,no,no,61,12,"kisha, frank, tai",daniel,inhibit_searched,1,NA,NA,3,2,1,NA,0,nico,NA,NA
20230909,9,3,a_chimp,ohini,sleep_room,0,no,no,61,12,"kisha, frank, tai",daniel,inhibit_searched,2,NA,NA,3,2,1,NA,0,nico,NA,NA
20230909,9,3,a_chimp,ohini,sleep_room,0,no,no,61,12,"kisha, frank, tai",daniel,inhibit_searched,3,NA,NA,3,2,1,NA,0,nico,NA,NA
20230909,9,3,a_chimp,ohini,sleep_room,0,no,no,61,12,"kisha, frank, tai",daniel,inhibit_searched,4,NA,NA,3,2,1,NA,0,nico,NA,NA
20230909,9,3,a_chimp,ohini,sleep_room,0,no,no,61,12,"kisha, frank, tai",daniel,inhibit_searched,5,NA,NA,3,2,1,NA,0,nico,NA,NA
20230909,9,3,a_chimp,ohini,sleep_room,0,no,no,61,12,"kisha, frank, tai",daniel,inhibit_searched,6,NA,NA,3,2,1,NA,0,nico,NA,NA
20230909,9,3,a_chimp,ohini,sleep_room,0,no,no,61,12,"kisha, frank, tai",daniel,inhibit_searched,7,NA,NA,3,2,1,NA,0,nico,NA,NA
20230909,9,3,a_chimp,ohini,sleep_room,0,no,no,61,12,"kisha, frank, tai",daniel,inhibit_searched,8,NA,NA,2,3,1,NA,0,nico,NA,NA
20230909,9,3,a_chimp,ohini,sleep_room,0,no,no,61,12,"kisha, frank, tai",daniel,inhibit_searched,9,NA,NA,2,3,1,NA,0,nico,NA,NA
20230909,9,3,a_chimp,ohini,sleep_room,0,no,no,61,12,"kisha, frank, tai",daniel,inhibit_searched,10,NA,NA,2,3,1,NA,0,nico,NA,NA
20230909,9,3,a_chimp,ohini,sleep_room,0,no,no,61,12,"kisha, frank, tai",daniel,inhibit_searched,11,NA,NA,3,2,1,NA,0,nico,NA,NA
20230909,9,3,a_chimp,ohini,sleep_room,0,no,no,61,12,"kisha, frank, tai",daniel,inhibit_searched,12,NA,NA,3,2,1,NA,0,nico,NA,NA
20230909,9,3,a_chimp,kisha,sleep_room,0,no,no,56,7,"frank, ohini",daniel,inhibit_searched,1,NA,NA,3,2,2,NA,1,nico,frank stört,NA
20230909,9,3,a_chimp,kisha,sleep_room,0,no,no,56,7,"frank, ohini",daniel,inhibit_searched,2,NA,NA,1,2,3,NA,0,nico,NA,NA
20230909,9,3,a_chimp,kisha,sleep_room,0,no,no,56,7,"frank, ohini",daniel,inhibit_searched,3,NA,NA,1,2,3,NA,0,nico,NA,NA
20230909,9,3,a_chimp,kisha,sleep_room,0,no,no,56,7,"frank, ohini",daniel,inhibit_searched,4,NA,NA,2,1,1,NA,1,nico,NA,NA
20230909,9,3,a_chimp,kisha,sleep_room,0,no,no,56,7,"frank, ohini",daniel,inhibit_searched,5,NA,NA,2,3,1,NA,0,nico,NA,NA
20230909,9,3,a_chimp,kisha,sleep_room,0,no,no,56,7,"frank, ohini",daniel,inhibit_searched,6,NA,NA,2,3,1,NA,0,nico,NA,NA
20230909,9,3,a_chimp,frodo,sleep_room,0,no,no,64,1,NA,daniel,inhibit_searched,1,NA,NA,3,2,1,NA,0,nico,NA,NA
20230909,9,3,a_chimp,frodo,sleep_room,0,no,no,64,1,NA,daniel,inhibit_searched,2,NA,NA,3,1,2,NA,0,nico,NA,NA
20230909,9,3,a_chimp,frodo,sleep_room,0,no,no,64,1,NA,daniel,inhibit_searched,3,NA,NA,2,1,3,NA,0,nico,NA,NA
20230909,9,3,a_chimp,frodo,sleep_room,0,no,no,64,1,NA,daniel,inhibit_searched,4,NA,NA,3,2,1,NA,0,nico,NA,NA
20230909,9,3,a_chimp,frodo,sleep_room,0,no,no,64,1,NA,daniel,inhibit_searched,5,NA,NA,1,2,3,NA,0,nico,NA,NA
20230909,9,3,a_chimp,frodo,sleep_room,0,no,no,64,1,NA,daniel,inhibit_searched,6,NA,NA,3,2,1,NA,0,nico,NA,NA
20230909,9,3,a_chimp,frodo,sleep_room,0,no,no,64,1,NA,daniel,inhibit_searched,7,NA,NA,2,1,3,NA,0,nico,NA,NA
20230909,9,3,a_chimp,frodo,sleep_room,0,no,no,64,1,NA,daniel,inhibit_searched,8,NA,NA,2,1,3,NA,0,nico,NA,NA
20230909,9,3,a_chimp,frodo,sleep_room,0,no,no,64,1,NA,daniel,inhibit_searched,9,NA,NA,3,2,1,NA,0,nico,NA,NA
20230909,9,3,a_chimp,frodo,sleep_room,0,no,no,64,1,NA,daniel,inhibit_searched,10,NA,NA,1,3,2,NA,0,nico,NA,NA
20230909,9,3,a_chimp,frodo,sleep_room,0,no,no,64,1,NA,daniel,inhibit_searched,11,NA,NA,2,1,3,NA,0,nico,NA,NA
20230909,9,3,a_chimp,frodo,sleep_room,0,no,no,64,1,NA,daniel,inhibit_searched,12,NA,NA,2,1,2,NA,1,nico,NA,NA
20230909,9,3,a_chimp,maja,sleep_room,0,no,no,56,9,"corrie, badu",daniel,inhibit_searched,1,NA,NA,2,1,2,NA,1,nico,away,NA
20230909,9,3,a_chimp,maja,sleep_room,0,no,no,56,9,"corrie, badu",daniel,inhibit_searched,2,NA,NA,1,2,3,NA,0,nico,NA,NA
20230909,9,3,a_chimp,maja,sleep_room,0,no,no,56,9,"corrie, badu",daniel,inhibit_searched,3,NA,NA,1,2,3,NA,0,nico,NA,NA
20230909,9,3,a_chimp,maja,sleep_room,0,no,no,56,9,"corrie, badu",daniel,inhibit_searched,4,NA,NA,2,3,1,NA,0,nico,NA,NA
20230909,9,3,a_chimp,maja,sleep_room,0,no,no,56,9,"corrie, badu",daniel,inhibit_searched,5,NA,NA,1,2,3,NA,0,nico,NA,NA
20230909,9,3,a_chimp,maja,sleep_room,0,no,no,56,9,"corrie, badu",daniel,inhibit_searched,6,NA,NA,2,1,3,NA,0,nico,NA,NA
20230909,9,3,a_chimp,maja,sleep_room,0,no,no,56,9,"corrie, badu",daniel,inhibit_searched,7,NA,NA,3,1,2,NA,0,nico,NA,NA
20230909,9,3,a_chimp,maja,sleep_room,0,no,no,56,9,"corrie, badu",daniel,inhibit_searched,8,NA,NA,2,3,1,NA,0,nico,NA,NA
20230909,9,3,a_chimp,maja,sleep_room,0,no,no,56,9,"corrie, badu",daniel,inhibit_searched,9,NA,NA,1,2,3,NA,0,nico,NA,NA
20230909,9,3,a_chimp,corrie,sleep_room,0,no,no,64,6,badu,daniel,inhibit_searched,1,NA,NA,2,1,2,NA,1,nico,NA,NA
20230909,9,3,a_chimp,corrie,sleep_room,0,no,no,64,6,badu,daniel,inhibit_searched,2,NA,NA,3,1,2,NA,0,nico,NA,NA
20230909,9,3,a_chimp,corrie,sleep_room,0,no,no,64,6,badu,daniel,inhibit_searched,3,NA,NA,3,1,2,NA,0,nico,NA,NA
20230909,9,3,a_chimp,corrie,sleep_room,0,no,no,64,6,badu,daniel,inhibit_searched,4,NA,NA,3,1,2,NA,0,nico,NA,NA
20230909,9,3,a_chimp,corrie,sleep_room,0,no,no,64,6,badu,daniel,inhibit_searched,5,NA,NA,3,2,1,NA,0,nico,NA,NA
20230909,9,3,a_chimp,corrie,sleep_room,0,no,no,64,6,badu,daniel,inhibit_searched,6,NA,NA,3,1,2,NA,0,nico,NA,NA
20230909,9,3,a_chimp,corrie,sleep_room,0,no,no,64,6,badu,daniel,inhibit_searched,7,NA,NA,3,2,1,NA,0,nico,NA,NA
20230909,9,3,a_chimp,corrie,sleep_room,0,no,no,64,6,badu,daniel,inhibit_searched,8,NA,NA,3,2,1,NA,0,nico,NA,NA
20230909,9,3,a_chimp,corrie,sleep_room,0,no,no,64,6,badu,daniel,inhibit_searched,9,NA,NA,3,2,1,NA,0,nico,NA,NA
20230909,9,3,a_chimp,corrie,sleep_room,0,no,no,64,6,badu,daniel,inhibit_searched,10,NA,NA,1,2,3,NA,0,nico,NA,NA
20230909,9,3,a_chimp,corrie,sleep_room,0,no,no,64,6,badu,daniel,inhibit_searched,11,NA,NA,3,2,1,NA,0,nico,NA,NA
20230909,9,3,a_chimp,corrie,sleep_room,0,no,no,64,6,badu,daniel,inhibit_searched,12,NA,NA,1,2,3,NA,0,nico,NA,NA
20230909,9,3,a_chimp,shanga,sleep_room,0,no,no,71,10,NA,daniel,inhibit_searched,1,NA,NA,2,2,3,NA,1,nico,away,NA
20230909,9,3,a_chimp,shanga,sleep_room,0,no,no,71,10,NA,daniel,inhibit_searched,2,NA,NA,1,2,3,NA,0,nico,NA,NA
20230909,9,3,a_chimp,shanga,sleep_room,0,no,no,71,10,NA,daniel,inhibit_searched,3,NA,NA,1,3,2,NA,0,nico,NA,NA
20230909,9,3,a_chimp,shanga,sleep_room,0,no,no,71,10,NA,daniel,inhibit_searched,4,NA,NA,1,3,2,NA,0,nico,NA,NA
20230909,9,3,a_chimp,shanga,sleep_room,0,no,no,71,10,NA,daniel,inhibit_searched,5,NA,NA,1,2,3,NA,0,nico,NA,NA
20230909,9,3,a_chimp,shanga,sleep_room,0,no,no,71,10,NA,daniel,inhibit_searched,6,NA,NA,1,2,3,NA,0,nico,NA,NA
20231101,10,3,a_chimp,shanga,sleep_room,0,no,no,15,10,"riet bambari, maja",stefan,inhibit_searched,1,NA,NA,3,1,2,NA,0,nico,NA,NA
20231101,10,3,a_chimp,shanga,sleep_room,0,no,no,15,10,"riet bambari, maja",stefan,inhibit_searched,2,NA,NA,1,2,3,NA,0,nico,NA,NA
20231101,10,3,a_chimp,shanga,sleep_room,0,no,no,15,10,"riet bambari, maja",stefan,inhibit_searched,3,NA,NA,1,2,3,NA,0,nico,NA,NA
20231101,10,3,a_chimp,shanga,sleep_room,0,no,no,15,10,"riet bambari, maja",stefan,inhibit_searched,4,NA,NA,1,2,3,NA,0,nico,NA,NA
20231101,10,3,a_chimp,shanga,sleep_room,0,no,no,15,10,"riet bambari, maja",stefan,inhibit_searched,5,NA,NA,2,3,1,NA,0,nico,NA,NA
20231101,10,3,a_chimp,shanga,sleep_room,0,no,no,15,10,"riet bambari, maja",stefan,inhibit_searched,6,NA,NA,2,3,2,NA,1,nico,NA,NA
20231101,10,3,a_chimp,shanga,sleep_room,0,no,no,15,10,"riet bambari, maja",stefan,inhibit_searched,7,NA,NA,1,3,2,NA,0,nico,NA,NA
20231101,10,3,a_chimp,frodo,sleep_room,0,no,no,18,1,"riet, sandra",stefan,inhibit_searched,1,NA,NA,2,3,1,NA,0,nico,NA,NA
20231101,10,3,a_chimp,frodo,sleep_room,0,no,no,18,1,"riet, sandra",stefan,inhibit_searched,2,NA,NA,2,1,3,NA,0,nico,NA,NA
20231101,10,3,a_chimp,frodo,sleep_room,0,no,no,18,1,"riet, sandra",stefan,inhibit_searched,3,NA,NA,2,1,3,NA,0,nico,NA,NA
20231101,10,3,a_chimp,frodo,sleep_room,0,no,no,18,1,"riet, sandra",stefan,inhibit_searched,4,NA,NA,3,2,1,NA,0,nico,NA,NA
20231101,10,3,a_chimp,frodo,sleep_room,0,no,no,18,1,"riet, sandra",stefan,inhibit_searched,5,NA,NA,3,2,1,NA,0,nico,NA,NA
20231101,10,3,a_chimp,frodo,sleep_room,0,no,no,18,1,"riet, sandra",stefan,inhibit_searched,6,NA,NA,1,2,3,NA,0,nico,NA,NA
20231101,10,3,a_chimp,frodo,sleep_room,0,no,no,18,1,"riet, sandra",stefan,inhibit_searched,7,NA,NA,3,2,1,NA,0,nico,NA,NA
20231101,10,3,a_chimp,frodo,sleep_room,0,no,no,18,1,"riet, sandra",stefan,inhibit_searched,8,NA,NA,1,2,3,NA,0,nico,NA,NA
20231101,10,3,a_chimp,frodo,sleep_room,0,no,no,18,1,"riet, sandra",stefan,inhibit_searched,9,NA,NA,1,2,3,NA,0,nico,NA,NA
20231101,10,3,a_chimp,frodo,sleep_room,0,no,no,18,1,"riet, sandra",stefan,inhibit_searched,10,NA,NA,1,2,3,NA,0,nico,NA,NA
20231101,10,3,a_chimp,frodo,sleep_room,0,no,no,18,1,"riet, sandra",stefan,inhibit_searched,11,NA,NA,1,2,3,NA,0,nico,NA,NA
20231101,10,3,a_chimp,frodo,sleep_room,0,no,no,18,1,"riet, sandra",stefan,inhibit_searched,12,NA,NA,1,2,3,NA,0,nico,NA,NA
20231101,10,3,a_chimp,riet,sleep_room,0,no,no,15,2,sandra,stefan,inhibit_searched,1,NA,NA,3,2,1,NA,0,nico,NA,NA
20231101,10,3,a_chimp,riet,sleep_room,0,no,no,15,2,sandra,stefan,inhibit_searched,2,NA,NA,2,1,3,NA,0,nico,NA,NA
20231101,10,3,a_chimp,riet,sleep_room,0,no,no,15,2,sandra,stefan,inhibit_searched,3,NA,NA,2,1,3,NA,0,nico,finger in mesh,NA
20231101,10,3,a_chimp,riet,sleep_room,0,no,no,15,2,sandra,stefan,inhibit_searched,4,NA,NA,3,1,2,NA,0,nico,NA,NA
20231101,10,3,a_chimp,riet,sleep_room,0,no,no,15,2,sandra,stefan,inhibit_searched,5,NA,NA,2,3,1,NA,0,nico,NA,NA
20231101,10,3,a_chimp,riet,sleep_room,0,no,no,15,2,sandra,stefan,inhibit_searched,6,NA,NA,2,3,3,NA,1,nico,NA,NA
20231101,10,3,a_chimp,riet,sleep_room,0,no,no,15,2,sandra,stefan,inhibit_searched,7,NA,NA,2,1,2,NA,1,nico,NA,NA
20231101,10,3,a_chimp,riet,sleep_room,0,no,no,15,2,sandra,stefan,inhibit_searched,8,NA,NA,3,1,2,NA,0,nico,NA,NA
20231101,10,3,a_chimp,riet,sleep_room,0,no,no,15,2,sandra,stefan,inhibit_searched,9,NA,NA,1,3,2,NA,0,nico,NA,NA
20231101,10,3,a_chimp,riet,sleep_room,0,no,no,15,2,sandra,stefan,inhibit_searched,10,NA,NA,3,2,1,NA,0,nico,NA,NA
20231101,10,3,a_chimp,riet,sleep_room,0,no,no,15,2,sandra,stefan,inhibit_searched,11,NA,NA,3,2,1,NA,0,nico,NA,NA
20231101,10,3,a_chimp,riet,sleep_room,0,no,no,15,2,sandra,stefan,inhibit_searched,12,NA,NA,2,1,3,NA,0,nico,NA,NA
20231101,10,3,a_chimp,kisha,sleep_room,0,no,no,8,7,"ohini, frank, fraukje, carola",stefan,inhibit_searched,1,NA,NA,3,2,1,NA,0,nico,NA,NA
20231101,10,3,a_chimp,kisha,sleep_room,0,no,no,8,7,"ohini, frank, fraukje, carola",stefan,inhibit_searched,2,NA,NA,1,2,3,NA,0,nico,NA,NA
20231101,10,3,a_chimp,kisha,sleep_room,0,no,no,8,7,"ohini, frank, fraukje, carola",stefan,inhibit_searched,3,NA,NA,2,3,2,NA,1,nico,NA,NA
20231101,10,3,a_chimp,kisha,sleep_room,0,no,no,8,7,"ohini, frank, fraukje, carola",stefan,inhibit_searched,4,NA,NA,1,2,3,NA,0,nico,NA,NA
20231101,10,3,a_chimp,kisha,sleep_room,0,no,no,8,7,"ohini, frank, fraukje, carola",stefan,inhibit_searched,5,NA,NA,2,3,1,NA,0,nico,NA,NA
20231101,10,3,a_chimp,kisha,sleep_room,0,no,no,8,7,"ohini, frank, fraukje, carola",stefan,inhibit_searched,6,NA,NA,1,3,2,NA,0,nico,NA,NA
20231101,10,3,a_chimp,kisha,sleep_room,0,no,no,8,7,"ohini, frank, fraukje, carola",stefan,inhibit_searched,7,NA,NA,2,3,1,NA,0,nico,NA,NA
20231101,10,3,a_chimp,kisha,sleep_room,0,no,no,8,7,"ohini, frank, fraukje, carola",stefan,inhibit_searched,8,NA,NA,1,2,3,NA,0,nico,NA,NA
20231101,10,3,a_chimp,kisha,sleep_room,0,no,no,8,7,"ohini, frank, fraukje, carola",stefan,inhibit_searched,9,NA,NA,2,1,3,NA,0,nico,NA,NA
20231101,10,3,a_chimp,kisha,sleep_room,0,no,no,8,7,"ohini, frank, fraukje, carola",stefan,inhibit_searched,10,NA,NA,1,2,3,NA,0,nico,NA,NA
20231101,10,3,a_chimp,kisha,sleep_room,0,no,no,8,7,"ohini, frank, fraukje, carola",stefan,inhibit_searched,11,NA,NA,1,2,3,NA,0,nico,NA,NA
20231101,10,3,a_chimp,kisha,sleep_room,0,no,no,8,7,"ohini, frank, fraukje, carola",stefan,inhibit_searched,12,NA,NA,1,2,3,NA,0,nico,NA,NA
20231101,10,3,a_chimp,ohini,sleep_room,0,no,no,8,12,"kisha, frank, fraukje, carola",stefan,inhibit_searched,1,NA,NA,3,2,1,NA,0,nico,NA,NA
20231101,10,3,a_chimp,ohini,sleep_room,0,no,no,8,12,"kisha, frank, fraukje, carola",stefan,inhibit_searched,2,NA,NA,3,2,1,NA,0,nico,NA,NA
20231101,10,3,a_chimp,ohini,sleep_room,0,no,no,8,12,"kisha, frank, fraukje, carola",stefan,inhibit_searched,3,NA,NA,3,2,1,NA,0,nico,NA,NA
20231101,10,3,a_chimp,ohini,sleep_room,0,no,no,8,12,"kisha, frank, fraukje, carola",stefan,inhibit_searched,4,NA,NA,3,2,1,NA,0,nico,NA,NA
20231101,10,3,a_chimp,ohini,sleep_room,0,no,no,8,12,"kisha, frank, fraukje, carola",stefan,inhibit_searched,5,NA,NA,3,2,1,NA,0,nico,NA,NA
20231101,10,3,a_chimp,ohini,sleep_room,0,no,no,8,12,"kisha, frank, fraukje, carola",stefan,inhibit_searched,6,NA,NA,3,2,1,NA,0,nico,NA,NA
20231101,10,3,a_chimp,ohini,sleep_room,0,no,no,8,12,"kisha, frank, fraukje, carola",stefan,inhibit_searched,7,NA,NA,3,2,1,NA,0,nico,NA,NA
20231101,10,3,a_chimp,ohini,sleep_room,0,no,no,8,12,"kisha, frank, fraukje, carola",stefan,inhibit_searched,8,NA,NA,3,2,1,NA,0,nico,NA,NA
20231101,10,3,a_chimp,ohini,sleep_room,0,no,no,8,12,"kisha, frank, fraukje, carola",stefan,inhibit_searched,9,NA,NA,3,2,1,NA,0,nico,NA,NA
20231101,10,3,a_chimp,ohini,sleep_room,0,no,no,8,12,"kisha, frank, fraukje, carola",stefan,inhibit_searched,10,NA,NA,3,2,1,NA,0,nico,NA,NA
20231101,10,3,a_chimp,ohini,sleep_room,0,no,no,8,12,"kisha, frank, fraukje, carola",stefan,inhibit_searched,11,NA,NA,3,2,1,NA,0,nico,NA,NA
20231101,10,3,a_chimp,ohini,sleep_room,0,no,no,8,12,"kisha, frank, fraukje, carola",stefan,inhibit_searched,12,NA,NA,3,2,1,NA,0,nico,NA,NA
20231101,10,3,a_chimp,corrie,sleep_room,0,no,no,11,6,badu,stefan,inhibit_searched,1,NA,NA,1,1,1,NA,2,nico,NA,NA
20231101,10,3,a_chimp,corrie,sleep_room,0,no,no,11,6,badu,stefan,inhibit_searched,2,NA,NA,3,1,2,NA,0,nico,NA,NA
20231101,10,3,a_chimp,corrie,sleep_room,0,no,no,11,6,badu,stefan,inhibit_searched,3,NA,NA,3,1,2,NA,0,nico,NA,NA
20231101,10,3,a_chimp,corrie,sleep_room,0,no,no,11,6,badu,stefan,inhibit_searched,4,NA,NA,3,2,1,NA,0,nico,NA,NA
20231101,10,3,a_chimp,corrie,sleep_room,0,no,no,11,6,badu,stefan,inhibit_searched,5,NA,NA,3,1,2,NA,0,nico,NA,NA
20231101,10,3,a_chimp,corrie,sleep_room,0,no,no,11,6,badu,stefan,inhibit_searched,6,NA,NA,3,1,2,NA,0,nico,NA,NA
20231101,10,3,a_chimp,corrie,sleep_room,0,no,no,11,6,badu,stefan,inhibit_searched,7,NA,NA,3,2,1,NA,0,nico,NA,NA
20231101,10,3,a_chimp,corrie,sleep_room,0,no,no,11,6,badu,stefan,inhibit_searched,8,NA,NA,3,1,2,NA,0,nico,NA,NA
20231101,10,3,a_chimp,corrie,sleep_room,0,no,no,11,6,badu,stefan,inhibit_searched,9,NA,NA,2,3,1,NA,0,nico,NA,NA
20231101,10,3,a_chimp,corrie,sleep_room,0,no,no,11,6,badu,stefan,inhibit_searched,10,NA,NA,3,2,1,NA,0,nico,NA,NA
20231101,10,3,a_chimp,corrie,sleep_room,0,no,no,11,6,badu,stefan,inhibit_searched,11,NA,NA,3,2,1,NA,0,nico,NA,NA
20231101,10,3,a_chimp,corrie,sleep_room,0,no,no,11,6,badu,stefan,inhibit_searched,12,NA,NA,3,1,2,NA,0,nico,NA,NA
20231101,10,3,a_chimp,maja,sleep_room,0,no,no,5,9,bambari,stefan,inhibit_searched,1,NA,NA,1,3,2,NA,0,nico,NA,NA
20231101,10,3,a_chimp,maja,sleep_room,0,no,no,5,9,bambari,stefan,inhibit_searched,2,NA,NA,2,1,3,NA,0,nico,NA,NA
20231101,10,3,a_chimp,maja,sleep_room,0,no,no,5,9,bambari,stefan,inhibit_searched,3,NA,NA,3,2,1,NA,0,nico,finger in mesh,NA
20231101,10,3,a_chimp,maja,sleep_room,0,no,no,5,9,bambari,stefan,inhibit_searched,4,NA,NA,1,2,3,NA,0,nico,NA,NA
20231101,10,3,a_chimp,maja,sleep_room,0,no,no,5,9,bambari,stefan,inhibit_searched,5,NA,NA,3,1,2,NA,0,nico,NA,NA
20231101,10,3,a_chimp,maja,sleep_room,0,no,no,5,9,bambari,stefan,inhibit_searched,6,NA,NA,3,1,2,NA,0,nico,NA,NA
20231101,10,3,a_chimp,maja,sleep_room,0,no,no,5,9,bambari,stefan,inhibit_searched,7,NA,NA,1,2,3,NA,0,nico,NA,NA
20231101,10,3,a_chimp,maja,sleep_room,0,no,no,5,9,bambari,stefan,inhibit_searched,8,NA,NA,3,2,1,NA,0,nico,NA,NA
20231101,10,3,a_chimp,maja,sleep_room,0,no,no,5,9,bambari,stefan,inhibit_searched,9,NA,NA,3,2,1,NA,0,nico,NA,NA
20231101,10,3,a_chimp,maja,sleep_room,0,no,no,5,9,bambari,stefan,inhibit_searched,10,NA,NA,1,2,3,NA,0,nico,finger in mesh,NA
20231101,10,3,a_chimp,maja,sleep_room,0,no,no,5,9,bambari,stefan,inhibit_searched,11,NA,NA,1,3,2,NA,0,nico,finger in mesh,NA
20231101,10,3,a_chimp,maja,sleep_room,0,no,no,5,9,bambari,stefan,inhibit_searched,12,NA,NA,3,2,1,NA,0,nico,NA,NA
20231025,10,3,a_chimp,sandra,sleep_room,0,no,no,15,4,"azibo, swela",stefan,inhibit_searched,1,NA,NA,3,2,1,NA,0,nico,NA,NA
20231025,10,3,a_chimp,sandra,sleep_room,0,no,no,15,4,"azibo, swela",stefan,inhibit_searched,2,NA,NA,3,2,1,NA,0,nico,NA,NA
20231025,10,3,a_chimp,sandra,sleep_room,0,no,no,15,4,"azibo, swela",stefan,inhibit_searched,3,NA,NA,3,2,1,NA,0,nico,NA,NA
20231025,10,3,a_chimp,sandra,sleep_room,0,no,no,15,4,"azibo, swela",stefan,inhibit_searched,4,NA,NA,3,2,1,NA,0,nico,NA,NA
20231025,10,3,a_chimp,sandra,sleep_room,0,no,no,15,4,"azibo, swela",stefan,inhibit_searched,5,NA,NA,1,2,3,NA,0,nico,NA,NA
20231025,10,3,a_chimp,sandra,sleep_room,0,no,no,15,4,"azibo, swela",stefan,inhibit_searched,6,NA,NA,3,1,2,NA,0,nico,NA,NA
20231025,10,3,a_chimp,sandra,sleep_room,0,no,no,15,4,"azibo, swela",stefan,inhibit_searched,7,NA,NA,3,2,1,NA,0,nico,NA,NA
20231025,10,3,a_chimp,sandra,sleep_room,0,no,no,15,4,"azibo, swela",stefan,inhibit_searched,8,NA,NA,3,2,1,NA,0,nico,NA,NA
20231025,10,3,a_chimp,sandra,sleep_room,0,no,no,15,4,"azibo, swela",stefan,inhibit_searched,9,NA,NA,1,3,2,NA,0,nico,NA,NA
20231025,10,3,a_chimp,sandra,sleep_room,0,no,no,15,4,"azibo, swela",stefan,inhibit_searched,10,NA,NA,2,1,3,NA,0,nico,NA,NA
20231025,10,3,a_chimp,sandra,sleep_room,0,no,no,15,4,"azibo, swela",stefan,inhibit_searched,11,NA,NA,2,3,1,NA,0,nico,NA,NA
20231025,10,3,a_chimp,sandra,sleep_room,0,no,no,15,4,"azibo, swela",stefan,inhibit_searched,12,NA,NA,2,3,1,NA,0,nico,NA,NA
20231025,10,3,a_chimp,tai,sleep_room,0,no,no,14,3,"natascha, youma, makeni, fraukje, carola",stefan,inhibit_searched,1,NA,NA,2,1,3,NA,0,nico,NA,NA
20231025,10,3,a_chimp,tai,sleep_room,0,no,no,14,3,"natascha, youma, makeni, fraukje, carola",stefan,inhibit_searched,2,NA,NA,3,1,2,NA,0,nico,NA,NA
20231025,10,3,a_chimp,tai,sleep_room,0,no,no,14,3,"natascha, youma, makeni, fraukje, carola",stefan,inhibit_searched,3,NA,NA,3,2,1,NA,0,nico,NA,NA
20231025,10,3,a_chimp,tai,sleep_room,0,no,no,14,3,"natascha, youma, makeni, fraukje, carola",stefan,inhibit_searched,4,NA,NA,3,1,2,NA,0,nico,NA,NA
20231025,10,3,a_chimp,tai,sleep_room,0,no,no,14,3,"natascha, youma, makeni, fraukje, carola",stefan,inhibit_searched,5,NA,NA,3,2,1,NA,0,nico,NA,NA
20231025,10,3,a_chimp,tai,sleep_room,0,no,no,14,3,"natascha, youma, makeni, fraukje, carola",stefan,inhibit_searched,6,NA,NA,3,2,1,NA,0,nico,NA,NA
20231025,10,3,a_chimp,tai,sleep_room,0,no,no,14,3,"natascha, youma, makeni, fraukje, carola",stefan,inhibit_searched,7,NA,NA,2,1,3,NA,0,nico,NA,NA
20231025,10,3,a_chimp,tai,sleep_room,0,no,no,14,3,"natascha, youma, makeni, fraukje, carola",stefan,inhibit_searched,8,NA,NA,1,3,2,NA,0,nico,NA,NA
20231025,10,3,a_chimp,azibo,sleep_room,0,no,no,7,11,NA,stefan,inhibit_searched,1,NA,NA,1,2,3,NA,0,nico,NA,NA
20231025,10,3,a_chimp,azibo,sleep_room,0,no,no,7,11,NA,stefan,inhibit_searched,2,NA,NA,1,2,3,NA,0,nico,NA,NA
20231025,10,3,a_chimp,azibo,sleep_room,0,no,no,7,11,NA,stefan,inhibit_searched,3,NA,NA,1,2,3,NA,0,nico,NA,NA
20231025,10,3,a_chimp,azibo,sleep_room,0,no,no,7,11,NA,stefan,inhibit_searched,4,NA,NA,1,2,3,NA,0,nico,NA,NA
20231025,10,3,a_chimp,azibo,sleep_room,0,no,no,7,11,NA,stefan,inhibit_searched,5,NA,NA,1,2,3,NA,0,nico,NA,NA
20231025,10,3,a_chimp,azibo,sleep_room,0,no,no,7,11,NA,stefan,inhibit_searched,6,NA,NA,2,1,3,NA,0,nico,finger in mesh,NA
20231025,10,3,a_chimp,azibo,sleep_room,0,no,no,7,11,NA,stefan,inhibit_searched,7,NA,NA,2,1,3,NA,0,nico,NA,NA
20231025,10,3,a_chimp,azibo,sleep_room,0,no,no,7,11,NA,stefan,inhibit_searched,8,NA,NA,1,2,3,NA,0,nico,NA,NA
20231025,10,3,a_chimp,swela,sleep_room,0,no,no,15,6,NA,stefan,inhibit_searched,1,NA,NA,3,2,1,NA,0,nico,NA,NA
20231025,10,3,a_chimp,swela,sleep_room,0,no,no,15,6,NA,stefan,inhibit_searched,2,NA,NA,2,3,1,NA,0,nico,NA,NA
20231025,10,3,a_chimp,swela,sleep_room,0,no,no,15,6,NA,stefan,inhibit_searched,3,NA,NA,2,3,1,NA,0,nico,NA,NA
20231025,10,3,a_chimp,swela,sleep_room,0,no,no,15,6,NA,stefan,inhibit_searched,4,NA,NA,3,2,1,NA,0,nico,NA,NA
20231025,10,3,a_chimp,swela,sleep_room,0,no,no,15,6,NA,stefan,inhibit_searched,5,NA,NA,3,2,1,NA,0,nico,NA,NA
20231025,10,3,a_chimp,swela,sleep_room,0,no,no,15,6,NA,stefan,inhibit_searched,6,NA,NA,2,1,3,NA,0,nico,NA,NA
20231025,10,3,a_chimp,swela,sleep_room,0,no,no,15,6,NA,stefan,inhibit_searched,7,NA,NA,3,2,1,NA,0,nico,NA,NA
20231025,10,3,a_chimp,swela,sleep_room,0,no,no,15,6,NA,stefan,inhibit_searched,8,NA,NA,2,1,3,NA,0,nico,NA,NA
20231025,10,3,a_chimp,swela,sleep_room,0,no,no,15,6,NA,stefan,inhibit_searched,9,NA,NA,3,2,1,NA,0,nico,NA,NA
20231025,10,3,a_chimp,swela,sleep_room,0,no,no,15,6,NA,stefan,inhibit_searched,10,NA,NA,2,1,3,NA,0,nico,NA,NA
20231025,10,3,a_chimp,swela,sleep_room,0,no,no,15,6,NA,stefan,inhibit_searched,11,NA,NA,2,1,3,NA,0,nico,NA,NA
20231025,10,3,a_chimp,swela,sleep_room,0,no,no,15,6,NA,stefan,inhibit_searched,12,NA,NA,3,2,1,NA,0,nico,NA,NA
20231025,10,3,a_chimp,fraukje,sleep_room,0,no,no,4,8,"natascha, makeni, youma, tai",stefan,inhibit_searched,1,NA,NA,3,2,1,NA,0,nico,NA,NA
20231025,10,3,a_chimp,fraukje,sleep_room,0,no,no,4,8,"natascha, makeni, youma, tai",stefan,inhibit_searched,2,NA,NA,3,2,1,NA,0,nico,NA,NA
20231025,10,3,a_chimp,fraukje,sleep_room,0,no,no,4,8,"natascha, makeni, youma, tai",stefan,inhibit_searched,3,NA,NA,3,2,1,NA,0,nico,NA,NA
20231025,10,3,a_chimp,fraukje,sleep_room,0,no,no,4,8,"natascha, makeni, youma, tai",stefan,inhibit_searched,4,NA,NA,3,2,1,NA,0,nico,NA,NA
20231025,10,3,a_chimp,fraukje,sleep_room,0,no,no,4,8,"natascha, makeni, youma, tai",stefan,inhibit_searched,5,NA,NA,3,2,1,NA,0,nico,NA,NA
20231025,10,3,a_chimp,fraukje,sleep_room,0,no,no,4,8,"natascha, makeni, youma, tai",stefan,inhibit_searched,6,NA,NA,3,2,1,NA,0,nico,NA,NA
20231025,10,3,a_chimp,fraukje,sleep_room,0,no,no,4,8,"natascha, makeni, youma, tai",stefan,inhibit_searched,7,NA,NA,3,2,1,NA,0,nico,NA,NA
20231025,10,3,a_chimp,fraukje,sleep_room,0,no,no,4,8,"natascha, makeni, youma, tai",stefan,inhibit_searched,8,NA,NA,2,3,1,NA,0,nico,NA,NA
20231025,10,3,a_chimp,fraukje,sleep_room,0,no,no,4,8,"natascha, makeni, youma, tai",stefan,inhibit_searched,9,NA,NA,3,2,1,NA,0,nico,NA,NA
20231025,10,3,a_chimp,fraukje,sleep_room,0,no,no,4,8,"natascha, makeni, youma, tai",stefan,inhibit_searched,10,NA,NA,3,2,1,NA,0,nico,NA,NA
20231025,10,3,a_chimp,fraukje,sleep_room,0,no,no,4,8,"natascha, makeni, youma, tai",stefan,inhibit_searched,11,NA,NA,3,2,1,NA,0,nico,NA,NA
20231025,10,3,a_chimp,fraukje,sleep_room,0,no,no,4,8,"natascha, makeni, youma, tai",stefan,inhibit_searched,12,NA,NA,3,2,1,NA,0,nico,NA,NA
20231025,10,3,a_chimp,makeni,sleep_room,0,no,no,5,13,"natascha, youma, fraukje, carola, tai",stefan,inhibit_searched,1,NA,NA,2,3,1,NA,0,nico,NA,NA
20231025,10,3,a_chimp,makeni,sleep_room,0,no,no,5,13,"natascha, youma, fraukje, carola, tai",stefan,inhibit_searched,2,NA,NA,1,2,3,NA,0,nico,NA,NA
20231025,10,3,a_chimp,makeni,sleep_room,0,no,no,5,13,"natascha, youma, fraukje, carola, tai",stefan,inhibit_searched,3,NA,NA,2,1,3,NA,0,nico,NA,NA
20231025,10,3,a_chimp,makeni,sleep_room,0,no,no,5,13,"natascha, youma, fraukje, carola, tai",stefan,inhibit_searched,4,NA,NA,1,2,3,NA,0,nico,NA,NA
20231025,10,3,a_chimp,makeni,sleep_room,0,no,no,5,13,"natascha, youma, fraukje, carola, tai",stefan,inhibit_searched,5,NA,NA,1,2,3,NA,0,nico,NA,NA
20231025,10,3,a_chimp,makeni,sleep_room,0,no,no,5,13,"natascha, youma, fraukje, carola, tai",stefan,inhibit_searched,6,NA,NA,2,1,3,NA,0,nico,NA,NA
20231025,10,3,a_chimp,makeni,sleep_room,0,no,no,5,13,"natascha, youma, fraukje, carola, tai",stefan,inhibit_searched,7,NA,NA,2,1,3,NA,0,nico,NA,NA
20231025,10,3,a_chimp,makeni,sleep_room,0,no,no,5,13,"natascha, youma, fraukje, carola, tai",stefan,inhibit_searched,8,NA,NA,2,1,3,NA,0,nico,NA,NA
20231025,10,3,a_chimp,youma,sleep_room,0,no,no,4,13,"natascha, fraukje, carola, makeni",stefan,inhibit_searched,1,NA,NA,2,3,2,NA,1,nico,NA,NA
20231025,10,3,a_chimp,youma,sleep_room,0,no,no,4,13,"natascha, fraukje, carola, makeni",stefan,inhibit_searched,2,NA,NA,1,2,3,NA,0,nico,NA,NA
20231025,10,3,a_chimp,youma,sleep_room,0,no,no,4,13,"natascha, fraukje, carola, makeni",stefan,inhibit_searched,3,NA,NA,3,2,1,NA,0,nico,NA,NA
20231025,10,3,a_chimp,youma,sleep_room,0,no,no,4,13,"natascha, fraukje, carola, makeni",stefan,inhibit_searched,4,NA,NA,1,2,3,NA,0,nico,NA,NA
20231025,10,3,a_chimp,youma,sleep_room,0,no,no,4,13,"natascha, fraukje, carola, makeni",stefan,inhibit_searched,5,NA,NA,1,2,3,NA,0,nico,NA,NA
20231025,10,3,a_chimp,youma,sleep_room,0,no,no,4,13,"natascha, fraukje, carola, makeni",stefan,inhibit_searched,6,NA,NA,1,3,2,NA,0,nico,NA,NA
20231025,10,3,a_chimp,youma,sleep_room,0,no,no,4,13,"natascha, fraukje, carola, makeni",stefan,inhibit_searched,7,NA,NA,1,2,3,NA,0,nico,NA,NA
20231025,10,3,a_chimp,youma,sleep_room,0,no,no,4,13,"natascha, fraukje, carola, makeni",stefan,inhibit_searched,8,NA,NA,1,2,3,NA,0,nico,NA,NA
20231025,10,3,a_chimp,frank,sleep_room,0,no,no,9,NA,"ohini, kisha, fraukje, carola",stefan,inhibit_searched,1,NA,NA,2,2,3,NA,1,nico,NA,NA
20231025,10,3,a_chimp,frank,sleep_room,0,no,no,9,NA,"ohini, kisha, fraukje, carola",stefan,inhibit_searched,2,NA,NA,2,2,1,NA,1,nico,NA,NA
20231025,10,3,a_chimp,frank,sleep_room,0,no,no,9,NA,"ohini, kisha, fraukje, carola",stefan,inhibit_searched,3,NA,NA,2,2,2,NA,2,nico,NA,NA
20231025,10,3,a_chimp,frank,sleep_room,0,no,no,9,NA,"ohini, kisha, fraukje, carola",stefan,inhibit_searched,4,NA,NA,2,2,3,NA,1,nico,NA,NA
20231025,10,3,a_chimp,frank,sleep_room,0,no,no,9,NA,"ohini, kisha, fraukje, carola",stefan,inhibit_searched,5,NA,NA,1,2,3,NA,0,nico,NA,NA
20231025,10,3,a_chimp,frank,sleep_room,0,no,no,9,NA,"ohini, kisha, fraukje, carola",stefan,inhibit_searched,6,NA,NA,2,2,3,NA,1,nico,NA,NA
20220528,1,3,b_chimp,zira,sleep_room,0,no,no,3,3,NA,efi,inhibit_searched,1,NA,NA,2,1,1,NA,1,nico,NA,NA
20220528,1,3,b_chimp,zira,sleep_room,0,no,no,3,3,NA,efi,inhibit_searched,2,NA,NA,1,3,2,NA,0,nico,NA,NA
20220528,1,3,b_chimp,zira,sleep_room,0,no,no,3,3,NA,efi,inhibit_searched,3,NA,NA,2,1,3,NA,0,nico,NA,NA
20220528,1,3,b_chimp,zira,sleep_room,0,no,no,3,3,NA,efi,inhibit_searched,4,NA,NA,2,1,3,NA,0,nico,NA,NA
20220528,1,3,b_chimp,zira,sleep_room,0,no,no,3,3,NA,efi,inhibit_searched,5,NA,NA,2,1,3,NA,0,nico,NA,NA
20220528,1,3,b_chimp,zira,sleep_room,0,no,no,3,3,NA,efi,inhibit_searched,6,NA,NA,1,2,3,NA,0,nico,NA,NA
20220528,1,3,b_chimp,zira,sleep_room,0,no,no,3,3,NA,efi,inhibit_searched,7,NA,NA,2,3,1,NA,0,nico,NA,NA
20220528,1,3,b_chimp,zira,sleep_room,0,no,no,3,3,NA,efi,inhibit_searched,8,NA,NA,2,3,1,NA,0,nico,NA,NA
20220528,1,3,b_chimp,zira,sleep_room,0,no,no,3,3,NA,efi,inhibit_searched,9,NA,NA,1,2,3,NA,0,nico,NA,NA
20220528,1,3,b_chimp,zira,sleep_room,0,no,no,3,3,NA,efi,inhibit_searched,10,NA,NA,2,1,3,NA,0,nico,NA,NA
20220528,1,3,b_chimp,zira,sleep_room,0,no,no,3,3,NA,efi,inhibit_searched,11,NA,NA,1,2,3,NA,0,nico,NA,NA
20220528,1,3,b_chimp,zira,sleep_room,0,no,no,3,3,NA,efi,inhibit_searched,12,NA,NA,1,2,3,NA,0,nico,NA,NA
20220528,1,3,b_chimp,frederike,sleep_room,0,no,no,8,4,NA,efi,inhibit_searched,1,NA,NA,2,3,1,NA,0,nico,away,NA
20220528,1,3,b_chimp,frederike,sleep_room,0,no,no,8,4,NA,efi,inhibit_searched,2,NA,NA,2,1,3,NA,0,nico,NA,NA
20220528,1,3,b_chimp,frederike,sleep_room,0,no,no,8,4,NA,efi,inhibit_searched,3,NA,NA,1,3,2,NA,0,nico,NA,NA
20220528,1,3,b_chimp,frederike,sleep_room,0,no,no,8,4,NA,efi,inhibit_searched,4,NA,NA,2,3,2,NA,0,nico,NA,NA
20220528,1,3,b_chimp,frederike,sleep_room,0,no,no,8,4,NA,efi,inhibit_searched,5,NA,NA,1,3,2,NA,0,nico,NA,NA
20220528,1,3,b_chimp,frederike,sleep_room,0,no,no,8,4,NA,efi,inhibit_searched,6,NA,NA,1,3,2,NA,0,nico,NA,NA
20220528,1,3,b_chimp,frederike,sleep_room,0,no,no,8,4,NA,efi,inhibit_searched,7,NA,NA,3,1,2,NA,0,nico,NA,NA
20220528,1,3,b_chimp,frederike,sleep_room,0,no,no,8,4,NA,efi,inhibit_searched,8,NA,NA,1,2,3,NA,0,nico,NA,NA
20220528,1,3,b_chimp,frederike,sleep_room,0,no,no,8,4,NA,efi,inhibit_searched,9,NA,NA,1,2,3,NA,0,nico,NA,NA
20220528,1,3,b_chimp,frederike,sleep_room,0,no,no,8,4,NA,efi,inhibit_searched,10,NA,NA,2,1,3,NA,0,nico,NA,NA
20220528,1,3,b_chimp,frederike,sleep_room,0,no,no,8,4,NA,efi,inhibit_searched,11,NA,NA,1,2,3,NA,0,nico,NA,NA
20220528,1,3,b_chimp,frederike,sleep_room,0,no,no,8,4,NA,efi,inhibit_searched,12,NA,NA,2,3,1,NA,0,nico,NA,NA
20220528,1,3,b_chimp,daza,sleep_room,0,no,no,3,3,"frederike, jeudi",efi,inhibit_searched,1,NA,NA,1,2,3,NA,0,nico,NA,NA
20220528,1,3,b_chimp,daza,sleep_room,0,no,no,3,3,"frederike, jeudi",efi,inhibit_searched,2,NA,NA,1,3,2,NA,0,nico,NA,NA
20220528,1,3,b_chimp,daza,sleep_room,0,no,no,3,3,"frederike, jeudi",efi,inhibit_searched,3,NA,NA,2,3,2,NA,1,nico,NA,NA
20220528,1,3,b_chimp,daza,sleep_room,0,no,no,3,3,"frederike, jeudi",efi,inhibit_searched,4,NA,NA,2,2,3,NA,1,nico,NA,NA
20220528,1,3,b_chimp,daza,sleep_room,0,no,no,3,3,"frederike, jeudi",efi,inhibit_searched,5,NA,NA,1,2,3,NA,0,nico,NA,NA
20220528,1,3,b_chimp,daza,sleep_room,0,no,no,3,3,"frederike, jeudi",efi,inhibit_searched,6,NA,NA,2,3,1,NA,0,nico,NA,NA
20220528,1,3,b_chimp,daza,sleep_room,0,no,no,3,3,"frederike, jeudi",efi,inhibit_searched,7,NA,NA,2,3,1,NA,0,nico,NA,NA
20220528,1,3,b_chimp,daza,sleep_room,0,no,no,3,3,"frederike, jeudi",efi,inhibit_searched,8,NA,NA,3,2,1,NA,0,nico,NA,NA
20220528,1,3,b_chimp,daza,sleep_room,0,no,no,3,3,"frederike, jeudi",efi,inhibit_searched,9,NA,NA,3,2,2,NA,1,nico,first choice wasnt clear,NA
20220528,1,3,b_chimp,daza,sleep_room,0,no,no,3,3,"frederike, jeudi",efi,inhibit_searched,10,NA,NA,2,1,3,NA,0,nico,NA,NA
20220528,1,3,b_chimp,daza,sleep_room,0,no,no,3,3,"frederike, jeudi",efi,inhibit_searched,11,NA,NA,3,2,1,NA,0,nico,NA,NA
20220528,1,3,b_chimp,daza,sleep_room,0,no,no,3,3,"frederike, jeudi",efi,inhibit_searched,12,NA,NA,3,2,2,NA,1,nico,NA,NA
20220528,1,3,b_chimp,hope,sleep_room,0,no,no,3,2,zira,efi,inhibit_searched,1,NA,NA,2,1,2,NA,1,nico,NA,NA
20220528,1,3,b_chimp,hope,sleep_room,0,no,no,3,2,zira,efi,inhibit_searched,2,NA,NA,1,2,3,NA,0,nico,NA,NA
20220528,1,3,b_chimp,hope,sleep_room,0,no,no,3,2,zira,efi,inhibit_searched,3,NA,NA,2,3,1,NA,1,nico,NA,NA
20220528,1,3,b_chimp,hope,sleep_room,0,no,no,3,2,zira,efi,inhibit_searched,4,NA,NA,3,2,1,NA,0,nico,NA,NA
20220528,1,3,b_chimp,hope,sleep_room,0,no,no,3,2,zira,efi,inhibit_searched,5,NA,NA,3,2,1,NA,0,nico,NA,NA
20220528,1,3,b_chimp,hope,sleep_room,0,no,no,3,2,zira,efi,inhibit_searched,6,NA,NA,1,3,2,NA,0,nico,NA,NA
20220528,1,3,b_chimp,hope,sleep_room,0,no,no,3,2,zira,efi,inhibit_searched,7,NA,NA,1,3,2,NA,0,nico,NA,NA
20220528,1,3,b_chimp,hope,sleep_room,0,no,no,3,2,zira,efi,inhibit_searched,8,NA,NA,2,1,3,NA,0,nico,NA,NA
20220528,1,3,b_chimp,hope,sleep_room,0,no,no,3,2,zira,efi,inhibit_searched,9,NA,NA,3,1,2,NA,0,nico,NA,NA
20220528,1,3,b_chimp,hope,sleep_room,0,no,no,3,2,zira,efi,inhibit_searched,10,NA,NA,1,2,3,NA,0,nico,NA,NA
20220528,1,3,b_chimp,hope,sleep_room,0,no,no,3,2,zira,efi,inhibit_searched,11,NA,NA,1,2,2,NA,1,nico,NA,NA
20220528,1,3,b_chimp,hope,sleep_room,0,no,no,3,2,zira,efi,inhibit_searched,12,NA,NA,1,3,2,NA,0,nico,NA,NA
20220723,2,3,b_chimp,frederike,sleep_room,0,no,no,4,6,NA,rene,inhibit_searched,1,NA,NA,2,1,2,NA,1,nico,away,NA
20220723,2,3,b_chimp,frederike,sleep_room,0,no,no,4,6,NA,rene,inhibit_searched,2,NA,NA,1,3,2,NA,0,nico,away,NA
20220723,2,3,b_chimp,frederike,sleep_room,0,no,no,4,6,NA,rene,inhibit_searched,3,NA,NA,1,3,2,NA,0,nico,away,NA
20220723,2,3,b_chimp,frederike,sleep_room,0,no,no,4,6,NA,rene,inhibit_searched,4,NA,NA,1,2,3,NA,0,nico,NA,NA
20220723,2,3,b_chimp,frederike,sleep_room,0,no,no,4,6,NA,rene,inhibit_searched,5,NA,NA,1,3,2,NA,0,nico,NA,NA
20220723,2,3,b_chimp,frederike,sleep_room,0,no,no,4,6,NA,rene,inhibit_searched,6,NA,NA,1,2,3,NA,0,nico,aborted after this one because of time,NA
20220723,2,3,b_chimp,alex,sleep_room,0,no,no,4,1,NA,rene,inhibit_searched,1,NA,NA,1,3,1,NA,1,nico,NA,NA
20220723,2,3,b_chimp,alex,sleep_room,0,no,no,4,1,NA,rene,inhibit_searched,2,NA,NA,2,3,3,NA,1,nico,away,NA
20220723,2,3,b_chimp,alex,sleep_room,0,no,no,4,1,NA,rene,inhibit_searched,3,NA,NA,2,3,1,NA,0,nico,NA,NA
20220723,2,3,b_chimp,alex,sleep_room,0,no,no,4,1,NA,rene,inhibit_searched,4,NA,NA,3,1,3,NA,1,nico,struggles with motivation,NA
20220723,2,3,b_chimp,alex,sleep_room,0,no,no,4,1,NA,rene,inhibit_searched,5,NA,NA,1,2,1,NA,1,nico,away,NA
20220723,2,3,b_chimp,alex,sleep_room,0,no,no,4,1,NA,rene,inhibit_searched,6,NA,NA,3,2,1,NA,0,nico,NA,NA
20220723,2,3,b_chimp,alex,sleep_room,0,no,no,4,1,NA,rene,inhibit_searched,7,NA,NA,3,1,2,NA,0,nico,NA,NA
20220723,2,3,b_chimp,alex,sleep_room,0,no,no,4,1,NA,rene,inhibit_searched,8,NA,NA,1,3,2,NA,0,nico,NA,NA
20220723,2,3,b_chimp,alex,sleep_room,0,no,no,4,1,NA,rene,inhibit_searched,9,NA,NA,1,3,2,NA,0,nico,NA,NA
20220723,2,3,b_chimp,alex,sleep_room,0,no,no,4,1,NA,rene,inhibit_searched,10,NA,NA,3,1,2,NA,0,nico,NA,NA
20220723,2,3,b_chimp,alex,sleep_room,0,no,no,4,1,NA,rene,inhibit_searched,11,NA,NA,3,2,1,NA,0,nico,NA,NA
20220723,2,3,b_chimp,alex,sleep_room,0,no,no,4,1,NA,rene,inhibit_searched,12,NA,NA,2,1,3,NA,0,nico,NA,NA
20220723,2,3,b_chimp,zira,sleep_room,0,no,no,4,3,alex,rene,inhibit_searched,1,NA,NA,2,3,1,NA,0,nico,NA,NA
20220723,2,3,b_chimp,zira,sleep_room,0,no,no,4,3,alex,rene,inhibit_searched,2,NA,NA,2,1,3,NA,0,nico,NA,NA
20220723,2,3,b_chimp,zira,sleep_room,0,no,no,4,3,alex,rene,inhibit_searched,3,NA,NA,3,2,1,NA,0,nico,NA,NA
20220723,2,3,b_chimp,zira,sleep_room,0,no,no,4,3,alex,rene,inhibit_searched,4,NA,NA,3,2,1,NA,0,nico,NA,NA
20220723,2,3,b_chimp,zira,sleep_room,0,no,no,4,3,alex,rene,inhibit_searched,5,NA,NA,2,3,1,NA,0,nico,NA,NA
20220723,2,3,b_chimp,zira,sleep_room,0,no,no,4,3,alex,rene,inhibit_searched,6,NA,NA,2,1,3,NA,0,nico,NA,NA
20220723,2,3,b_chimp,zira,sleep_room,0,no,no,4,3,alex,rene,inhibit_searched,7,NA,NA,1,2,3,NA,0,nico,NA,NA
20220723,2,3,b_chimp,zira,sleep_room,0,no,no,4,3,alex,rene,inhibit_searched,8,NA,NA,2,1,3,NA,0,nico,NA,NA
20220723,2,3,b_chimp,zira,sleep_room,0,no,no,4,3,alex,rene,inhibit_searched,9,NA,NA,1,2,3,NA,0,nico,NA,NA
20220723,2,3,b_chimp,zira,sleep_room,0,no,no,4,3,alex,rene,inhibit_searched,10,NA,NA,2,3,1,NA,0,nico,NA,NA
20220723,2,3,b_chimp,zira,sleep_room,0,no,no,4,3,alex,rene,inhibit_searched,11,NA,NA,2,1,3,NA,0,nico,NA,NA
20220723,2,3,b_chimp,zira,sleep_room,0,no,no,4,3,alex,rene,inhibit_searched,12,NA,NA,2,3,1,NA,0,nico,NA,NA
20220723,2,3,b_chimp,hope,sleep_room,0,no,no,4,2,zira,rene,inhibit_searched,1,NA,NA,1,2,3,NA,0,nico,NA,NA
20220723,2,3,b_chimp,hope,sleep_room,0,no,no,4,2,zira,rene,inhibit_searched,2,NA,NA,1,3,2,NA,0,nico,both sides problem,NA
20220723,2,3,b_chimp,hope,sleep_room,0,no,no,4,2,zira,rene,inhibit_searched,3,NA,NA,1,3,2,NA,0,nico,NA,NA
20220723,2,3,b_chimp,hope,sleep_room,0,no,no,4,2,zira,rene,inhibit_searched,4,NA,NA,1,3,2,NA,0,nico,NA,NA
20220723,2,3,b_chimp,hope,sleep_room,0,no,no,4,2,zira,rene,inhibit_searched,5,NA,NA,1,3,2,NA,0,nico,NA,NA
20220723,2,3,b_chimp,hope,sleep_room,0,no,no,4,2,zira,rene,inhibit_searched,6,NA,NA,1,2,3,NA,0,nico,NA,NA
20220723,2,3,b_chimp,hope,sleep_room,0,no,no,4,2,zira,rene,inhibit_searched,7,NA,NA,2,1,3,NA,0,nico,NA,NA
20220723,2,3,b_chimp,hope,sleep_room,0,no,no,4,2,zira,rene,inhibit_searched,8,NA,NA,1,3,2,NA,0,nico,NA,NA
20220723,2,3,b_chimp,hope,sleep_room,0,no,no,4,2,zira,rene,inhibit_searched,9,NA,NA,2,3,1,NA,0,nico,NA,NA
20220723,2,3,b_chimp,hope,sleep_room,0,no,no,4,2,zira,rene,inhibit_searched,10,NA,NA,1,2,3,NA,0,nico,NA,NA
20220723,2,3,b_chimp,hope,sleep_room,0,no,no,4,2,zira,rene,inhibit_searched,11,NA,NA,1,2,3,NA,0,nico,NA,NA
20220723,2,3,b_chimp,hope,sleep_room,0,no,no,4,2,zira,rene,inhibit_searched,12,NA,NA,1,2,3,NA,0,nico,NA,NA
20220923,3,3,b_chimp,hope,sleep_room,0,no,no,47,2,NA,inga,inhibit_searched,1,NA,NA,2,3,1,NA,0,nico,NA,NA
20220923,3,3,b_chimp,hope,sleep_room,0,no,no,47,2,NA,inga,inhibit_searched,2,NA,NA,1,2,3,NA,0,nico,NA,NA
20220923,3,3,b_chimp,hope,sleep_room,0,no,no,47,2,NA,inga,inhibit_searched,3,NA,NA,1,2,3,NA,0,nico,NA,NA
20220923,3,3,b_chimp,hope,sleep_room,0,no,no,47,2,NA,inga,inhibit_searched,4,NA,NA,1,2,3,NA,0,nico,NA,NA
20220923,3,3,b_chimp,hope,sleep_room,0,no,no,47,2,NA,inga,inhibit_searched,5,NA,NA,1,3,2,NA,0,nico,NA,NA
20220923,3,3,b_chimp,hope,sleep_room,0,no,no,47,2,NA,inga,inhibit_searched,6,NA,NA,1,2,3,NA,0,nico,both sides problem,NA
20220923,3,3,b_chimp,hope,sleep_room,0,no,no,47,2,NA,inga,inhibit_searched,7,NA,NA,1,2,3,NA,0,nico,NA,NA
20220923,3,3,b_chimp,hope,sleep_room,0,no,no,47,2,NA,inga,inhibit_searched,8,NA,NA,1,2,3,NA,0,nico,NA,NA
20220923,3,3,b_chimp,hope,sleep_room,0,no,no,47,2,NA,inga,inhibit_searched,9,NA,NA,1,2,3,NA,0,nico,NA,NA
20220923,3,3,b_chimp,hope,sleep_room,0,no,no,47,2,NA,inga,inhibit_searched,10,NA,NA,1,2,3,NA,0,nico,NA,NA
20220923,3,3,b_chimp,hope,sleep_room,0,no,no,47,2,NA,inga,inhibit_searched,11,NA,NA,1,2,3,NA,0,nico,NA,NA
20220923,3,3,b_chimp,hope,sleep_room,0,no,no,47,2,NA,inga,inhibit_searched,12,NA,NA,1,2,3,NA,0,nico,NA,NA
20220923,3,3,b_chimp,zira,sleep_room,0,no,no,47,3,NA,inga,inhibit_searched,1,NA,NA,2,3,1,NA,0,nico,NA,NA
20220923,3,3,b_chimp,zira,sleep_room,0,no,no,47,3,NA,inga,inhibit_searched,2,NA,NA,2,3,1,NA,0,nico,NA,NA
20220923,3,3,b_chimp,zira,sleep_room,0,no,no,47,3,NA,inga,inhibit_searched,3,NA,NA,2,1,3,NA,0,nico,NA,NA
20220923,3,3,b_chimp,zira,sleep_room,0,no,no,47,3,NA,inga,inhibit_searched,4,NA,NA,1,2,3,NA,0,nico,NA,NA
20220923,3,3,b_chimp,zira,sleep_room,0,no,no,47,3,NA,inga,inhibit_searched,5,NA,NA,1,2,1,NA,0,nico,NA,NA
20220923,3,3,b_chimp,zira,sleep_room,0,no,no,47,3,NA,inga,inhibit_searched,6,NA,NA,2,1,3,NA,0,nico,NA,NA
20220923,3,3,b_chimp,zira,sleep_room,0,no,no,47,3,NA,inga,inhibit_searched,7,NA,NA,2,1,3,NA,0,nico,NA,NA
20220923,3,3,b_chimp,zira,sleep_room,0,no,no,47,3,NA,inga,inhibit_searched,8,NA,NA,2,1,3,NA,0,nico,NA,NA
20220923,3,3,b_chimp,zira,sleep_room,0,no,no,47,3,NA,inga,inhibit_searched,9,NA,NA,2,1,3,NA,0,nico,NA,NA
20220923,3,3,b_chimp,zira,sleep_room,0,no,no,47,3,NA,inga,inhibit_searched,10,NA,NA,3,2,1,NA,0,nico,NA,NA
20220923,3,3,b_chimp,zira,sleep_room,0,no,no,47,3,NA,inga,inhibit_searched,11,NA,NA,1,2,3,NA,0,nico,NA,NA
20220923,3,3,b_chimp,zira,sleep_room,0,no,no,47,3,NA,inga,inhibit_searched,12,NA,NA,1,2,3,NA,0,nico,NA,NA
20220923,3,3,b_chimp,alex,sleep_room,0,no,no,48,1,NA,inga,inhibit_searched,1,NA,NA,1,3,2,NA,0,nico,NA,NA
20220923,3,3,b_chimp,alex,sleep_room,0,no,no,48,1,NA,inga,inhibit_searched,2,NA,NA,3,2,1,NA,0,nico,NA,NA
20220923,3,3,b_chimp,alex,sleep_room,0,no,no,48,1,NA,inga,inhibit_searched,3,NA,NA,1,3,2,NA,0,nico,NA,NA
20220923,3,3,b_chimp,alex,sleep_room,0,no,no,48,1,NA,inga,inhibit_searched,4,NA,NA,2,3,1,NA,0,nico,NA,NA
20220923,3,3,b_chimp,alex,sleep_room,0,no,no,48,1,NA,inga,inhibit_searched,5,NA,NA,2,1,2,NA,1,nico,NA,NA
20220923,3,3,b_chimp,alex,sleep_room,0,no,no,48,1,NA,inga,inhibit_searched,6,NA,NA,2,1,3,NA,0,nico,NA,NA
20220923,3,3,b_chimp,alex,sleep_room,0,no,no,48,1,NA,inga,inhibit_searched,7,NA,NA,2,3,2,NA,1,nico,NA,NA
20220923,3,3,b_chimp,alex,sleep_room,0,no,no,48,1,NA,inga,inhibit_searched,8,NA,NA,1,3,2,NA,0,nico,NA,NA
20220923,3,3,b_chimp,alex,sleep_room,0,no,no,48,1,NA,inga,inhibit_searched,9,NA,NA,1,3,2,NA,0,nico,NA,NA
20220923,3,3,b_chimp,alex,sleep_room,0,no,no,48,1,NA,inga,inhibit_searched,10,NA,NA,1,3,3,NA,1,nico,away,NA
20220923,3,3,b_chimp,alex,sleep_room,0,no,no,48,1,NA,inga,inhibit_searched,11,NA,NA,2,3,1,NA,0,nico,NA,NA
20220923,3,3,b_chimp,alex,sleep_room,0,no,no,48,1,NA,inga,inhibit_searched,12,NA,NA,1,3,2,NA,0,nico,NA,NA
20220923,3,3,b_chimp,daza,sleep_room,0,no,no,48,3,frederike,inga,inhibit_searched,1,NA,NA,2,3,1,NA,0,nico,NA,NA
20220923,3,3,b_chimp,daza,sleep_room,0,no,no,48,3,frederike,inga,inhibit_searched,2,NA,NA,2,3,1,NA,0,nico,NA,NA
20220923,3,3,b_chimp,daza,sleep_room,0,no,no,48,3,frederike,inga,inhibit_searched,3,NA,NA,2,3,1,NA,0,nico,NA,NA
20220923,3,3,b_chimp,daza,sleep_room,0,no,no,48,3,frederike,inga,inhibit_searched,4,NA,NA,3,1,2,NA,0,nico,NA,NA
20220923,3,3,b_chimp,daza,sleep_room,0,no,no,48,3,frederike,inga,inhibit_searched,5,NA,NA,3,1,2,NA,0,nico,NA,NA
20220923,3,3,b_chimp,daza,sleep_room,0,no,no,48,3,frederike,inga,inhibit_searched,6,NA,NA,3,2,1,NA,0,nico,NA,NA
20220923,3,3,b_chimp,daza,sleep_room,0,no,no,48,3,frederike,inga,inhibit_searched,7,NA,NA,3,2,1,NA,0,nico,NA,NA
20220923,3,3,b_chimp,daza,sleep_room,0,no,no,48,3,frederike,inga,inhibit_searched,8,NA,NA,3,2,1,NA,0,nico,NA,NA
20220923,3,3,b_chimp,daza,sleep_room,0,no,no,48,3,frederike,inga,inhibit_searched,9,NA,NA,3,1,2,NA,0,nico,NA,NA
20220923,3,3,b_chimp,daza,sleep_room,0,no,no,48,3,frederike,inga,inhibit_searched,10,NA,NA,3,2,1,NA,0,nico,NA,NA
20220923,3,3,b_chimp,daza,sleep_room,0,no,no,48,3,frederike,inga,inhibit_searched,11,NA,NA,3,1,2,NA,0,nico,NA,NA
20220923,3,3,b_chimp,daza,sleep_room,0,no,no,48,3,frederike,inga,inhibit_searched,12,NA,NA,3,2,1,NA,0,nico,NA,NA
20221106,4,3,b_chimp,alex,sleep_room,0,no,no,25,1,NA,efi,inhibit_searched,1,NA,NA,3,2,1,NA,0,nico,NA,NA
20221106,4,3,b_chimp,alex,sleep_room,0,no,no,25,1,NA,efi,inhibit_searched,2,NA,NA,2,3,2,NA,1,nico,NA,NA
20221106,4,3,b_chimp,alex,sleep_room,0,no,no,25,1,NA,efi,inhibit_searched,3,NA,NA,2,1,3,NA,0,nico,NA,NA
20221106,4,3,b_chimp,alex,sleep_room,0,no,no,25,1,NA,efi,inhibit_searched,4,NA,NA,2,3,1,NA,0,nico,NA,NA
20221106,4,3,b_chimp,alex,sleep_room,0,no,no,25,1,NA,efi,inhibit_searched,5,NA,NA,2,1,3,NA,0,nico,NA,NA
20221106,4,3,b_chimp,alex,sleep_room,0,no,no,25,1,NA,efi,inhibit_searched,6,NA,NA,1,3,2,NA,0,nico,NA,NA
20221106,4,3,b_chimp,alex,sleep_room,0,no,no,25,1,NA,efi,inhibit_searched,7,NA,NA,2,1,2,NA,1,nico,NA,NA
20221106,4,3,b_chimp,alex,sleep_room,0,no,no,25,1,NA,efi,inhibit_searched,8,NA,NA,2,3,1,NA,0,nico,NA,NA
20221106,4,3,b_chimp,alex,sleep_room,0,no,no,25,1,NA,efi,inhibit_searched,9,NA,NA,3,2,1,NA,0,nico,NA,NA
20221106,4,3,b_chimp,alex,sleep_room,0,no,no,25,1,NA,efi,inhibit_searched,10,NA,NA,1,2,3,NA,0,nico,NA,NA
20221106,4,3,b_chimp,alex,sleep_room,0,no,no,25,1,NA,efi,inhibit_searched,11,NA,NA,2,1,3,NA,0,nico,NA,NA
20221106,4,3,b_chimp,alex,sleep_room,0,no,no,25,1,NA,efi,inhibit_searched,12,NA,NA,2,3,1,NA,0,nico,NA,NA
20221106,4,3,b_chimp,hope,sleep_room,0,no,no,20,2,NA,efi,inhibit_searched,1,NA,NA,2,3,1,NA,0,nico,NA,NA
20221106,4,3,b_chimp,hope,sleep_room,0,no,no,20,2,NA,efi,inhibit_searched,2,NA,NA,1,2,3,NA,0,nico,NA,NA
20221106,4,3,b_chimp,hope,sleep_room,0,no,no,20,2,NA,efi,inhibit_searched,3,NA,NA,1,2,3,NA,0,nico,NA,NA
20221106,4,3,b_chimp,hope,sleep_room,0,no,no,20,2,NA,efi,inhibit_searched,4,NA,NA,2,3,1,NA,0,nico,NA,NA
20221106,4,3,b_chimp,hope,sleep_room,0,no,no,20,2,NA,efi,inhibit_searched,5,NA,NA,1,2,3,NA,0,nico,NA,NA
20221106,4,3,b_chimp,hope,sleep_room,0,no,no,20,2,NA,efi,inhibit_searched,6,NA,NA,1,2,3,NA,0,nico,NA,NA
20221106,4,3,b_chimp,hope,sleep_room,0,no,no,20,2,NA,efi,inhibit_searched,7,NA,NA,1,2,3,NA,0,nico,NA,NA
20221106,4,3,b_chimp,hope,sleep_room,0,no,no,20,2,NA,efi,inhibit_searched,8,NA,NA,3,2,1,NA,0,nico,NA,NA
20221106,4,3,b_chimp,hope,sleep_room,0,no,no,20,2,NA,efi,inhibit_searched,9,NA,NA,1,2,3,NA,0,nico,NA,NA
20221106,4,3,b_chimp,hope,sleep_room,0,no,no,20,2,NA,efi,inhibit_searched,10,NA,NA,1,2,3,NA,0,nico,NA,NA
20221106,4,3,b_chimp,hope,sleep_room,0,no,no,20,2,NA,efi,inhibit_searched,11,NA,NA,1,2,3,NA,0,nico,NA,NA
20221106,4,3,b_chimp,hope,sleep_room,0,no,no,20,2,NA,efi,inhibit_searched,12,NA,NA,1,2,3,NA,0,nico,NA,NA
20221106,4,3,b_chimp,frederike,sleep_room,0,no,no,24,6,NA,efi,inhibit_searched,1,NA,NA,3,2,2,NA,1,nico,away,NA
20221106,4,3,b_chimp,frederike,sleep_room,0,no,no,24,6,NA,efi,inhibit_searched,2,NA,NA,2,3,1,NA,0,nico,away,NA
20221106,4,3,b_chimp,frederike,sleep_room,0,no,no,24,6,NA,efi,inhibit_searched,3,NA,NA,3,1,2,NA,0,nico,away,NA
20221106,4,3,b_chimp,frederike,sleep_room,0,no,no,24,6,NA,efi,inhibit_searched,4,NA,NA,2,3,1,NA,0,nico,away,NA
20221106,4,3,b_chimp,frederike,sleep_room,0,no,no,24,6,NA,efi,inhibit_searched,5,NA,NA,1,2,3,NA,0,nico,NA,NA
20221106,4,3,b_chimp,frederike,sleep_room,0,no,no,24,6,NA,efi,inhibit_searched,6,NA,NA,3,1,2,NA,0,nico,NA,NA
20221106,4,3,b_chimp,frederike,sleep_room,0,no,no,24,6,NA,efi,inhibit_searched,7,NA,NA,2,3,1,NA,0,nico,away,NA
20221106,4,3,b_chimp,frederike,sleep_room,0,no,no,24,6,NA,efi,inhibit_searched,8,NA,NA,1,2,3,NA,0,nico,NA,NA
20221106,4,3,b_chimp,daza,sleep_room,0,no,no,24,3,frederike,efi,inhibit_searched,1,NA,NA,1,3,2,NA,0,nico,NA,NA
20221106,4,3,b_chimp,daza,sleep_room,0,no,no,24,3,frederike,efi,inhibit_searched,2,NA,NA,1,3,2,NA,0,nico,NA,NA
20221106,4,3,b_chimp,daza,sleep_room,0,no,no,24,3,frederike,efi,inhibit_searched,3,NA,NA,3,2,1,NA,0,nico,NA,NA
20221106,4,3,b_chimp,daza,sleep_room,0,no,no,24,3,frederike,efi,inhibit_searched,4,NA,NA,3,2,2,NA,1,nico,NA,NA
20221106,4,3,b_chimp,daza,sleep_room,0,no,no,24,3,frederike,efi,inhibit_searched,5,NA,NA,3,2,2,NA,1,nico,NA,NA
20221106,4,3,b_chimp,daza,sleep_room,0,no,no,24,3,frederike,efi,inhibit_searched,6,NA,NA,3,2,1,NA,0,nico,NA,NA
20221106,4,3,b_chimp,daza,sleep_room,0,no,no,24,3,frederike,efi,inhibit_searched,7,NA,NA,3,2,2,NA,1,nico,NA,NA
20221106,4,3,b_chimp,daza,sleep_room,0,no,no,24,3,frederike,efi,inhibit_searched,8,NA,NA,3,2,2,NA,1,nico,NA,NA
20221106,4,3,b_chimp,daza,sleep_room,0,no,no,24,3,frederike,efi,inhibit_searched,9,NA,NA,3,2,2,NA,1,nico,NA,NA
20221106,4,3,b_chimp,daza,sleep_room,0,no,no,24,3,frederike,efi,inhibit_searched,10,NA,NA,1,3,2,NA,0,nico,NA,NA
20221106,4,3,b_chimp,daza,sleep_room,0,no,no,24,3,frederike,efi,inhibit_searched,11,NA,NA,3,2,2,NA,1,nico,NA,NA
20221106,4,3,b_chimp,daza,sleep_room,0,no,no,24,3,frederike,efi,inhibit_searched,12,NA,NA,3,2,2,NA,1,nico,NA,NA
20221106,4,3,b_chimp,jeudi,sleep_room,0,no,no,3,5,"frederike, daza",efi,inhibit_searched,1,NA,NA,2,1,2,NA,1,nico,took her a while to decide,NA
20221106,4,3,b_chimp,jeudi,sleep_room,0,no,no,3,5,"frederike, daza",efi,inhibit_searched,2,NA,NA,2,3,1,NA,0,nico,NA,NA
20221106,4,3,b_chimp,jeudi,sleep_room,0,no,no,3,5,"frederike, daza",efi,inhibit_searched,3,NA,NA,2,3,1,NA,0,nico,NA,NA
20221106,4,3,b_chimp,jeudi,sleep_room,0,no,no,3,5,"frederike, daza",efi,inhibit_searched,4,NA,NA,3,1,1,NA,1,nico,NA,NA
20221106,4,3,b_chimp,jeudi,sleep_room,0,no,no,3,5,"frederike, daza",efi,inhibit_searched,5,NA,NA,3,2,1,NA,0,nico,NA,NA
20221106,4,3,b_chimp,jeudi,sleep_room,0,no,no,3,5,"frederike, daza",efi,inhibit_searched,6,NA,NA,3,1,2,NA,0,nico,NA,NA
20221106,4,3,b_chimp,jeudi,sleep_room,0,no,no,3,5,"frederike, daza",efi,inhibit_searched,7,NA,NA,1,2,1,NA,1,nico,NA,NA
20221106,4,3,b_chimp,jeudi,sleep_room,0,no,no,3,5,"frederike, daza",efi,inhibit_searched,8,NA,NA,2,3,1,NA,0,nico,NA,NA
20230106,5,3,b_chimp,hope,sleep_room,0,no,no,54,2,frederike,efi,inhibit_searched,1,NA,NA,2,3,1,NA,0,nico,NA,NA
20230106,5,3,b_chimp,hope,sleep_room,0,no,no,54,2,frederike,efi,inhibit_searched,2,NA,NA,1,2,3,NA,0,nico,NA,NA
20230106,5,3,b_chimp,hope,sleep_room,0,no,no,54,2,frederike,efi,inhibit_searched,3,NA,NA,1,2,3,NA,0,nico,NA,NA
20230106,5,3,b_chimp,hope,sleep_room,0,no,no,54,2,frederike,efi,inhibit_searched,4,NA,NA,1,2,3,NA,0,nico,NA,NA
20230106,5,3,b_chimp,hope,sleep_room,0,no,no,54,2,frederike,efi,inhibit_searched,5,NA,NA,1,2,3,NA,0,nico,NA,NA
20230106,5,3,b_chimp,hope,sleep_room,0,no,no,54,2,frederike,efi,inhibit_searched,6,NA,NA,1,2,3,NA,0,nico,NA,NA
20230106,5,3,b_chimp,hope,sleep_room,0,no,no,54,2,frederike,efi,inhibit_searched,7,NA,NA,1,2,3,NA,0,nico,NA,NA
20230106,5,3,b_chimp,hope,sleep_room,0,no,no,54,2,frederike,efi,inhibit_searched,8,NA,NA,1,2,3,NA,0,nico,NA,NA
20230106,5,3,b_chimp,hope,sleep_room,0,no,no,54,2,frederike,efi,inhibit_searched,9,NA,NA,1,2,3,NA,0,nico,NA,NA
20230106,5,3,b_chimp,hope,sleep_room,0,no,no,54,2,frederike,efi,inhibit_searched,10,NA,NA,1,2,3,NA,0,nico,NA,NA
20230106,5,3,b_chimp,hope,sleep_room,0,no,no,54,2,frederike,efi,inhibit_searched,11,NA,NA,1,2,3,NA,0,nico,NA,NA
20230106,5,3,b_chimp,hope,sleep_room,0,no,no,54,2,frederike,efi,inhibit_searched,12,NA,NA,1,2,3,NA,0,nico,NA,NA
20230106,5,3,b_chimp,zira,sleep_room,1,no,no,53,3,NA,efi,inhibit_searched,1,NA,NA,1,3,1,NA,1,nico,NA,NA
20230106,5,3,b_chimp,zira,sleep_room,1,no,no,53,3,NA,efi,inhibit_searched,2,NA,NA,1,3,2,NA,0,nico,NA,NA
20230106,5,3,b_chimp,zira,sleep_room,1,no,no,53,3,NA,efi,inhibit_searched,3,NA,NA,2,3,1,NA,0,nico,NA,NA
20230106,5,3,b_chimp,zira,sleep_room,1,no,no,53,3,NA,efi,inhibit_searched,4,NA,NA,2,1,3,NA,0,nico,NA,NA
20230106,5,3,b_chimp,zira,sleep_room,1,no,no,53,3,NA,efi,inhibit_searched,5,NA,NA,3,2,1,NA,0,nico,NA,NA
20230106,5,3,b_chimp,zira,sleep_room,1,no,no,53,3,NA,efi,inhibit_searched,6,NA,NA,1,3,2,NA,0,nico,NA,NA
20230106,5,3,b_chimp,zira,sleep_room,1,no,no,53,3,NA,efi,inhibit_searched,7,NA,NA,2,3,1,NA,0,nico,NA,NA
20230106,5,3,b_chimp,zira,sleep_room,1,no,no,53,3,NA,efi,inhibit_searched,8,NA,NA,2,3,1,NA,0,nico,NA,NA
20230106,5,3,b_chimp,zira,sleep_room,1,no,no,53,3,NA,efi,inhibit_searched,9,NA,NA,2,3,1,NA,0,nico,NA,NA
20230106,5,3,b_chimp,zira,sleep_room,1,no,no,53,3,NA,efi,inhibit_searched,10,NA,NA,3,2,1,NA,0,nico,NA,NA
20230106,5,3,b_chimp,zira,sleep_room,1,no,no,53,3,NA,efi,inhibit_searched,11,NA,NA,3,2,1,NA,0,nico,NA,NA
20230106,5,3,b_chimp,zira,sleep_room,1,no,no,53,3,NA,efi,inhibit_searched,12,NA,NA,2,1,3,NA,0,nico,NA,NA
20230106,5,3,b_chimp,alex,sleep_room,0,no,no,58,1,NA,efi,inhibit_searched,1,NA,NA,3,1,2,NA,0,nico,NA,NA
20230106,5,3,b_chimp,alex,sleep_room,0,no,no,58,1,NA,efi,inhibit_searched,2,NA,NA,2,1,3,NA,0,nico,NA,NA
20230106,5,3,b_chimp,alex,sleep_room,0,no,no,58,1,NA,efi,inhibit_searched,3,NA,NA,1,3,2,NA,0,nico,NA,NA
20230106,5,3,b_chimp,alex,sleep_room,0,no,no,58,1,NA,efi,inhibit_searched,4,NA,NA,3,2,1,NA,0,nico,NA,NA
20230106,5,3,b_chimp,alex,sleep_room,0,no,no,58,1,NA,efi,inhibit_searched,5,NA,NA,2,1,3,NA,0,nico,NA,NA
20230106,5,3,b_chimp,alex,sleep_room,0,no,no,58,1,NA,efi,inhibit_searched,6,NA,NA,1,3,2,NA,0,nico,NA,NA
20230106,5,3,b_chimp,alex,sleep_room,0,no,no,58,1,NA,efi,inhibit_searched,7,NA,NA,2,1,3,NA,0,nico,NA,NA
20230106,5,3,b_chimp,alex,sleep_room,0,no,no,58,1,NA,efi,inhibit_searched,8,NA,NA,3,1,2,NA,0,nico,NA,NA
20230106,5,3,b_chimp,alex,sleep_room,0,no,no,58,1,NA,efi,inhibit_searched,9,NA,NA,3,1,2,NA,0,nico,NA,NA
20230106,5,3,b_chimp,alex,sleep_room,0,no,no,58,1,NA,efi,inhibit_searched,10,NA,NA,3,2,1,NA,0,nico,NA,NA
20230106,5,3,b_chimp,alex,sleep_room,0,no,no,58,1,NA,efi,inhibit_searched,11,NA,NA,3,2,1,NA,0,nico,NA,NA
20230106,5,3,b_chimp,alex,sleep_room,0,no,no,58,1,NA,efi,inhibit_searched,12,NA,NA,3,1,2,NA,0,nico,NA,NA
20230106,5,3,b_chimp,frederike,sleep_room,0,no,no,57,6,NA,efi,inhibit_searched,1,NA,NA,1,3,2,NA,0,nico,away,NA
20230106,5,3,b_chimp,frederike,sleep_room,0,no,no,57,6,NA,efi,inhibit_searched,2,NA,NA,1,2,3,NA,0,nico,NA,NA
20230106,5,3,b_chimp,frederike,sleep_room,0,no,no,57,6,NA,efi,inhibit_searched,3,NA,NA,1,3,2,NA,0,nico,NA,NA
20230106,5,3,b_chimp,frederike,sleep_room,0,no,no,57,6,NA,efi,inhibit_searched,4,NA,NA,1,2,3,NA,0,nico,NA,NA
20230106,5,3,b_chimp,frederike,sleep_room,0,no,no,57,6,NA,efi,inhibit_searched,5,NA,NA,1,2,3,NA,0,nico,NA,NA
20230106,5,3,b_chimp,frederike,sleep_room,0,no,no,57,6,NA,efi,inhibit_searched,6,NA,NA,1,2,3,NA,0,nico,NA,NA
20230106,5,3,b_chimp,frederike,sleep_room,0,no,no,57,6,NA,efi,inhibit_searched,7,NA,NA,1,2,3,NA,0,nico,NA,NA
20230106,5,3,b_chimp,frederike,sleep_room,0,no,no,57,6,NA,efi,inhibit_searched,8,NA,NA,2,3,1,NA,0,nico,NA,NA
20230106,5,3,b_chimp,frederike,sleep_room,0,no,no,57,6,NA,efi,inhibit_searched,9,NA,NA,1,2,3,NA,0,nico,NA,NA
20230106,5,3,b_chimp,frederike,sleep_room,0,no,no,57,6,NA,efi,inhibit_searched,10,NA,NA,1,2,3,NA,0,nico,NA,NA
20230106,5,3,b_chimp,frederike,sleep_room,0,no,no,57,6,NA,efi,inhibit_searched,11,NA,NA,2,3,1,NA,0,nico,NA,NA
20230106,5,3,b_chimp,frederike,sleep_room,0,no,no,57,6,NA,efi,inhibit_searched,12,NA,NA,1,2,3,NA,0,nico,NA,NA
20230106,5,3,b_chimp,daza,sleep_room,0,no,no,54,3,"frederike, jeudi",efi,inhibit_searched,1,NA,NA,2,3,2,NA,1,nico,NA,NA
20230106,5,3,b_chimp,daza,sleep_room,0,no,no,54,3,"frederike, jeudi",efi,inhibit_searched,2,NA,NA,1,3,2,NA,0,nico,NA,NA
20230106,5,3,b_chimp,daza,sleep_room,0,no,no,54,3,"frederike, jeudi",efi,inhibit_searched,3,NA,NA,2,3,1,NA,0,nico,NA,NA
20230106,5,3,b_chimp,daza,sleep_room,0,no,no,54,3,"frederike, jeudi",efi,inhibit_searched,4,NA,NA,2,3,2,NA,1,nico,NA,NA
20230106,5,3,b_chimp,daza,sleep_room,0,no,no,54,3,"frederike, jeudi",efi,inhibit_searched,5,NA,NA,3,2,1,NA,0,nico,NA,NA
20230106,5,3,b_chimp,daza,sleep_room,0,no,no,54,3,"frederike, jeudi",efi,inhibit_searched,6,NA,NA,1,3,2,NA,0,nico,NA,NA
20230106,5,3,b_chimp,daza,sleep_room,0,no,no,54,3,"frederike, jeudi",efi,inhibit_searched,7,NA,NA,1,3,2,NA,0,nico,NA,NA
20230106,5,3,b_chimp,daza,sleep_room,0,no,no,54,3,"frederike, jeudi",efi,inhibit_searched,8,NA,NA,2,3,1,NA,0,nico,NA,NA
20230106,5,3,b_chimp,daza,sleep_room,0,no,no,54,3,"frederike, jeudi",efi,inhibit_searched,9,NA,NA,3,2,1,NA,0,nico,NA,NA
20230106,5,3,b_chimp,daza,sleep_room,0,no,no,54,3,"frederike, jeudi",efi,inhibit_searched,10,NA,NA,3,2,1,NA,0,nico,NA,NA
20230106,5,3,b_chimp,daza,sleep_room,0,no,no,54,3,"frederike, jeudi",efi,inhibit_searched,11,NA,NA,3,2,1,NA,0,nico,NA,NA
20230106,5,3,b_chimp,daza,sleep_room,0,no,no,54,3,"frederike, jeudi",efi,inhibit_searched,12,NA,NA,3,2,1,NA,0,nico,NA,NA
20230106,5,3,b_chimp,jeudi,sleep_room,0,no,no,38,5,"daza, frederike",efi,inhibit_searched,1,NA,NA,2,2,1,NA,1,nico,finger in mesh,NA
20230106,5,3,b_chimp,jeudi,sleep_room,0,no,no,38,5,"daza, frederike",efi,inhibit_searched,2,NA,NA,2,1,2,NA,1,nico,NA,NA
20230106,5,3,b_chimp,jeudi,sleep_room,0,no,no,38,5,"daza, frederike",efi,inhibit_searched,3,NA,NA,1,2,2,NA,1,nico,NA,NA
20230106,5,3,b_chimp,jeudi,sleep_room,0,no,no,38,5,"daza, frederike",efi,inhibit_searched,4,NA,NA,2,3,1,NA,0,nico,NA,NA
20230106,5,3,b_chimp,jeudi,sleep_room,0,no,no,38,5,"daza, frederike",efi,inhibit_searched,5,NA,NA,3,2,1,NA,0,nico,NA,NA
20230106,5,3,b_chimp,jeudi,sleep_room,0,no,no,38,5,"daza, frederike",efi,inhibit_searched,6,NA,NA,2,3,1,NA,0,nico,NA,NA
20230307,6,3,b_chimp,hope,sleep_room,0,no,yes,42,2,NA,efi,inhibit_searched,1,NA,NA,2,3,1,NA,0,nico,NA,NA
20230307,6,3,b_chimp,hope,sleep_room,0,no,yes,42,2,NA,efi,inhibit_searched,2,NA,NA,1,2,3,NA,0,nico,NA,NA
20230307,6,3,b_chimp,hope,sleep_room,0,no,yes,42,2,NA,efi,inhibit_searched,3,NA,NA,1,2,3,NA,0,nico,NA,NA
20230307,6,3,b_chimp,hope,sleep_room,0,no,yes,42,2,NA,efi,inhibit_searched,4,NA,NA,1,2,3,NA,0,nico,NA,NA
20230307,6,3,b_chimp,hope,sleep_room,0,no,yes,42,2,NA,efi,inhibit_searched,5,NA,NA,1,2,3,NA,0,nico,NA,NA
20230307,6,3,b_chimp,hope,sleep_room,0,no,yes,42,2,NA,efi,inhibit_searched,6,NA,NA,1,2,3,NA,0,nico,NA,NA
20230307,6,3,b_chimp,hope,sleep_room,0,no,yes,42,2,NA,efi,inhibit_searched,7,NA,NA,1,2,3,NA,0,nico,NA,NA
20230307,6,3,b_chimp,hope,sleep_room,0,no,yes,42,2,NA,efi,inhibit_searched,8,NA,NA,1,2,3,NA,0,nico,NA,NA
20230307,6,3,b_chimp,hope,sleep_room,0,no,yes,42,2,NA,efi,inhibit_searched,9,NA,NA,1,2,3,NA,0,nico,NA,NA
20230307,6,3,b_chimp,hope,sleep_room,0,no,yes,42,2,NA,efi,inhibit_searched,10,NA,NA,1,2,3,NA,0,nico,NA,NA
20230307,6,3,b_chimp,hope,sleep_room,0,no,yes,42,2,NA,efi,inhibit_searched,11,NA,NA,1,2,3,NA,0,nico,NA,NA
20230307,6,3,b_chimp,hope,sleep_room,0,no,yes,42,2,NA,efi,inhibit_searched,12,NA,NA,1,2,3,NA,0,nico,NA,NA
20230307,6,3,b_chimp,zira,sleep_room,0,no,yes,37,3,NA,efi,inhibit_searched,1,NA,NA,2,3,1,NA,0,nico,NA,NA
20230307,6,3,b_chimp,zira,sleep_room,0,no,yes,37,3,NA,efi,inhibit_searched,2,NA,NA,3,2,1,NA,0,nico,NA,NA
20230307,6,3,b_chimp,zira,sleep_room,0,no,yes,37,3,NA,efi,inhibit_searched,3,NA,NA,1,3,2,NA,0,nico,NA,NA
20230307,6,3,b_chimp,zira,sleep_room,0,no,yes,37,3,NA,efi,inhibit_searched,4,NA,NA,3,2,1,NA,0,nico,NA,NA
20230307,6,3,b_chimp,zira,sleep_room,0,no,yes,37,3,NA,efi,inhibit_searched,5,NA,NA,2,1,3,NA,0,nico,NA,NA
20230307,6,3,b_chimp,zira,sleep_room,0,no,yes,37,3,NA,efi,inhibit_searched,6,NA,NA,2,1,3,NA,0,nico,NA,NA
20230307,6,3,b_chimp,zira,sleep_room,0,no,yes,37,3,NA,efi,inhibit_searched,7,NA,NA,2,1,3,NA,0,nico,NA,NA
20230307,6,3,b_chimp,zira,sleep_room,0,no,yes,37,3,NA,efi,inhibit_searched,8,NA,NA,2,1,3,NA,0,nico,NA,NA
20230307,6,3,b_chimp,zira,sleep_room,0,no,yes,37,3,NA,efi,inhibit_searched,9,NA,NA,3,2,1,NA,0,nico,finger in mesh,NA
20230307,6,3,b_chimp,zira,sleep_room,0,no,yes,37,3,NA,efi,inhibit_searched,10,NA,NA,2,1,3,NA,0,nico,NA,NA
20230307,6,3,b_chimp,zira,sleep_room,0,no,yes,37,3,NA,efi,inhibit_searched,11,NA,NA,2,1,3,NA,0,nico,NA,NA
20230307,6,3,b_chimp,zira,sleep_room,0,no,yes,37,3,NA,efi,inhibit_searched,12,NA,NA,2,1,3,NA,0,nico,NA,NA
20230307,6,3,b_chimp,daza,sleep_room,0,no,yes,39,3,frederike,efi,inhibit_searched,1,NA,NA,3,2,1,NA,0,nico,NA,NA
20230307,6,3,b_chimp,daza,sleep_room,0,no,yes,39,3,frederike,efi,inhibit_searched,2,NA,NA,3,2,1,NA,0,nico,NA,NA
20230307,6,3,b_chimp,daza,sleep_room,0,no,yes,39,3,frederike,efi,inhibit_searched,3,NA,NA,3,2,1,NA,0,nico,NA,NA
20230307,6,3,b_chimp,daza,sleep_room,0,no,yes,39,3,frederike,efi,inhibit_searched,4,NA,NA,2,3,1,NA,0,nico,NA,NA
20230307,6,3,b_chimp,daza,sleep_room,0,no,yes,39,3,frederike,efi,inhibit_searched,5,NA,NA,2,3,1,NA,0,nico,NA,NA
20230307,6,3,b_chimp,daza,sleep_room,0,no,yes,39,3,frederike,efi,inhibit_searched,6,NA,NA,3,2,1,NA,0,nico,NA,NA
20230307,6,3,b_chimp,daza,sleep_room,0,no,yes,39,3,frederike,efi,inhibit_searched,7,NA,NA,3,2,1,NA,0,nico,NA,NA
20230307,6,3,b_chimp,daza,sleep_room,0,no,yes,39,3,frederike,efi,inhibit_searched,8,NA,NA,3,2,1,NA,0,nico,NA,NA
20230307,6,3,b_chimp,daza,sleep_room,0,no,yes,39,3,frederike,efi,inhibit_searched,9,NA,NA,3,2,1,NA,0,nico,NA,NA
20230307,6,3,b_chimp,daza,sleep_room,0,no,yes,39,3,frederike,efi,inhibit_searched,10,NA,NA,3,2,1,NA,0,nico,NA,NA
20230307,6,3,b_chimp,daza,sleep_room,0,no,yes,39,3,frederike,efi,inhibit_searched,11,NA,NA,3,2,1,NA,0,nico,NA,NA
20230307,6,3,b_chimp,daza,sleep_room,0,no,yes,39,3,frederike,efi,inhibit_searched,12,NA,NA,1,2,1,NA,1,nico,NA,NA
20230307,6,3,b_chimp,frederike,sleep_room,0,no,yes,44,6,NA,efi,inhibit_searched,1,NA,NA,2,3,1,NA,0,nico,NA,NA
20230307,6,3,b_chimp,frederike,sleep_room,0,no,yes,44,6,NA,efi,inhibit_searched,2,NA,NA,2,1,3,NA,0,nico,NA,NA
20230307,6,3,b_chimp,frederike,sleep_room,0,no,yes,44,6,NA,efi,inhibit_searched,3,NA,NA,1,2,3,NA,0,nico,NA,NA
20230307,6,3,b_chimp,frederike,sleep_room,0,no,yes,44,6,NA,efi,inhibit_searched,4,NA,NA,1,2,3,NA,0,nico,NA,NA
20230307,6,3,b_chimp,frederike,sleep_room,0,no,yes,44,6,NA,efi,inhibit_searched,5,NA,NA,1,2,3,NA,0,nico,NA,NA
20230307,6,3,b_chimp,frederike,sleep_room,0,no,yes,44,6,NA,efi,inhibit_searched,6,NA,NA,1,2,3,NA,0,nico,NA,NA
20230307,6,3,b_chimp,frederike,sleep_room,0,no,yes,44,6,NA,efi,inhibit_searched,7,NA,NA,1,2,3,NA,0,nico,NA,NA
20230307,6,3,b_chimp,frederike,sleep_room,0,no,yes,44,6,NA,efi,inhibit_searched,8,NA,NA,1,2,3,NA,0,nico,NA,NA
20230307,6,3,b_chimp,frederike,sleep_room,0,no,yes,44,6,NA,efi,inhibit_searched,9,NA,NA,1,2,3,NA,0,nico,NA,NA
20230307,6,3,b_chimp,frederike,sleep_room,0,no,yes,44,6,NA,efi,inhibit_searched,10,NA,NA,1,2,3,NA,0,nico,NA,NA
20230307,6,3,b_chimp,frederike,sleep_room,0,no,yes,44,6,NA,efi,inhibit_searched,11,NA,NA,2,1,3,NA,0,nico,NA,NA
20230307,6,3,b_chimp,frederike,sleep_room,0,no,yes,44,6,NA,efi,inhibit_searched,12,NA,NA,2,1,3,NA,0,nico,NA,NA
20230420,7,3,b_chimp,hope,sleep_room,0,no,no,34,2,NA,rene,inhibit_searched,1,NA,NA,2,3,1,NA,0,nico,NA,NA
20230420,7,3,b_chimp,hope,sleep_room,0,no,no,34,2,NA,rene,inhibit_searched,2,NA,NA,1,2,3,NA,0,nico,NA,NA
20230420,7,3,b_chimp,hope,sleep_room,0,no,no,34,2,NA,rene,inhibit_searched,3,NA,NA,1,2,3,NA,0,nico,NA,NA
20230420,7,3,b_chimp,hope,sleep_room,0,no,no,34,2,NA,rene,inhibit_searched,4,NA,NA,1,2,3,NA,0,nico,NA,NA
20230420,7,3,b_chimp,hope,sleep_room,0,no,no,34,2,NA,rene,inhibit_searched,5,NA,NA,1,2,3,NA,0,nico,NA,NA
20230420,7,3,b_chimp,hope,sleep_room,0,no,no,34,2,NA,rene,inhibit_searched,6,NA,NA,1,2,3,NA,0,nico,NA,NA
20230420,7,3,b_chimp,hope,sleep_room,0,no,no,34,2,NA,rene,inhibit_searched,7,NA,NA,1,2,3,NA,0,nico,NA,NA
20230420,7,3,b_chimp,hope,sleep_room,0,no,no,34,2,NA,rene,inhibit_searched,8,NA,NA,1,2,3,NA,0,nico,NA,NA
20230420,7,3,b_chimp,hope,sleep_room,0,no,no,34,2,NA,rene,inhibit_searched,9,NA,NA,1,2,3,NA,0,nico,NA,NA
20230420,7,3,b_chimp,hope,sleep_room,0,no,no,34,2,NA,rene,inhibit_searched,10,NA,NA,1,2,3,NA,0,nico,NA,NA
20230420,7,3,b_chimp,hope,sleep_room,0,no,no,34,2,NA,rene,inhibit_searched,11,NA,NA,1,2,3,NA,0,nico,NA,NA
20230420,7,3,b_chimp,hope,sleep_room,0,no,no,34,2,NA,rene,inhibit_searched,12,NA,NA,1,2,3,NA,0,nico,NA,NA
20230420,7,3,b_chimp,zira,sleep_room,0,no,no,29,3,hope,rene,inhibit_searched,1,NA,NA,2,3,1,NA,0,nico,NA,NA
20230420,7,3,b_chimp,zira,sleep_room,0,no,no,29,3,hope,rene,inhibit_searched,2,NA,NA,2,3,1,NA,0,nico,NA,NA
20230420,7,3,b_chimp,zira,sleep_room,0,no,no,29,3,hope,rene,inhibit_searched,3,NA,NA,3,2,1,NA,0,nico,NA,NA
20230420,7,3,b_chimp,zira,sleep_room,0,no,no,29,3,hope,rene,inhibit_searched,4,NA,NA,2,3,1,NA,0,nico,NA,NA
20230420,7,3,b_chimp,zira,sleep_room,0,no,no,29,3,hope,rene,inhibit_searched,5,NA,NA,2,1,3,NA,0,nico,NA,NA
20230420,7,3,b_chimp,zira,sleep_room,0,no,no,29,3,hope,rene,inhibit_searched,6,NA,NA,2,1,3,NA,0,nico,NA,NA
20230420,7,3,b_chimp,zira,sleep_room,0,no,no,29,3,hope,rene,inhibit_searched,7,NA,NA,3,2,1,NA,0,nico,NA,NA
20230420,7,3,b_chimp,zira,sleep_room,0,no,no,29,3,hope,rene,inhibit_searched,8,NA,NA,2,1,3,NA,0,nico,NA,NA
20230420,7,3,b_chimp,zira,sleep_room,0,no,no,29,3,hope,rene,inhibit_searched,9,NA,NA,1,2,3,NA,0,nico,NA,NA
20230420,7,3,b_chimp,zira,sleep_room,0,no,no,29,3,hope,rene,inhibit_searched,10,NA,NA,2,3,1,NA,0,nico,NA,NA
20230420,7,3,b_chimp,zira,sleep_room,0,no,no,29,3,hope,rene,inhibit_searched,11,NA,NA,2,3,1,NA,0,nico,NA,NA
20230420,7,3,b_chimp,zira,sleep_room,0,no,no,29,3,hope,rene,inhibit_searched,12,NA,NA,2,1,3,NA,0,nico,NA,NA
20230420,7,3,b_chimp,frederike,sleep_room,0,no,no,46,5,NA,rene,inhibit_searched,1,NA,NA,2,3,1,NA,0,nico,NA,NA
20230420,7,3,b_chimp,frederike,sleep_room,0,no,no,46,5,NA,rene,inhibit_searched,2,NA,NA,2,1,3,NA,0,nico,NA,NA
20230420,7,3,b_chimp,frederike,sleep_room,0,no,no,46,5,NA,rene,inhibit_searched,3,NA,NA,2,1,3,NA,0,nico,NA,NA
20230420,7,3,b_chimp,frederike,sleep_room,0,no,no,46,5,NA,rene,inhibit_searched,4,NA,NA,3,1,2,NA,0,nico,NA,NA
20230420,7,3,b_chimp,frederike,sleep_room,0,no,no,46,5,NA,rene,inhibit_searched,5,NA,NA,1,2,3,NA,0,nico,NA,NA
20230420,7,3,b_chimp,frederike,sleep_room,0,no,no,46,5,NA,rene,inhibit_searched,6,NA,NA,1,2,3,NA,0,nico,NA,NA
20230420,7,3,b_chimp,frederike,sleep_room,0,no,no,46,5,NA,rene,inhibit_searched,7,NA,NA,2,3,1,NA,0,nico,NA,NA
20230420,7,3,b_chimp,frederike,sleep_room,0,no,no,46,5,NA,rene,inhibit_searched,8,NA,NA,1,2,3,NA,0,nico,NA,NA
20230420,7,3,b_chimp,frederike,sleep_room,0,no,no,46,5,NA,rene,inhibit_searched,9,NA,NA,1,2,3,NA,0,nico,NA,NA
20230420,7,3,b_chimp,frederike,sleep_room,0,no,no,46,5,NA,rene,inhibit_searched,10,NA,NA,1,2,3,NA,0,nico,NA,NA
20230420,7,3,b_chimp,frederike,sleep_room,0,no,no,46,5,NA,rene,inhibit_searched,11,NA,NA,1,2,3,NA,0,nico,NA,NA
20230420,7,3,b_chimp,frederike,sleep_room,0,no,no,46,5,NA,rene,inhibit_searched,12,NA,NA,1,2,3,NA,0,nico,NA,NA
20230420,7,3,b_chimp,daza,sleep_room,0,yes,no,32,3,frederike,rene,inhibit_searched,1,NA,NA,1,2,3,NA,0,nico,NA,NA
20230420,7,3,b_chimp,daza,sleep_room,0,yes,no,32,3,frederike,rene,inhibit_searched,2,NA,NA,2,3,2,NA,1,nico,NA,NA
20230420,7,3,b_chimp,daza,sleep_room,0,yes,no,32,3,frederike,rene,inhibit_searched,3,NA,NA,2,2,3,NA,1,nico,NA,NA
20230420,7,3,b_chimp,daza,sleep_room,0,yes,no,32,3,frederike,rene,inhibit_searched,4,NA,NA,2,3,2,NA,1,nico,NA,NA
20230420,7,3,b_chimp,daza,sleep_room,0,yes,no,32,3,frederike,rene,inhibit_searched,5,NA,NA,2,1,3,NA,0,nico,NA,NA
20230420,7,3,b_chimp,daza,sleep_room,0,yes,no,32,3,frederike,rene,inhibit_searched,6,NA,NA,3,2,1,NA,0,nico,NA,NA
20230420,7,3,b_chimp,daza,sleep_room,0,yes,no,32,3,frederike,rene,inhibit_searched,7,NA,NA,2,3,1,NA,0,nico,NA,NA
20230420,7,3,b_chimp,daza,sleep_room,0,yes,no,32,3,frederike,rene,inhibit_searched,8,NA,NA,2,3,1,NA,0,nico,NA,NA
20230420,7,3,b_chimp,daza,sleep_room,0,yes,no,32,3,frederike,rene,inhibit_searched,9,NA,NA,3,2,1,NA,0,nico,NA,NA
20230420,7,3,b_chimp,daza,sleep_room,0,yes,no,32,3,frederike,rene,inhibit_searched,10,NA,NA,2,2,3,NA,1,nico,NA,NA
20230420,7,3,b_chimp,daza,sleep_room,0,yes,no,32,3,frederike,rene,inhibit_searched,11,NA,NA,3,2,1,NA,0,nico,NA,NA
20230420,7,3,b_chimp,daza,sleep_room,0,yes,no,32,3,frederike,rene,inhibit_searched,12,NA,NA,2,3,1,NA,0,nico,NA,NA
20230608,8,3,b_chimp,alex,sleep_room,0,yes,no,18,1,NA,rene,inhibit_searched,1,NA,NA,2,3,1,NA,0,nico,NA,NA
20230608,8,3,b_chimp,alex,sleep_room,0,yes,no,18,1,NA,rene,inhibit_searched,2,NA,NA,3,2,1,NA,0,nico,NA,NA
20230608,8,3,b_chimp,alex,sleep_room,0,yes,no,18,1,NA,rene,inhibit_searched,3,NA,NA,3,1,2,NA,0,nico,NA,NA
20230608,8,3,b_chimp,alex,sleep_room,0,yes,no,18,1,NA,rene,inhibit_searched,4,NA,NA,1,3,2,NA,0,nico,NA,NA
20230608,8,3,b_chimp,alex,sleep_room,0,yes,no,18,1,NA,rene,inhibit_searched,5,NA,NA,3,2,1,NA,0,nico,NA,NA
20230608,8,3,b_chimp,alex,sleep_room,0,yes,no,18,1,NA,rene,inhibit_searched,6,NA,NA,3,1,2,NA,0,nico,NA,NA
20230608,8,3,b_chimp,alex,sleep_room,0,yes,no,18,1,NA,rene,inhibit_searched,7,NA,NA,3,2,1,NA,0,nico,NA,NA
20230608,8,3,b_chimp,alex,sleep_room,0,yes,no,18,1,NA,rene,inhibit_searched,8,NA,NA,3,1,2,NA,0,nico,NA,NA
20230608,8,3,b_chimp,alex,sleep_room,0,yes,no,18,1,NA,rene,inhibit_searched,9,NA,NA,3,2,1,NA,0,nico,NA,NA
20230608,8,3,b_chimp,alex,sleep_room,0,yes,no,18,1,NA,rene,inhibit_searched,10,NA,NA,3,1,2,NA,0,nico,NA,NA
20230608,8,3,b_chimp,alex,sleep_room,0,yes,no,18,1,NA,rene,inhibit_searched,11,NA,NA,3,1,2,NA,0,nico,NA,NA
20230608,8,3,b_chimp,alex,sleep_room,0,yes,no,18,1,NA,rene,inhibit_searched,12,NA,NA,1,3,2,NA,0,nico,NA,NA
20230608,8,3,b_chimp,jeudi,sleep_room,0,no,no,9,5,"daza, frederike, alex",rene,inhibit_searched,1,NA,NA,2,3,1,NA,0,nico,NA,NA
20230608,8,3,b_chimp,jeudi,sleep_room,0,no,no,9,5,"daza, frederike, alex",rene,inhibit_searched,2,NA,NA,2,3,1,NA,0,nico,finger in mesh,NA
20230608,8,3,b_chimp,jeudi,sleep_room,0,no,no,9,5,"daza, frederike, alex",rene,inhibit_searched,3,NA,NA,1,2,3,NA,0,nico,NA,NA
20230608,8,3,b_chimp,jeudi,sleep_room,0,no,no,9,5,"daza, frederike, alex",rene,inhibit_searched,4,NA,NA,2,3,2,NA,1,nico,NA,NA
20230608,8,3,b_chimp,jeudi,sleep_room,0,no,no,9,5,"daza, frederike, alex",rene,inhibit_searched,5,NA,NA,2,2,1,NA,1,nico,finger in mesh,NA
20230608,8,3,b_chimp,jeudi,sleep_room,0,no,no,9,5,"daza, frederike, alex",rene,inhibit_searched,6,NA,NA,2,1,3,NA,0,nico,NA,NA
20230608,8,3,b_chimp,jeudi,sleep_room,0,no,no,9,5,"daza, frederike, alex",rene,inhibit_searched,7,NA,NA,3,2,1,NA,0,nico,NA,NA
20230608,8,3,b_chimp,jeudi,sleep_room,0,no,no,9,5,"daza, frederike, alex",rene,inhibit_searched,8,NA,NA,2,1,3,NA,0,nico,NA,NA
20230608,8,3,b_chimp,jeudi,sleep_room,0,no,no,9,5,"daza, frederike, alex",rene,inhibit_searched,9,NA,NA,2,3,1,NA,0,nico,NA,NA
20230608,8,3,b_chimp,jeudi,sleep_room,0,no,no,9,5,"daza, frederike, alex",rene,inhibit_searched,10,NA,NA,3,2,1,NA,0,nico,NA,NA
20230608,8,3,b_chimp,jeudi,sleep_room,0,no,no,9,5,"daza, frederike, alex",rene,inhibit_searched,11,NA,NA,2,3,1,NA,0,nico,finger in mesh,NA
20230608,8,3,b_chimp,jeudi,sleep_room,0,no,no,9,5,"daza, frederike, alex",rene,inhibit_searched,12,NA,NA,3,2,1,NA,0,nico,NA,NA
20230608,8,3,b_chimp,zira,sleep_room,0,no,no,28,3,hope,rene,inhibit_searched,1,NA,NA,3,1,2,NA,0,nico,NA,NA
20230608,8,3,b_chimp,zira,sleep_room,0,no,no,28,3,hope,rene,inhibit_searched,2,NA,NA,2,1,3,NA,0,nico,NA,NA
20230608,8,3,b_chimp,zira,sleep_room,0,no,no,28,3,hope,rene,inhibit_searched,3,NA,NA,2,3,1,NA,0,nico,NA,NA
20230608,8,3,b_chimp,zira,sleep_room,0,no,no,28,3,hope,rene,inhibit_searched,4,NA,NA,2,3,1,NA,0,nico,NA,NA
20230608,8,3,b_chimp,zira,sleep_room,0,no,no,28,3,hope,rene,inhibit_searched,5,NA,NA,2,1,3,NA,0,nico,NA,NA
20230608,8,3,b_chimp,zira,sleep_room,0,no,no,28,3,hope,rene,inhibit_searched,6,NA,NA,2,3,1,NA,0,nico,NA,NA
20230608,8,3,b_chimp,zira,sleep_room,0,no,no,28,3,hope,rene,inhibit_searched,7,NA,NA,2,3,1,NA,0,nico,NA,NA
20230608,8,3,b_chimp,zira,sleep_room,0,no,no,28,3,hope,rene,inhibit_searched,8,NA,NA,2,3,1,NA,0,nico,NA,NA
20230608,8,3,b_chimp,zira,sleep_room,0,no,no,28,3,hope,rene,inhibit_searched,9,NA,NA,3,1,2,NA,0,nico,NA,NA
20230608,8,3,b_chimp,zira,sleep_room,0,no,no,28,3,hope,rene,inhibit_searched,10,NA,NA,1,3,2,NA,0,nico,NA,NA
20230608,8,3,b_chimp,zira,sleep_room,0,no,no,28,3,hope,rene,inhibit_searched,11,NA,NA,2,3,1,NA,0,nico,NA,NA
20230608,8,3,b_chimp,zira,sleep_room,0,no,no,28,3,hope,rene,inhibit_searched,12,NA,NA,3,2,1,NA,0,nico,NA,NA
20230608,8,3,b_chimp,hope,sleep_room,0,no,yes,31,2,NA,rene,inhibit_searched,1,NA,NA,1,2,1,NA,0,nico,NA,NA
20230608,8,3,b_chimp,hope,sleep_room,0,no,yes,31,2,NA,rene,inhibit_searched,2,NA,NA,1,2,3,NA,0,nico,NA,NA
20230608,8,3,b_chimp,hope,sleep_room,0,no,yes,31,2,NA,rene,inhibit_searched,3,NA,NA,1,2,3,NA,0,nico,NA,NA
20230608,8,3,b_chimp,hope,sleep_room,0,no,yes,31,2,NA,rene,inhibit_searched,4,NA,NA,1,2,3,NA,0,nico,NA,NA
20230608,8,3,b_chimp,hope,sleep_room,0,no,yes,31,2,NA,rene,inhibit_searched,5,NA,NA,1,2,3,NA,0,nico,NA,NA
20230608,8,3,b_chimp,hope,sleep_room,0,no,yes,31,2,NA,rene,inhibit_searched,6,NA,NA,1,3,2,NA,0,nico,NA,NA
20230608,8,3,b_chimp,hope,sleep_room,0,no,yes,31,2,NA,rene,inhibit_searched,7,NA,NA,1,2,3,NA,0,nico,NA,NA
20230608,8,3,b_chimp,hope,sleep_room,0,no,yes,31,2,NA,rene,inhibit_searched,8,NA,NA,1,2,3,NA,0,nico,NA,NA
20230608,8,3,b_chimp,hope,sleep_room,0,no,yes,31,2,NA,rene,inhibit_searched,9,NA,NA,1,2,3,NA,0,nico,NA,NA
20230608,8,3,b_chimp,hope,sleep_room,0,no,yes,31,2,NA,rene,inhibit_searched,10,NA,NA,1,2,3,NA,0,nico,NA,NA
20230608,8,3,b_chimp,hope,sleep_room,0,no,yes,31,2,NA,rene,inhibit_searched,11,NA,NA,1,2,3,NA,0,nico,NA,NA
20230608,8,3,b_chimp,hope,sleep_room,0,no,yes,31,2,NA,rene,inhibit_searched,12,NA,NA,1,2,3,NA,0,nico,NA,NA
20230608,8,3,b_chimp,frederike,sleep_room,0,no,no,24,6,NA,rene,inhibit_searched,1,NA,NA,1,2,3,NA,0,nico,NA,NA
20230608,8,3,b_chimp,frederike,sleep_room,0,no,no,24,6,NA,rene,inhibit_searched,2,NA,NA,1,2,3,NA,0,nico,NA,NA
20230608,8,3,b_chimp,frederike,sleep_room,0,no,no,24,6,NA,rene,inhibit_searched,3,NA,NA,1,2,3,NA,0,nico,NA,NA
20230608,8,3,b_chimp,frederike,sleep_room,0,no,no,24,6,NA,rene,inhibit_searched,4,NA,NA,3,2,1,NA,0,nico,NA,NA
20230608,8,3,b_chimp,frederike,sleep_room,0,no,no,24,6,NA,rene,inhibit_searched,5,NA,NA,1,2,3,NA,0,nico,NA,NA
20230608,8,3,b_chimp,frederike,sleep_room,0,no,no,24,6,NA,rene,inhibit_searched,6,NA,NA,3,2,1,NA,0,nico,NA,NA
20230608,8,3,b_chimp,frederike,sleep_room,0,no,no,24,6,NA,rene,inhibit_searched,7,NA,NA,1,2,3,NA,0,nico,NA,NA
20230608,8,3,b_chimp,frederike,sleep_room,0,no,no,24,6,NA,rene,inhibit_searched,8,NA,NA,2,1,3,NA,0,nico,NA,NA
20230608,8,3,b_chimp,frederike,sleep_room,0,no,no,24,6,NA,rene,inhibit_searched,9,NA,NA,2,1,3,NA,0,nico,NA,NA
20230608,8,3,b_chimp,frederike,sleep_room,0,no,no,24,6,NA,rene,inhibit_searched,10,NA,NA,3,2,1,NA,0,nico,NA,NA
20230608,8,3,b_chimp,frederike,sleep_room,0,no,no,24,6,NA,rene,inhibit_searched,11,NA,NA,1,3,2,NA,0,nico,NA,NA
20230608,8,3,b_chimp,frederike,sleep_room,0,no,no,24,6,NA,rene,inhibit_searched,12,NA,NA,2,1,3,NA,0,nico,NA,NA
20230608,8,3,b_chimp,daza,sleep_room,0,yes,no,25,3,frederike,rene,inhibit_searched,1,NA,NA,3,2,1,NA,0,nico,NA,NA
20230608,8,3,b_chimp,daza,sleep_room,0,yes,no,25,3,frederike,rene,inhibit_searched,2,NA,NA,3,2,1,NA,0,nico,NA,NA
20230608,8,3,b_chimp,daza,sleep_room,0,yes,no,25,3,frederike,rene,inhibit_searched,3,NA,NA,3,2,1,NA,0,nico,NA,NA
20230608,8,3,b_chimp,daza,sleep_room,0,yes,no,25,3,frederike,rene,inhibit_searched,4,NA,NA,3,2,1,NA,0,nico,NA,NA
20230608,8,3,b_chimp,daza,sleep_room,0,yes,no,25,3,frederike,rene,inhibit_searched,5,NA,NA,3,2,1,NA,0,nico,NA,NA
20230608,8,3,b_chimp,daza,sleep_room,0,yes,no,25,3,frederike,rene,inhibit_searched,6,NA,NA,3,2,1,NA,0,nico,NA,NA
20230608,8,3,b_chimp,daza,sleep_room,0,yes,no,25,3,frederike,rene,inhibit_searched,7,NA,NA,3,2,2,NA,1,nico,NA,NA
20230608,8,3,b_chimp,daza,sleep_room,0,yes,no,25,3,frederike,rene,inhibit_searched,8,NA,NA,3,2,2,NA,1,nico,NA,NA
20230608,8,3,b_chimp,daza,sleep_room,0,yes,no,25,3,frederike,rene,inhibit_searched,9,NA,NA,3,2,1,NA,0,nico,NA,NA
20230608,8,3,b_chimp,daza,sleep_room,0,yes,no,25,3,frederike,rene,inhibit_searched,10,NA,NA,2,3,1,NA,0,nico,NA,NA
20230608,8,3,b_chimp,daza,sleep_room,0,yes,no,25,3,frederike,rene,inhibit_searched,11,NA,NA,3,2,1,NA,0,nico,NA,NA
20230608,8,3,b_chimp,daza,sleep_room,0,yes,no,25,3,frederike,rene,inhibit_searched,12,NA,NA,3,2,1,NA,0,nico,NA,NA
20230811,9,3,b_chimp,alex,sleep_room,0,yes,no,22,1,NA,rene,inhibit_searched,1,NA,NA,1,3,2,NA,0,nico,NA,NA
20230811,9,3,b_chimp,alex,sleep_room,0,yes,no,22,1,NA,rene,inhibit_searched,2,NA,NA,3,2,1,NA,0,nico,NA,NA
20230811,9,3,b_chimp,alex,sleep_room,0,yes,no,22,1,NA,rene,inhibit_searched,3,NA,NA,3,2,1,NA,0,nico,NA,NA
20230811,9,3,b_chimp,alex,sleep_room,0,yes,no,22,1,NA,rene,inhibit_searched,4,NA,NA,3,2,1,NA,0,nico,NA,NA
20230811,9,3,b_chimp,alex,sleep_room,0,yes,no,22,1,NA,rene,inhibit_searched,5,NA,NA,3,1,2,NA,0,nico,NA,NA
20230811,9,3,b_chimp,alex,sleep_room,0,yes,no,22,1,NA,rene,inhibit_searched,6,NA,NA,3,1,2,NA,0,nico,NA,NA
20230811,9,3,b_chimp,alex,sleep_room,0,yes,no,22,1,NA,rene,inhibit_searched,7,NA,NA,3,2,1,NA,0,nico,NA,NA
20230811,9,3,b_chimp,alex,sleep_room,0,yes,no,22,1,NA,rene,inhibit_searched,8,NA,NA,3,1,2,NA,0,nico,NA,NA
20230811,9,3,b_chimp,alex,sleep_room,0,yes,no,22,1,NA,rene,inhibit_searched,9,NA,NA,3,2,1,NA,0,nico,NA,NA
20230811,9,3,b_chimp,alex,sleep_room,0,yes,no,22,1,NA,rene,inhibit_searched,10,NA,NA,3,1,2,NA,0,nico,NA,NA
20230811,9,3,b_chimp,hope,sleep_room,2,no,no,30,2,NA,rene,inhibit_searched,1,NA,NA,1,2,3,NA,0,nico,NA,NA
20230811,9,3,b_chimp,hope,sleep_room,2,no,no,30,2,NA,rene,inhibit_searched,2,NA,NA,1,2,3,NA,0,nico,NA,NA
20230811,9,3,b_chimp,hope,sleep_room,2,no,no,30,2,NA,rene,inhibit_searched,3,NA,NA,1,2,3,NA,0,nico,NA,NA
20230811,9,3,b_chimp,hope,sleep_room,2,no,no,30,2,NA,rene,inhibit_searched,4,NA,NA,1,2,3,NA,0,nico,NA,NA
20230811,9,3,b_chimp,hope,sleep_room,2,no,no,30,2,NA,rene,inhibit_searched,5,NA,NA,2,3,1,NA,0,nico,NA,NA
20230811,9,3,b_chimp,hope,sleep_room,2,no,no,30,2,NA,rene,inhibit_searched,6,NA,NA,1,2,3,NA,0,nico,NA,NA
20230811,9,3,b_chimp,hope,sleep_room,2,no,no,30,2,NA,rene,inhibit_searched,7,NA,NA,1,2,3,NA,0,nico,NA,NA
20230811,9,3,b_chimp,hope,sleep_room,2,no,no,30,2,NA,rene,inhibit_searched,8,NA,NA,1,2,3,NA,0,nico,NA,NA
20230811,9,3,b_chimp,hope,sleep_room,2,no,no,30,2,NA,rene,inhibit_searched,9,NA,NA,1,2,3,NA,0,nico,NA,NA
20230811,9,3,b_chimp,hope,sleep_room,2,no,no,30,2,NA,rene,inhibit_searched,10,NA,NA,1,2,3,NA,0,nico,NA,NA
20230811,9,3,b_chimp,hope,sleep_room,2,no,no,30,2,NA,rene,inhibit_searched,11,NA,NA,1,2,3,NA,0,nico,NA,NA
20230811,9,3,b_chimp,hope,sleep_room,2,no,no,30,2,NA,rene,inhibit_searched,12,NA,NA,1,2,3,NA,0,nico,NA,NA
20231018,10,3,b_chimp,alex,sleep_room,0,no,no,20,1,NA,robert,inhibit_searched,1,NA,NA,3,2,1,NA,0,nico,NA,NA
20231018,10,3,b_chimp,alex,sleep_room,0,no,no,20,1,NA,robert,inhibit_searched,2,NA,NA,3,1,2,NA,0,nico,NA,NA
20231018,10,3,b_chimp,alex,sleep_room,0,no,no,20,1,NA,robert,inhibit_searched,3,NA,NA,2,1,3,NA,0,nico,NA,NA
20231018,10,3,b_chimp,alex,sleep_room,0,no,no,20,1,NA,robert,inhibit_searched,4,NA,NA,3,1,2,NA,0,nico,NA,NA
20231018,10,3,b_chimp,alex,sleep_room,0,no,no,20,1,NA,robert,inhibit_searched,5,NA,NA,3,2,1,NA,0,nico,NA,NA
20231018,10,3,b_chimp,alex,sleep_room,0,no,no,20,1,NA,robert,inhibit_searched,6,NA,NA,3,2,1,NA,0,nico,NA,NA
20231018,10,3,b_chimp,alex,sleep_room,0,no,no,20,1,NA,robert,inhibit_searched,7,NA,NA,3,1,2,NA,0,nico,NA,NA
20231018,10,3,b_chimp,alex,sleep_room,0,no,no,20,1,NA,robert,inhibit_searched,8,NA,NA,3,1,2,NA,0,nico,NA,NA
20231018,10,3,b_chimp,alex,sleep_room,0,no,no,20,1,NA,robert,inhibit_searched,9,NA,NA,3,2,1,NA,0,nico,NA,NA
20231018,10,3,b_chimp,alex,sleep_room,0,no,no,20,1,NA,robert,inhibit_searched,10,NA,NA,3,1,2,NA,0,nico,NA,NA
20231018,10,3,b_chimp,alex,sleep_room,0,no,no,20,1,NA,robert,inhibit_searched,11,NA,NA,2,1,3,NA,0,nico,NA,NA
20231018,10,3,b_chimp,alex,sleep_room,0,no,no,20,1,NA,robert,inhibit_searched,12,NA,NA,3,2,1,NA,0,nico,NA,NA
20231018,10,3,b_chimp,zira,sleep_room,0,no,no,20,3,NA,robert,inhibit_searched,1,NA,NA,2,3,1,NA,0,nico,NA,NA
20231018,10,3,b_chimp,zira,sleep_room,0,no,no,20,3,NA,robert,inhibit_searched,2,NA,NA,2,1,3,NA,0,nico,NA,NA
20231018,10,3,b_chimp,zira,sleep_room,0,no,no,20,3,NA,robert,inhibit_searched,3,NA,NA,3,2,1,NA,0,nico,NA,NA
20231018,10,3,b_chimp,zira,sleep_room,0,no,no,20,3,NA,robert,inhibit_searched,4,NA,NA,3,2,1,NA,0,nico,NA,NA
20231018,10,3,b_chimp,zira,sleep_room,0,no,no,20,3,NA,robert,inhibit_searched,5,NA,NA,2,3,1,NA,0,nico,NA,NA
20231018,10,3,b_chimp,zira,sleep_room,0,no,no,20,3,NA,robert,inhibit_searched,6,NA,NA,3,2,1,NA,0,nico,NA,NA
20231018,10,3,b_chimp,zira,sleep_room,0,no,no,20,3,NA,robert,inhibit_searched,7,NA,NA,2,3,1,NA,0,nico,NA,NA
20231018,10,3,b_chimp,zira,sleep_room,0,no,no,20,3,NA,robert,inhibit_searched,8,NA,NA,2,3,1,NA,0,nico,NA,NA
20231018,10,3,b_chimp,zira,sleep_room,0,no,no,20,3,NA,robert,inhibit_searched,9,NA,NA,3,2,1,NA,0,nico,NA,NA
20231018,10,3,b_chimp,zira,sleep_room,0,no,no,20,3,NA,robert,inhibit_searched,10,NA,NA,2,1,3,NA,0,nico,NA,NA
20231018,10,3,b_chimp,zira,sleep_room,0,no,no,20,3,NA,robert,inhibit_searched,11,NA,NA,2,3,1,NA,0,nico,NA,NA
20231018,10,3,b_chimp,zira,sleep_room,0,no,no,20,3,NA,robert,inhibit_searched,12,NA,NA,3,2,1,NA,0,nico,NA,NA
20231018,10,3,b_chimp,hope,sleep_room,0,no,no,20,2,alex,robert,inhibit_searched,1,NA,NA,2,1,3,NA,0,nico,NA,NA
20231018,10,3,b_chimp,hope,sleep_room,0,no,no,20,2,alex,robert,inhibit_searched,2,NA,NA,1,2,3,NA,0,nico,NA,NA
20231018,10,3,b_chimp,hope,sleep_room,0,no,no,20,2,alex,robert,inhibit_searched,3,NA,NA,1,2,3,NA,0,nico,NA,NA
20231018,10,3,b_chimp,hope,sleep_room,0,no,no,20,2,alex,robert,inhibit_searched,4,NA,NA,1,2,3,NA,0,nico,NA,NA
20231018,10,3,b_chimp,hope,sleep_room,0,no,no,20,2,alex,robert,inhibit_searched,5,NA,NA,1,2,3,NA,0,nico,NA,NA
20231018,10,3,b_chimp,hope,sleep_room,0,no,no,20,2,alex,robert,inhibit_searched,6,NA,NA,1,2,3,NA,0,nico,NA,NA
20231018,10,3,b_chimp,hope,sleep_room,0,no,no,20,2,alex,robert,inhibit_searched,7,NA,NA,1,2,3,NA,0,nico,NA,NA
20231018,10,3,b_chimp,hope,sleep_room,0,no,no,20,2,alex,robert,inhibit_searched,8,NA,NA,1,2,3,NA,0,nico,NA,NA
20231018,10,3,b_chimp,hope,sleep_room,0,no,no,20,2,alex,robert,inhibit_searched,9,NA,NA,1,2,3,NA,0,nico,NA,NA
20231018,10,3,b_chimp,hope,sleep_room,0,no,no,20,2,alex,robert,inhibit_searched,10,NA,NA,1,2,3,NA,0,nico,NA,NA
20231018,10,3,b_chimp,hope,sleep_room,0,no,no,20,2,alex,robert,inhibit_searched,11,NA,NA,1,2,3,NA,0,nico,NA,NA
20231018,10,3,b_chimp,hope,sleep_room,0,no,no,20,2,alex,robert,inhibit_searched,12,NA,NA,1,2,3,NA,0,nico,NA,NA
20231018,10,3,b_chimp,frederike,sleep_room,0,no,no,20,6,NA,robert,inhibit_searched,1,NA,NA,3,2,1,NA,0,nico,NA,NA
20231018,10,3,b_chimp,frederike,sleep_room,0,no,no,20,6,NA,robert,inhibit_searched,2,NA,NA,1,2,3,NA,0,nico,away,NA
20231018,10,3,b_chimp,frederike,sleep_room,0,no,no,20,6,NA,robert,inhibit_searched,3,NA,NA,3,2,1,NA,0,nico,NA,NA
20231018,10,3,b_chimp,frederike,sleep_room,0,no,no,20,6,NA,robert,inhibit_searched,4,NA,NA,1,2,3,NA,0,nico,NA,NA
20231018,10,3,b_chimp,frederike,sleep_room,0,no,no,20,6,NA,robert,inhibit_searched,5,NA,NA,3,2,1,NA,0,nico,NA,NA
20231018,10,3,b_chimp,frederike,sleep_room,0,no,no,20,6,NA,robert,inhibit_searched,6,NA,NA,3,1,2,NA,0,nico,NA,NA
20231018,10,3,b_chimp,frederike,sleep_room,0,no,no,20,6,NA,robert,inhibit_searched,7,NA,NA,3,1,2,NA,0,nico,NA,NA
20231018,10,3,b_chimp,frederike,sleep_room,0,no,no,20,6,NA,robert,inhibit_searched,8,NA,NA,1,2,1,NA,1,nico,was long away,NA
20231018,10,3,b_chimp,frederike,sleep_room,0,no,no,20,6,NA,robert,inhibit_searched,9,NA,NA,1,2,3,NA,0,nico,NA,NA
20231018,10,3,b_chimp,frederike,sleep_room,0,no,no,20,6,NA,robert,inhibit_searched,10,NA,NA,2,1,3,NA,0,nico,NA,NA
20231018,10,3,b_chimp,frederike,sleep_room,0,no,no,20,6,NA,robert,inhibit_searched,11,NA,NA,2,1,3,NA,0,nico,NA,NA
20231018,10,3,b_chimp,frederike,sleep_room,0,no,no,20,6,NA,robert,inhibit_searched,12,NA,NA,3,2,1,NA,0,nico,NA,NA
20231018,10,3,b_chimp,jeudi,sleep_room,0,no,no,20,5,"alex, frederike",robert,inhibit_searched,1,NA,NA,3,1,2,NA,0,nico,NA,NA
20231018,10,3,b_chimp,jeudi,sleep_room,0,no,no,20,5,"alex, frederike",robert,inhibit_searched,2,NA,NA,2,1,3,NA,0,nico,NA,NA
20231018,10,3,b_chimp,jeudi,sleep_room,0,no,no,20,5,"alex, frederike",robert,inhibit_searched,3,NA,NA,3,2,3,NA,1,nico,NA,NA
20231018,10,3,b_chimp,jeudi,sleep_room,0,no,no,20,5,"alex, frederike",robert,inhibit_searched,4,NA,NA,3,2,1,NA,0,nico,NA,NA
20231018,10,3,b_chimp,jeudi,sleep_room,0,no,no,20,5,"alex, frederike",robert,inhibit_searched,5,NA,NA,3,2,1,NA,0,nico,NA,NA
20231018,10,3,b_chimp,jeudi,sleep_room,0,no,no,20,5,"alex, frederike",robert,inhibit_searched,6,NA,NA,3,2,1,NA,0,nico,NA,NA
20231018,10,3,b_chimp,jeudi,sleep_room,0,no,no,20,5,"alex, frederike",robert,inhibit_searched,7,NA,NA,3,1,1,NA,1,nico,NA,NA
20231018,10,3,b_chimp,jeudi,sleep_room,0,no,no,20,5,"alex, frederike",robert,inhibit_searched,8,NA,NA,3,2,1,NA,0,nico,NA,NA
20231018,10,3,b_chimp,jeudi,sleep_room,0,no,no,20,5,"alex, frederike",robert,inhibit_searched,9,NA,NA,2,2,1,NA,1,nico,NA,NA
20231018,10,3,b_chimp,jeudi,sleep_room,0,no,no,20,5,"alex, frederike",robert,inhibit_searched,10,NA,NA,2,1,2,NA,1,nico,NA,NA
20231018,10,3,b_chimp,jeudi,sleep_room,0,no,no,20,5,"alex, frederike",robert,inhibit_searched,11,NA,NA,1,3,2,NA,0,nico,finger in mesh,NA
20231018,10,3,b_chimp,jeudi,sleep_room,0,no,no,20,5,"alex, frederike",robert,inhibit_searched,12,NA,NA,2,1,3,NA,0,nico,NA,NA
20220514,1,3,bonobos,jasongo,sleep_room,0,yes,no,33,7,joey,frank,inhibit_searched,1,NA,NA,3,1,2,NA,0,nico,NA,NA
20220514,1,3,bonobos,jasongo,sleep_room,0,yes,no,33,7,joey,frank,inhibit_searched,2,NA,NA,3,2,2,NA,1,nico,NA,NA
20220514,1,3,bonobos,jasongo,sleep_room,0,yes,no,33,7,joey,frank,inhibit_searched,3,NA,NA,2,3,2,NA,1,nico,NA,NA
20220514,1,3,bonobos,jasongo,sleep_room,0,yes,no,33,7,joey,frank,inhibit_searched,4,NA,NA,2,3,1,NA,0,nico,NA,NA
20220514,1,3,bonobos,jasongo,sleep_room,0,yes,no,33,7,joey,frank,inhibit_searched,5,NA,NA,3,2,1,NA,0,nico,NA,NA
20220514,1,3,bonobos,jasongo,sleep_room,0,yes,no,33,7,joey,frank,inhibit_searched,6,NA,NA,2,3,1,NA,0,nico,NA,NA
20220514,1,3,bonobos,jasongo,sleep_room,0,yes,no,33,7,joey,frank,inhibit_searched,7,NA,NA,1,2,3,NA,0,nico,NA,NA
20220514,1,3,bonobos,jasongo,sleep_room,0,yes,no,33,7,joey,frank,inhibit_searched,8,NA,NA,3,2,1,NA,0,nico,NA,NA
20220514,1,3,bonobos,jasongo,sleep_room,0,yes,no,33,7,joey,frank,inhibit_searched,9,NA,NA,2,3,1,NA,0,nico,NA,NA
20220514,1,3,bonobos,jasongo,sleep_room,0,yes,no,33,7,joey,frank,inhibit_searched,10,NA,NA,3,2,1,NA,0,nico,NA,NA
20220514,1,3,bonobos,jasongo,sleep_room,0,yes,no,33,7,joey,frank,inhibit_searched,11,NA,NA,3,2,1,NA,0,nico,NA,NA
20220514,1,3,bonobos,jasongo,sleep_room,0,yes,no,33,7,joey,frank,inhibit_searched,12,NA,NA,2,3,3,NA,1,nico,NA,NA
20220514,1,3,bonobos,yaro,sleep_room,0,yes,no,35,5,NA,frank,inhibit_searched,1,NA,NA,3,1,1,NA,1,nico,NA,NA
20220514,1,3,bonobos,yaro,sleep_room,0,yes,no,35,5,NA,frank,inhibit_searched,2,NA,NA,3,2,1,NA,0,nico,NA,NA
20220514,1,3,bonobos,yaro,sleep_room,0,yes,no,35,5,NA,frank,inhibit_searched,3,NA,NA,3,1,3,NA,1,nico,NA,NA
20220514,1,3,bonobos,yaro,sleep_room,0,yes,no,35,5,NA,frank,inhibit_searched,4,NA,NA,3,1,3,NA,1,nico,NA,NA
20220514,1,3,bonobos,yaro,sleep_room,0,yes,no,35,5,NA,frank,inhibit_searched,5,NA,NA,3,1,2,NA,0,nico,NA,NA
20220514,1,3,bonobos,yaro,sleep_room,0,yes,no,35,5,NA,frank,inhibit_searched,6,NA,NA,3,2,3,NA,1,nico,NA,NA
20220514,1,3,bonobos,yaro,sleep_room,0,yes,no,35,5,NA,frank,inhibit_searched,7,NA,NA,3,2,1,NA,0,nico,NA,NA
20220514,1,3,bonobos,yaro,sleep_room,0,yes,no,35,5,NA,frank,inhibit_searched,8,NA,NA,2,3,1,NA,0,nico,NA,NA
20220514,1,3,bonobos,yaro,sleep_room,0,yes,no,35,5,NA,frank,inhibit_searched,9,NA,NA,2,3,1,NA,0,nico,NA,NA
20220514,1,3,bonobos,yaro,sleep_room,0,yes,no,35,5,NA,frank,inhibit_searched,10,NA,NA,3,2,1,NA,0,nico,NA,NA
20220514,1,3,bonobos,yaro,sleep_room,0,yes,no,35,5,NA,frank,inhibit_searched,11,NA,NA,2,3,1,NA,0,nico,NA,NA
20220514,1,3,bonobos,yaro,sleep_room,0,yes,no,35,5,NA,frank,inhibit_searched,12,NA,NA,3,1,2,NA,0,nico,NA,NA
20220514,1,3,bonobos,lexi,sleep_room,0,yes,no,32,1,"hodari, yaro, amira, tayo",frank,inhibit_searched,1,NA,NA,3,1,3,NA,1,nico,away,NA
20220514,1,3,bonobos,lexi,sleep_room,0,yes,no,32,1,"hodari, yaro, amira, tayo",frank,inhibit_searched,2,NA,NA,3,2,3,NA,1,nico,away,NA
20220514,1,3,bonobos,lexi,sleep_room,0,yes,no,32,1,"hodari, yaro, amira, tayo",frank,inhibit_searched,3,NA,NA,2,2,3,NA,1,nico,away,NA
20220514,1,3,bonobos,lexi,sleep_room,0,yes,no,32,1,"hodari, yaro, amira, tayo",frank,inhibit_searched,4,NA,NA,1,3,2,NA,0,nico,NA,NA
20220514,1,3,bonobos,lexi,sleep_room,0,yes,no,32,1,"hodari, yaro, amira, tayo",frank,inhibit_searched,5,NA,NA,2,3,2,NA,1,nico,away,NA
20220514,1,3,bonobos,lexi,sleep_room,0,yes,no,32,1,"hodari, yaro, amira, tayo",frank,inhibit_searched,6,NA,NA,1,3,2,NA,0,nico,away,NA
20220514,1,3,bonobos,lexi,sleep_room,0,yes,no,32,1,"hodari, yaro, amira, tayo",frank,inhibit_searched,7,NA,NA,1,3,2,NA,0,nico,NA,NA
20220514,1,3,bonobos,lexi,sleep_room,0,yes,no,32,1,"hodari, yaro, amira, tayo",frank,inhibit_searched,8,NA,NA,1,2,3,NA,0,nico,NA,NA
20220514,1,3,bonobos,lexi,sleep_room,0,yes,no,32,1,"hodari, yaro, amira, tayo",frank,inhibit_searched,9,NA,NA,1,3,2,NA,0,nico,NA,NA
20220514,1,3,bonobos,lexi,sleep_room,0,yes,no,32,1,"hodari, yaro, amira, tayo",frank,inhibit_searched,10,NA,NA,1,3,2,NA,0,nico,NA,NA
20220514,1,3,bonobos,lexi,sleep_room,0,yes,no,32,1,"hodari, yaro, amira, tayo",frank,inhibit_searched,11,NA,NA,1,2,3,NA,0,nico,NA,NA
20220514,1,3,bonobos,lexi,sleep_room,0,yes,no,32,1,"hodari, yaro, amira, tayo",frank,inhibit_searched,12,NA,NA,1,2,3,NA,0,nico,NA,NA
20220514,1,3,bonobos,tayo,sleep_room,0,yes,no,35,6,"hodari, yaro, lexi, amira",frank,inhibit_searched,1,NA,NA,3,3,2,NA,1,nico,both sides problem,NA
20220514,1,3,bonobos,tayo,sleep_room,0,yes,no,35,6,"hodari, yaro, lexi, amira",frank,inhibit_searched,2,NA,NA,2,2,2,NA,2,nico,away,NA
20220514,1,3,bonobos,tayo,sleep_room,0,yes,no,35,6,"hodari, yaro, lexi, amira",frank,inhibit_searched,3,NA,NA,2,2,2,NA,2,nico,away,NA
20220514,1,3,bonobos,tayo,sleep_room,0,yes,no,35,6,"hodari, yaro, lexi, amira",frank,inhibit_searched,4,NA,NA,3,2,2,NA,1,nico,away,NA
20220514,1,3,bonobos,tayo,sleep_room,0,yes,no,35,6,"hodari, yaro, lexi, amira",frank,inhibit_searched,5,NA,NA,2,2,1,NA,1,nico,NA,NA
20220514,1,3,bonobos,tayo,sleep_room,0,yes,no,35,6,"hodari, yaro, lexi, amira",frank,inhibit_searched,6,NA,NA,2,2,3,NA,1,nico,NA,NA
20220514,1,3,bonobos,tayo,sleep_room,0,yes,no,35,6,"hodari, yaro, lexi, amira",frank,inhibit_searched,7,NA,NA,1,2,2,NA,1,nico,away,NA
20220514,1,3,bonobos,tayo,sleep_room,0,yes,no,35,6,"hodari, yaro, lexi, amira",frank,inhibit_searched,8,NA,NA,2,1,1,NA,1,nico,away,NA
20220514,1,3,bonobos,tayo,sleep_room,0,yes,no,35,6,"hodari, yaro, lexi, amira",frank,inhibit_searched,9,NA,NA,2,2,3,NA,1,nico,away,NA
20220514,1,3,bonobos,tayo,sleep_room,0,yes,no,35,6,"hodari, yaro, lexi, amira",frank,inhibit_searched,10,NA,NA,2,1,2,NA,1,nico,NA,NA
20220514,1,3,bonobos,tayo,sleep_room,0,yes,no,35,6,"hodari, yaro, lexi, amira",frank,inhibit_searched,11,NA,NA,1,1,2,NA,1,nico,NA,NA
20220514,1,3,bonobos,tayo,sleep_room,0,yes,no,35,6,"hodari, yaro, lexi, amira",frank,inhibit_searched,12,NA,NA,2,1,1,NA,1,nico,away,NA
20220514,1,3,bonobos,luiza,sleep_room,0,no,no,32,3,gerda,frank,inhibit_searched,1,NA,NA,3,2,1,NA,0,nico,NA,NA
20220514,1,3,bonobos,luiza,sleep_room,0,no,no,32,3,gerda,frank,inhibit_searched,2,NA,NA,3,2,1,NA,0,nico,NA,NA
20220514,1,3,bonobos,luiza,sleep_room,0,no,no,32,3,gerda,frank,inhibit_searched,3,NA,NA,3,2,1,NA,0,nico,NA,NA
20220514,1,3,bonobos,luiza,sleep_room,0,no,no,32,3,gerda,frank,inhibit_searched,4,NA,NA,1,2,3,NA,0,nico,NA,NA
20220514,1,3,bonobos,luiza,sleep_room,0,no,no,32,3,gerda,frank,inhibit_searched,5,NA,NA,3,2,1,NA,0,nico,NA,NA
20220514,1,3,bonobos,luiza,sleep_room,0,no,no,32,3,gerda,frank,inhibit_searched,6,NA,NA,3,2,1,NA,0,nico,NA,NA
20220514,1,3,bonobos,luiza,sleep_room,0,no,no,32,3,gerda,frank,inhibit_searched,7,NA,NA,3,2,1,NA,0,nico,NA,NA
20220514,1,3,bonobos,luiza,sleep_room,0,no,no,32,3,gerda,frank,inhibit_searched,8,NA,NA,3,2,1,NA,0,nico,NA,NA
20220514,1,3,bonobos,luiza,sleep_room,0,no,no,32,3,gerda,frank,inhibit_searched,9,NA,NA,3,2,1,NA,0,nico,NA,NA
20220514,1,3,bonobos,luiza,sleep_room,0,no,no,32,3,gerda,frank,inhibit_searched,10,NA,NA,3,2,1,NA,0,nico,NA,NA
20220514,1,3,bonobos,luiza,sleep_room,0,no,no,32,3,gerda,frank,inhibit_searched,11,NA,NA,3,2,1,NA,0,nico,NA,NA
20220514,1,3,bonobos,luiza,sleep_room,0,no,no,32,3,gerda,frank,inhibit_searched,12,NA,NA,3,2,1,NA,0,nico,NA,NA
20220514,1,3,bonobos,kuno,sleep_room,0,yes,no,31,4,NA,frank,inhibit_searched,1,NA,NA,3,2,1,NA,0,nico,NA,NA
20220514,1,3,bonobos,kuno,sleep_room,0,yes,no,31,4,NA,frank,inhibit_searched,2,NA,NA,3,1,2,NA,0,nico,NA,NA
20220514,1,3,bonobos,kuno,sleep_room,0,yes,no,31,4,NA,frank,inhibit_searched,3,NA,NA,2,1,3,NA,0,nico,NA,NA
20220514,1,3,bonobos,kuno,sleep_room,0,yes,no,31,4,NA,frank,inhibit_searched,4,NA,NA,3,1,2,NA,0,nico,NA,NA
20220514,1,3,bonobos,kuno,sleep_room,0,yes,no,31,4,NA,frank,inhibit_searched,5,NA,NA,3,2,1,NA,0,nico,NA,NA
20220514,1,3,bonobos,kuno,sleep_room,0,yes,no,31,4,NA,frank,inhibit_searched,6,NA,NA,2,1,3,NA,0,nico,NA,NA
20220514,1,3,bonobos,kuno,sleep_room,0,yes,no,31,4,NA,frank,inhibit_searched,7,NA,NA,3,2,1,NA,0,nico,NA,NA
20220514,1,3,bonobos,kuno,sleep_room,0,yes,no,31,4,NA,frank,inhibit_searched,8,NA,NA,1,3,2,NA,0,nico,NA,NA
20220514,1,3,bonobos,kuno,sleep_room,0,yes,no,31,4,NA,frank,inhibit_searched,9,NA,NA,1,2,3,NA,0,nico,NA,NA
20220514,1,3,bonobos,kuno,sleep_room,0,yes,no,31,4,NA,frank,inhibit_searched,10,NA,NA,2,1,3,NA,0,nico,NA,NA
20220514,1,3,bonobos,kuno,sleep_room,0,yes,no,31,4,NA,frank,inhibit_searched,11,NA,NA,2,1,3,NA,0,nico,NA,NA
20220514,1,3,bonobos,kuno,sleep_room,0,yes,no,31,4,NA,frank,inhibit_searched,12,NA,NA,3,1,2,NA,0,nico,NA,NA
20220514,1,3,bonobos,kasai,sleep_room,0,yes,no,35,5,yaro,frank,inhibit_searched,1,NA,NA,1,2,3,NA,0,nico,NA,NA
20220514,1,3,bonobos,kasai,sleep_room,0,yes,no,35,5,yaro,frank,inhibit_searched,2,NA,NA,1,3,3,NA,1,nico,NA,NA
20220514,1,3,bonobos,kasai,sleep_room,0,yes,no,35,5,yaro,frank,inhibit_searched,3,NA,NA,2,2,3,NA,1,nico,NA,NA
20220514,1,3,bonobos,kasai,sleep_room,0,yes,no,35,5,yaro,frank,inhibit_searched,4,NA,NA,2,3,3,NA,1,nico,NA,NA
20220514,1,3,bonobos,kasai,sleep_room,0,yes,no,35,5,yaro,frank,inhibit_searched,5,NA,NA,3,2,2,NA,1,nico,NA,NA
20220514,1,3,bonobos,kasai,sleep_room,0,yes,no,35,5,yaro,frank,inhibit_searched,6,NA,NA,2,1,3,NA,0,nico,NA,NA
20220514,1,3,bonobos,kasai,sleep_room,0,yes,no,35,5,yaro,frank,inhibit_searched,7,NA,NA,3,2,1,NA,0,nico,NA,NA
20220514,1,3,bonobos,kasai,sleep_room,0,yes,no,35,5,yaro,frank,inhibit_searched,8,NA,NA,2,3,1,NA,0,nico,NA,NA
20220514,1,3,bonobos,kasai,sleep_room,0,yes,no,35,5,yaro,frank,inhibit_searched,9,NA,NA,3,2,1,NA,0,nico,NA,NA
20220514,1,3,bonobos,kasai,sleep_room,0,yes,no,35,5,yaro,frank,inhibit_searched,10,NA,NA,2,1,3,NA,0,nico,NA,NA
20220514,1,3,bonobos,kasai,sleep_room,0,yes,no,35,5,yaro,frank,inhibit_searched,11,NA,NA,3,2,1,NA,0,nico,NA,NA
20220514,1,3,bonobos,kasai,sleep_room,0,yes,no,35,5,yaro,frank,inhibit_searched,12,NA,NA,3,2,1,NA,0,nico,NA,NA
20220514,1,3,bonobos,yasa,sleep_room,0,no,no,34,2,sumai,frank,inhibit_searched,1,NA,NA,1,2,3,NA,0,nico,NA,NA
20220514,1,3,bonobos,yasa,sleep_room,0,no,no,34,2,sumai,frank,inhibit_searched,2,NA,NA,1,2,3,NA,0,nico,NA,NA
20220514,1,3,bonobos,yasa,sleep_room,0,no,no,34,2,sumai,frank,inhibit_searched,3,NA,NA,1,3,2,NA,0,nico,NA,NA
20220514,1,3,bonobos,yasa,sleep_room,0,no,no,34,2,sumai,frank,inhibit_searched,4,NA,NA,1,2,3,NA,0,nico,NA,NA
20220514,1,3,bonobos,yasa,sleep_room,0,no,no,34,2,sumai,frank,inhibit_searched,5,NA,NA,2,3,1,NA,0,nico,NA,NA
20220514,1,3,bonobos,yasa,sleep_room,0,no,no,34,2,sumai,frank,inhibit_searched,6,NA,NA,2,3,1,NA,0,nico,NA,NA
20220514,1,3,bonobos,yasa,sleep_room,0,no,no,34,2,sumai,frank,inhibit_searched,7,NA,NA,3,1,2,NA,0,nico,NA,NA
20220514,1,3,bonobos,yasa,sleep_room,0,no,no,34,2,sumai,frank,inhibit_searched,8,NA,NA,1,3,2,NA,0,nico,NA,NA
20220514,1,3,bonobos,yasa,sleep_room,0,no,no,34,2,sumai,frank,inhibit_searched,9,NA,NA,1,3,2,NA,0,nico,NA,NA
20220514,1,3,bonobos,yasa,sleep_room,0,no,no,34,2,sumai,frank,inhibit_searched,10,NA,NA,1,3,2,NA,0,nico,NA,NA
20220514,1,3,bonobos,yasa,sleep_room,0,no,no,34,2,sumai,frank,inhibit_searched,11,NA,NA,3,2,1,NA,0,nico,NA,NA
20220514,1,3,bonobos,yasa,sleep_room,0,no,no,34,2,sumai,frank,inhibit_searched,12,NA,NA,1,2,3,NA,0,nico,NA,NA
20220514,1,3,bonobos,sumai,sleep_room,0,yes,no,34,6,yasa,frank,inhibit_searched,1,NA,NA,1,1,3,NA,1,nico,away,NA
20220514,1,3,bonobos,sumai,sleep_room,0,yes,no,34,6,yasa,frank,inhibit_searched,2,NA,NA,3,2,2,NA,1,nico,away,NA
20220514,1,3,bonobos,sumai,sleep_room,0,yes,no,34,6,yasa,frank,inhibit_searched,3,NA,NA,2,2,2,NA,2,nico,away,NA
20220514,1,3,bonobos,sumai,sleep_room,0,yes,no,34,6,yasa,frank,inhibit_searched,4,NA,NA,3,2,2,NA,1,nico,away,NA
20220514,1,3,bonobos,sumai,sleep_room,0,yes,no,34,6,yasa,frank,inhibit_searched,5,NA,NA,3,1,2,NA,0,nico,away,NA
20220514,1,3,bonobos,sumai,sleep_room,0,yes,no,34,6,yasa,frank,inhibit_searched,6,NA,NA,3,2,2,NA,1,nico,away,NA
20220710,2,3,bonobos,jasongo,sleep_room,0,no,no,9,8,"kuno, joey",nicole,inhibit_searched,1,NA,NA,3,2,1,NA,0,nico,NA,NA
20220710,2,3,bonobos,jasongo,sleep_room,0,no,no,9,8,"kuno, joey",nicole,inhibit_searched,2,NA,NA,3,1,2,NA,0,nico,NA,NA
20220710,2,3,bonobos,jasongo,sleep_room,0,no,no,9,8,"kuno, joey",nicole,inhibit_searched,3,NA,NA,3,2,1,NA,0,nico,NA,NA
20220710,2,3,bonobos,jasongo,sleep_room,0,no,no,9,8,"kuno, joey",nicole,inhibit_searched,4,NA,NA,3,1,2,NA,0,nico,finger in mesh,NA
20220710,2,3,bonobos,jasongo,sleep_room,0,no,no,9,8,"kuno, joey",nicole,inhibit_searched,5,NA,NA,3,2,1,NA,0,nico,NA,NA
20220710,2,3,bonobos,jasongo,sleep_room,0,no,no,9,8,"kuno, joey",nicole,inhibit_searched,6,NA,NA,3,2,1,NA,0,nico,NA,NA
20220710,2,3,bonobos,jasongo,sleep_room,0,no,no,9,8,"kuno, joey",nicole,inhibit_searched,7,NA,NA,2,1,3,NA,0,nico,finger in mesh,NA
20220710,2,3,bonobos,jasongo,sleep_room,0,no,no,9,8,"kuno, joey",nicole,inhibit_searched,8,NA,NA,1,2,3,NA,0,nico,NA,NA
20220710,2,3,bonobos,jasongo,sleep_room,0,no,no,9,8,"kuno, joey",nicole,inhibit_searched,9,NA,NA,2,3,1,NA,0,nico,NA,NA
20220710,2,3,bonobos,jasongo,sleep_room,0,no,no,9,8,"kuno, joey",nicole,inhibit_searched,10,NA,NA,3,3,2,NA,1,nico,finger in mesh,NA
20220710,2,3,bonobos,jasongo,sleep_room,0,no,no,9,8,"kuno, joey",nicole,inhibit_searched,11,NA,NA,2,3,1,NA,0,nico,NA,NA
20220710,2,3,bonobos,jasongo,sleep_room,0,no,no,9,8,"kuno, joey",nicole,inhibit_searched,12,NA,NA,3,2,1,NA,0,nico,finger in mesh,NA
20220710,2,3,bonobos,kuno,sleep_room,0,no,no,9,5,NA,nicole,inhibit_searched,1,NA,NA,3,2,1,NA,0,nico,NA,NA
20220710,2,3,bonobos,kuno,sleep_room,0,no,no,9,5,NA,nicole,inhibit_searched,2,NA,NA,3,2,1,NA,0,nico,NA,NA
20220710,2,3,bonobos,kuno,sleep_room,0,no,no,9,5,NA,nicole,inhibit_searched,3,NA,NA,3,2,1,NA,0,nico,NA,NA
20220710,2,3,bonobos,kuno,sleep_room,0,no,no,9,5,NA,nicole,inhibit_searched,4,NA,NA,3,2,1,NA,0,nico,NA,NA
20220710,2,3,bonobos,kuno,sleep_room,0,no,no,9,5,NA,nicole,inhibit_searched,5,NA,NA,2,1,3,NA,0,nico,NA,NA
20220710,2,3,bonobos,kuno,sleep_room,0,no,no,9,5,NA,nicole,inhibit_searched,6,NA,NA,3,1,2,NA,0,nico,NA,NA
20220710,2,3,bonobos,kuno,sleep_room,0,no,no,9,5,NA,nicole,inhibit_searched,7,NA,NA,3,2,1,NA,0,nico,NA,NA
20220710,2,3,bonobos,kuno,sleep_room,0,no,no,9,5,NA,nicole,inhibit_searched,8,NA,NA,2,1,2,NA,1,nico,NA,NA
20220710,2,3,bonobos,kuno,sleep_room,0,no,no,9,5,NA,nicole,inhibit_searched,9,NA,NA,2,1,3,NA,0,nico,NA,NA
20220710,2,3,bonobos,kuno,sleep_room,0,no,no,9,5,NA,nicole,inhibit_searched,10,NA,NA,2,1,2,NA,1,nico,NA,NA
20220710,2,3,bonobos,kuno,sleep_room,0,no,no,9,5,NA,nicole,inhibit_searched,11,NA,NA,3,2,1,NA,0,nico,NA,NA
20220710,2,3,bonobos,kuno,sleep_room,0,no,no,9,5,NA,nicole,inhibit_searched,12,NA,NA,2,1,3,NA,0,nico,NA,NA
20220710,2,3,bonobos,yaro,sleep_room,0,no,no,9,6,NA,nicole,inhibit_searched,1,NA,NA,3,1,3,NA,1,nico,NA,NA
20220710,2,3,bonobos,yaro,sleep_room,0,no,no,9,6,NA,nicole,inhibit_searched,2,NA,NA,3,1,2,NA,0,nico,NA,NA
20220710,2,3,bonobos,yaro,sleep_room,0,no,no,9,6,NA,nicole,inhibit_searched,3,NA,NA,2,1,3,NA,0,nico,NA,NA
20220710,2,3,bonobos,yaro,sleep_room,0,no,no,9,6,NA,nicole,inhibit_searched,4,NA,NA,1,2,3,NA,0,nico,NA,NA
20220710,2,3,bonobos,yaro,sleep_room,0,no,no,9,6,NA,nicole,inhibit_searched,5,NA,NA,2,1,3,NA,0,nico,NA,NA
20220710,2,3,bonobos,yaro,sleep_room,0,no,no,9,6,NA,nicole,inhibit_searched,6,NA,NA,2,1,3,NA,0,nico,NA,NA
20220710,2,3,bonobos,yaro,sleep_room,0,no,no,9,6,NA,nicole,inhibit_searched,7,NA,NA,2,3,1,NA,0,nico,NA,NA
20220710,2,3,bonobos,yaro,sleep_room,0,no,no,9,6,NA,nicole,inhibit_searched,8,NA,NA,3,1,2,NA,0,nico,NA,NA
20220710,2,3,bonobos,yaro,sleep_room,0,no,no,9,6,NA,nicole,inhibit_searched,9,NA,NA,2,1,3,NA,0,nico,NA,NA
20220710,2,3,bonobos,yaro,sleep_room,0,no,no,9,6,NA,nicole,inhibit_searched,10,NA,NA,1,3,2,NA,0,nico,NA,NA
20220710,2,3,bonobos,yaro,sleep_room,0,no,no,9,6,NA,nicole,inhibit_searched,11,NA,NA,2,3,1,NA,0,nico,NA,NA
20220710,2,3,bonobos,yaro,sleep_room,0,no,no,9,6,NA,nicole,inhibit_searched,12,NA,NA,2,1,3,NA,0,nico,NA,NA
20220710,2,3,bonobos,kasai,sleep_room,0,no,no,9,4,NA,nicole,inhibit_searched,1,NA,NA,3,1,2,NA,0,nico,NA,NA
20220710,2,3,bonobos,kasai,sleep_room,0,no,no,9,4,NA,nicole,inhibit_searched,2,NA,NA,3,2,1,NA,0,nico,NA,NA
20220710,2,3,bonobos,kasai,sleep_room,0,no,no,9,4,NA,nicole,inhibit_searched,3,NA,NA,3,2,1,NA,0,nico,NA,NA
20220710,2,3,bonobos,kasai,sleep_room,0,no,no,9,4,NA,nicole,inhibit_searched,4,NA,NA,3,2,1,NA,0,nico,NA,NA
20220710,2,3,bonobos,kasai,sleep_room,0,no,no,9,4,NA,nicole,inhibit_searched,5,NA,NA,3,2,1,NA,0,nico,NA,NA
20220710,2,3,bonobos,kasai,sleep_room,0,no,no,9,4,NA,nicole,inhibit_searched,6,NA,NA,2,3,1,NA,0,nico,NA,NA
20220710,2,3,bonobos,kasai,sleep_room,0,no,no,9,4,NA,nicole,inhibit_searched,7,NA,NA,3,2,1,NA,0,nico,NA,NA
20220710,2,3,bonobos,kasai,sleep_room,0,no,no,9,4,NA,nicole,inhibit_searched,8,NA,NA,3,2,1,NA,0,nico,NA,NA
20220710,2,3,bonobos,kasai,sleep_room,0,no,no,9,4,NA,nicole,inhibit_searched,9,NA,NA,3,2,1,NA,0,nico,NA,NA
20220710,2,3,bonobos,kasai,sleep_room,0,no,no,9,4,NA,nicole,inhibit_searched,10,NA,NA,3,2,1,NA,0,nico,NA,NA
20220710,2,3,bonobos,kasai,sleep_room,0,no,no,9,4,NA,nicole,inhibit_searched,11,NA,NA,3,2,1,NA,0,nico,NA,NA
20220710,2,3,bonobos,kasai,sleep_room,0,no,no,9,4,NA,nicole,inhibit_searched,12,NA,NA,3,2,2,NA,1,nico,NA,NA
20220710,2,3,bonobos,yasa,sleep_room,0,no,no,9,2,sumai,nicole,inhibit_searched,1,NA,NA,3,2,1,NA,0,nico,NA,NA
20220710,2,3,bonobos,yasa,sleep_room,0,no,no,9,2,sumai,nicole,inhibit_searched,2,NA,NA,3,1,2,NA,0,nico,NA,NA
20220710,2,3,bonobos,yasa,sleep_room,0,no,no,9,2,sumai,nicole,inhibit_searched,3,NA,NA,2,1,3,NA,0,nico,NA,NA
20220710,2,3,bonobos,yasa,sleep_room,0,no,no,9,2,sumai,nicole,inhibit_searched,4,NA,NA,2,1,3,NA,0,nico,NA,NA
20220710,2,3,bonobos,yasa,sleep_room,0,no,no,9,2,sumai,nicole,inhibit_searched,5,NA,NA,3,2,1,NA,0,nico,NA,NA
20220710,2,3,bonobos,yasa,sleep_room,0,no,no,9,2,sumai,nicole,inhibit_searched,6,NA,NA,1,2,3,NA,0,nico,NA,NA
20220710,2,3,bonobos,yasa,sleep_room,0,no,no,9,2,sumai,nicole,inhibit_searched,7,NA,NA,2,1,3,NA,0,nico,NA,NA
20220710,2,3,bonobos,yasa,sleep_room,0,no,no,9,2,sumai,nicole,inhibit_searched,8,NA,NA,1,2,3,NA,0,nico,NA,NA
20220710,2,3,bonobos,yasa,sleep_room,0,no,no,9,2,sumai,nicole,inhibit_searched,9,NA,NA,1,2,3,NA,0,nico,NA,NA
20220710,2,3,bonobos,yasa,sleep_room,0,no,no,9,2,sumai,nicole,inhibit_searched,10,NA,NA,3,1,2,NA,0,nico,NA,NA
20220710,2,3,bonobos,yasa,sleep_room,0,no,no,9,2,sumai,nicole,inhibit_searched,11,NA,NA,3,1,2,NA,0,nico,sumai interrupted a lot,NA
20220710,2,3,bonobos,yasa,sleep_room,0,no,no,9,2,sumai,nicole,inhibit_searched,12,NA,NA,1,3,2,NA,0,nico,NA,NA
20220710,2,3,bonobos,sumai,sleep_room,0,no,no,9,7,"yasa, lexi, hodari, amira, tayo",nicole,inhibit_searched,1,NA,NA,3,3,3,NA,2,nico,NA,NA
20220710,2,3,bonobos,sumai,sleep_room,0,no,no,9,7,"yasa, lexi, hodari, amira, tayo",nicole,inhibit_searched,2,NA,NA,3,3,3,NA,2,nico,NA,NA
20220710,2,3,bonobos,sumai,sleep_room,0,no,no,9,7,"yasa, lexi, hodari, amira, tayo",nicole,inhibit_searched,3,NA,NA,3,3,2,NA,1,nico,NA,NA
20220710,2,3,bonobos,sumai,sleep_room,0,no,no,9,7,"yasa, lexi, hodari, amira, tayo",nicole,inhibit_searched,4,NA,NA,3,2,3,NA,1,nico,NA,NA
20220710,2,3,bonobos,sumai,sleep_room,0,no,no,9,7,"yasa, lexi, hodari, amira, tayo",nicole,inhibit_searched,5,NA,NA,3,3,1,NA,1,nico,NA,NA
20220710,2,3,bonobos,sumai,sleep_room,0,no,no,9,7,"yasa, lexi, hodari, amira, tayo",nicole,inhibit_searched,6,NA,NA,3,3,1,NA,1,nico,NA,NA
20220710,2,3,bonobos,sumai,sleep_room,0,no,no,9,7,"yasa, lexi, hodari, amira, tayo",nicole,inhibit_searched,7,NA,NA,3,3,2,NA,1,nico,NA,NA
20220710,2,3,bonobos,sumai,sleep_room,0,no,no,9,7,"yasa, lexi, hodari, amira, tayo",nicole,inhibit_searched,8,NA,NA,3,3,3,NA,2,nico,NA,NA
20220710,2,3,bonobos,sumai,sleep_room,0,no,no,9,7,"yasa, lexi, hodari, amira, tayo",nicole,inhibit_searched,9,NA,NA,3,3,3,NA,2,nico,NA,NA
20220710,2,3,bonobos,sumai,sleep_room,0,no,no,9,7,"yasa, lexi, hodari, amira, tayo",nicole,inhibit_searched,10,NA,NA,3,3,2,NA,1,nico,NA,NA
20220710,2,3,bonobos,sumai,sleep_room,0,no,no,9,7,"yasa, lexi, hodari, amira, tayo",nicole,inhibit_searched,11,NA,NA,3,3,3,NA,2,nico,NA,NA
20220710,2,3,bonobos,sumai,sleep_room,0,no,no,9,7,"yasa, lexi, hodari, amira, tayo",nicole,inhibit_searched,12,NA,NA,3,3,3,NA,2,nico,NA,NA
20220710,2,3,bonobos,lexi,sleep_room,0,no,no,9,1,"hodari, tayo, amira, yaro",nicole,inhibit_searched,1,NA,NA,3,1,2,NA,0,nico,away,NA
20220710,2,3,bonobos,lexi,sleep_room,0,no,no,9,1,"hodari, tayo, amira, yaro",nicole,inhibit_searched,2,NA,NA,2,3,2,NA,1,nico,away,NA
20220710,2,3,bonobos,lexi,sleep_room,0,no,no,9,1,"hodari, tayo, amira, yaro",nicole,inhibit_searched,3,NA,NA,2,3,2,NA,1,nico,away,NA
20220710,2,3,bonobos,lexi,sleep_room,0,no,no,9,1,"hodari, tayo, amira, yaro",nicole,inhibit_searched,4,NA,NA,3,2,1,NA,0,nico,away,NA
20220710,2,3,bonobos,lexi,sleep_room,0,no,no,9,1,"hodari, tayo, amira, yaro",nicole,inhibit_searched,5,NA,NA,1,3,2,NA,0,nico,away,NA
20220710,2,3,bonobos,lexi,sleep_room,0,no,no,9,1,"hodari, tayo, amira, yaro",nicole,inhibit_searched,6,NA,NA,2,2,3,NA,1,nico,away,NA
20220710,2,3,bonobos,lexi,sleep_room,0,no,no,9,1,"hodari, tayo, amira, yaro",nicole,inhibit_searched,7,NA,NA,1,3,2,NA,0,nico,away,NA
20220710,2,3,bonobos,lexi,sleep_room,0,no,no,9,1,"hodari, tayo, amira, yaro",nicole,inhibit_searched,8,NA,NA,2,3,2,NA,1,nico,away,NA
20220710,2,3,bonobos,lexi,sleep_room,0,no,no,9,1,"hodari, tayo, amira, yaro",nicole,inhibit_searched,9,NA,NA,2,2,3,NA,1,nico,NA,NA
20220710,2,3,bonobos,lexi,sleep_room,0,no,no,9,1,"hodari, tayo, amira, yaro",nicole,inhibit_searched,10,NA,NA,1,2,2,NA,0,nico,away,NA
20220710,2,3,bonobos,lexi,sleep_room,0,no,no,9,1,"hodari, tayo, amira, yaro",nicole,inhibit_searched,11,NA,NA,1,3,1,NA,1,nico,NA,NA
20220710,2,3,bonobos,lexi,sleep_room,0,no,no,9,1,"hodari, tayo, amira, yaro",nicole,inhibit_searched,12,NA,NA,3,1,2,NA,0,nico,NA,NA
20220710,2,3,bonobos,tayo,sleep_room,0,no,no,9,7,"lexi, hodari, amira",nicole,inhibit_searched,1,NA,NA,2,2,1,NA,1,nico,NA,NA
20220710,2,3,bonobos,tayo,sleep_room,0,no,no,9,7,"lexi, hodari, amira",nicole,inhibit_searched,2,NA,NA,1,2,2,NA,1,nico,NA,NA
20220710,2,3,bonobos,tayo,sleep_room,0,no,no,9,7,"lexi, hodari, amira",nicole,inhibit_searched,3,NA,NA,1,1,2,NA,1,nico,NA,NA
20220710,2,3,bonobos,tayo,sleep_room,0,no,no,9,7,"lexi, hodari, amira",nicole,inhibit_searched,4,NA,NA,2,2,2,NA,2,nico,NA,NA
20220710,2,3,bonobos,tayo,sleep_room,0,no,no,9,7,"lexi, hodari, amira",nicole,inhibit_searched,5,NA,NA,2,1,1,NA,1,nico,NA,NA
20220710,2,3,bonobos,tayo,sleep_room,0,no,no,9,7,"lexi, hodari, amira",nicole,inhibit_searched,6,NA,NA,2,1,2,NA,1,nico,stressed,NA
20220710,2,3,bonobos,amira,sleep_room,0,no,no,9,7,"lexi, hodari, tayo, yaro",nicole,inhibit_searched,1,NA,NA,1,1,1,NA,2,nico,NA,NA
20220710,2,3,bonobos,amira,sleep_room,0,no,no,9,7,"lexi, hodari, tayo, yaro",nicole,inhibit_searched,4,NA,NA,3,2,2,NA,1,nico,NA,NA
20220710,2,3,bonobos,amira,sleep_room,0,no,no,9,7,"lexi, hodari, tayo, yaro",nicole,inhibit_searched,5,NA,NA,1,1,3,NA,1,nico,NA,NA
20220710,2,3,bonobos,amira,sleep_room,0,no,no,9,7,"lexi, hodari, tayo, yaro",nicole,inhibit_searched,6,NA,NA,3,3,1,NA,1,nico,stressed,NA
20220710,2,3,bonobos,luiza,sleep_room,0,no,no,9,3,gerda,nicole,inhibit_searched,1,NA,NA,1,2,2,NA,1,nico,NA,NA
20220710,2,3,bonobos,luiza,sleep_room,0,no,no,9,3,gerda,nicole,inhibit_searched,2,NA,NA,1,3,2,NA,0,nico,NA,NA
20220710,2,3,bonobos,luiza,sleep_room,0,no,no,9,3,gerda,nicole,inhibit_searched,3,NA,NA,1,3,3,NA,1,nico,NA,NA
20220902,3,3,bonobos,joey,sleep_room,0,no,no,23,8,jasongo,frank,inhibit_searched,1,NA,NA,2,3,3,NA,1,nico,away,NA
20220902,3,3,bonobos,joey,sleep_room,0,no,no,23,8,jasongo,frank,inhibit_searched,2,NA,NA,3,3,3,NA,2,nico,NA,NA
20220902,3,3,bonobos,joey,sleep_room,0,no,no,23,8,jasongo,frank,inhibit_searched,3,NA,NA,3,3,3,NA,2,nico,NA,NA
20220902,3,3,bonobos,jasongo,sleep_room,0,no,no,21,8,joey,frank,inhibit_searched,1,NA,NA,2,2,1,NA,1,nico,NA,NA
20220902,3,3,bonobos,jasongo,sleep_room,0,no,no,21,8,joey,frank,inhibit_searched,2,NA,NA,2,2,2,NA,2,nico,NA,NA
20220902,3,3,bonobos,jasongo,sleep_room,0,no,no,21,8,joey,frank,inhibit_searched,3,NA,NA,2,1,2,NA,1,nico,NA,NA
20220902,3,3,bonobos,jasongo,sleep_room,0,no,no,21,8,joey,frank,inhibit_searched,4,NA,NA,2,3,1,NA,0,nico,NA,NA
20220902,3,3,bonobos,jasongo,sleep_room,0,no,no,21,8,joey,frank,inhibit_searched,5,NA,NA,1,3,2,NA,0,nico,NA,NA
20220902,3,3,bonobos,jasongo,sleep_room,0,no,no,21,8,joey,frank,inhibit_searched,6,NA,NA,2,3,1,NA,0,nico,NA,NA
20220902,3,3,bonobos,jasongo,sleep_room,0,no,no,21,8,joey,frank,inhibit_searched,7,NA,NA,2,1,2,NA,1,nico,NA,NA
20220902,3,3,bonobos,jasongo,sleep_room,0,no,no,21,8,joey,frank,inhibit_searched,8,NA,NA,2,1,3,NA,0,nico,NA,NA
20220902,3,3,bonobos,jasongo,sleep_room,0,no,no,21,8,joey,frank,inhibit_searched,9,NA,NA,3,2,1,NA,0,nico,NA,NA
20220902,3,3,bonobos,jasongo,sleep_room,0,no,no,21,8,joey,frank,inhibit_searched,10,NA,NA,2,1,3,NA,0,nico,NA,NA
20220902,3,3,bonobos,jasongo,sleep_room,0,no,no,21,8,joey,frank,inhibit_searched,11,NA,NA,1,2,3,NA,0,nico,NA,NA
20220902,3,3,bonobos,jasongo,sleep_room,0,no,no,21,8,joey,frank,inhibit_searched,12,NA,NA,2,3,1,NA,0,nico,NA,NA
20220902,3,3,bonobos,luiza,sleep_room,0,no,no,23,3,gerda,frank,inhibit_searched,1,NA,NA,3,1,2,NA,0,nico,tina (new person to the zoo was watching session,NA
20220902,3,3,bonobos,luiza,sleep_room,0,no,no,23,3,gerda,frank,inhibit_searched,2,NA,NA,1,2,2,NA,1,nico,NA,NA
20220902,3,3,bonobos,luiza,sleep_room,0,no,no,23,3,gerda,frank,inhibit_searched,3,NA,NA,1,2,2,NA,1,nico,NA,NA
20220902,3,3,bonobos,luiza,sleep_room,0,no,no,23,3,gerda,frank,inhibit_searched,4,NA,NA,2,2,3,NA,1,nico,NA,NA
20220902,3,3,bonobos,luiza,sleep_room,0,no,no,23,3,gerda,frank,inhibit_searched,5,NA,NA,3,2,1,NA,0,nico,NA,NA
20220902,3,3,bonobos,luiza,sleep_room,0,no,no,23,3,gerda,frank,inhibit_searched,6,NA,NA,3,2,1,NA,0,nico,NA,NA
20220902,3,3,bonobos,luiza,sleep_room,0,no,no,23,3,gerda,frank,inhibit_searched,7,NA,NA,2,1,2,NA,1,nico,NA,NA
20220902,3,3,bonobos,luiza,sleep_room,0,no,no,23,3,gerda,frank,inhibit_searched,8,NA,NA,2,1,3,NA,0,nico,NA,NA
20220902,3,3,bonobos,luiza,sleep_room,0,no,no,23,3,gerda,frank,inhibit_searched,9,NA,NA,1,3,2,NA,0,nico,NA,NA
20220902,3,3,bonobos,luiza,sleep_room,0,no,no,23,3,gerda,frank,inhibit_searched,10,NA,NA,3,1,2,NA,0,nico,both sides problem,NA
20220902,3,3,bonobos,luiza,sleep_room,0,no,no,23,3,gerda,frank,inhibit_searched,11,NA,NA,3,1,2,NA,0,nico,NA,NA
20220902,3,3,bonobos,luiza,sleep_room,0,no,no,23,3,gerda,frank,inhibit_searched,12,NA,NA,3,2,1,NA,0,nico,NA,NA
20220902,3,3,bonobos,kasai,sleep_room,0,no,no,23,4,NA,frank,inhibit_searched,1,NA,NA,2,3,1,NA,0,nico,NA,NA
20220902,3,3,bonobos,kasai,sleep_room,0,no,no,23,4,NA,frank,inhibit_searched,2,NA,NA,2,3,1,NA,0,nico,NA,NA
20220902,3,3,bonobos,kasai,sleep_room,0,no,no,23,4,NA,frank,inhibit_searched,3,NA,NA,3,2,1,NA,0,nico,NA,NA
20220902,3,3,bonobos,kasai,sleep_room,0,no,no,23,4,NA,frank,inhibit_searched,4,NA,NA,2,1,3,NA,0,nico,NA,NA
20220902,3,3,bonobos,kasai,sleep_room,0,no,no,23,4,NA,frank,inhibit_searched,5,NA,NA,3,2,1,NA,0,nico,NA,NA
20220902,3,3,bonobos,kasai,sleep_room,0,no,no,23,4,NA,frank,inhibit_searched,6,NA,NA,1,3,2,NA,0,nico,NA,NA
20220902,3,3,bonobos,kasai,sleep_room,0,no,no,23,4,NA,frank,inhibit_searched,7,NA,NA,3,2,1,NA,0,nico,NA,NA
20220902,3,3,bonobos,kasai,sleep_room,0,no,no,23,4,NA,frank,inhibit_searched,8,NA,NA,2,3,2,NA,1,nico,NA,NA
20220902,3,3,bonobos,kasai,sleep_room,0,no,no,23,4,NA,frank,inhibit_searched,9,NA,NA,2,1,3,NA,0,nico,NA,NA
20220902,3,3,bonobos,kasai,sleep_room,0,no,no,23,4,NA,frank,inhibit_searched,10,NA,NA,1,3,2,NA,0,nico,NA,NA
20220902,3,3,bonobos,kasai,sleep_room,0,no,no,23,4,NA,frank,inhibit_searched,11,NA,NA,3,2,1,NA,0,nico,NA,NA
20220902,3,3,bonobos,kasai,sleep_room,0,no,no,23,4,NA,frank,inhibit_searched,12,NA,NA,3,2,1,NA,0,nico,NA,NA
20220902,3,3,bonobos,yaro,sleep_room,0,no,no,23,6,NA,frank,inhibit_searched,1,NA,NA,3,1,2,NA,0,nico,away,NA
20220902,3,3,bonobos,yaro,sleep_room,0,no,no,23,6,NA,frank,inhibit_searched,2,NA,NA,1,2,3,NA,0,nico,NA,NA
20220902,3,3,bonobos,yaro,sleep_room,0,no,no,23,6,NA,frank,inhibit_searched,3,NA,NA,3,2,1,NA,0,nico,NA,NA
20220902,3,3,bonobos,yaro,sleep_room,0,no,no,23,6,NA,frank,inhibit_searched,4,NA,NA,2,1,3,NA,0,nico,NA,NA
20220902,3,3,bonobos,yaro,sleep_room,0,no,no,23,6,NA,frank,inhibit_searched,5,NA,NA,3,2,1,NA,0,nico,NA,NA
20220902,3,3,bonobos,yaro,sleep_room,0,no,no,23,6,NA,frank,inhibit_searched,6,NA,NA,2,3,1,NA,0,nico,NA,NA
20220902,3,3,bonobos,yaro,sleep_room,0,no,no,23,6,NA,frank,inhibit_searched,7,NA,NA,2,1,3,NA,0,nico,NA,NA
20220902,3,3,bonobos,yaro,sleep_room,0,no,no,23,6,NA,frank,inhibit_searched,8,NA,NA,3,1,2,NA,0,nico,NA,NA
20220902,3,3,bonobos,yaro,sleep_room,0,no,no,23,6,NA,frank,inhibit_searched,9,NA,NA,2,1,3,NA,0,nico,NA,NA
20220902,3,3,bonobos,yaro,sleep_room,0,no,no,23,6,NA,frank,inhibit_searched,10,NA,NA,3,2,1,NA,0,nico,NA,NA
20220902,3,3,bonobos,yaro,sleep_room,0,no,no,23,6,NA,frank,inhibit_searched,11,NA,NA,3,2,1,NA,0,nico,NA,NA
20220902,3,3,bonobos,yaro,sleep_room,0,no,no,23,6,NA,frank,inhibit_searched,12,NA,NA,1,2,3,NA,0,nico,NA,NA
20220902,3,3,bonobos,yasa,sleep_room,0,no,no,21,2,"sumai, kasai",frank,inhibit_searched,1,NA,NA,2,1,3,NA,0,nico,NA,NA
20220902,3,3,bonobos,yasa,sleep_room,0,no,no,21,2,"sumai, kasai",frank,inhibit_searched,2,NA,NA,2,3,1,NA,0,nico,NA,NA
20220902,3,3,bonobos,yasa,sleep_room,0,no,no,21,2,"sumai, kasai",frank,inhibit_searched,3,NA,NA,3,2,1,NA,0,nico,NA,NA
20220902,3,3,bonobos,yasa,sleep_room,0,no,no,21,2,"sumai, kasai",frank,inhibit_searched,4,NA,NA,1,2,3,NA,0,nico,NA,NA
20220902,3,3,bonobos,yasa,sleep_room,0,no,no,21,2,"sumai, kasai",frank,inhibit_searched,5,NA,NA,1,3,2,NA,0,nico,NA,NA
20220902,3,3,bonobos,yasa,sleep_room,0,no,no,21,2,"sumai, kasai",frank,inhibit_searched,6,NA,NA,1,3,2,NA,0,nico,NA,NA
20220902,3,3,bonobos,yasa,sleep_room,0,no,no,21,2,"sumai, kasai",frank,inhibit_searched,7,NA,NA,1,2,3,NA,0,nico,NA,NA
20220902,3,3,bonobos,yasa,sleep_room,0,no,no,21,2,"sumai, kasai",frank,inhibit_searched,8,NA,NA,1,3,2,NA,0,nico,NA,NA
20220902,3,3,bonobos,yasa,sleep_room,0,no,no,21,2,"sumai, kasai",frank,inhibit_searched,9,NA,NA,2,1,3,NA,0,nico,NA,NA
20220902,3,3,bonobos,yasa,sleep_room,0,no,no,21,2,"sumai, kasai",frank,inhibit_searched,10,NA,NA,1,2,3,NA,0,nico,NA,NA
20220902,3,3,bonobos,yasa,sleep_room,0,no,no,21,2,"sumai, kasai",frank,inhibit_searched,11,NA,NA,1,2,3,NA,0,nico,NA,NA
20220902,3,3,bonobos,yasa,sleep_room,0,no,no,21,2,"sumai, kasai",frank,inhibit_searched,12,NA,NA,2,3,1,NA,0,nico,NA,NA
20220902,3,3,bonobos,tayo,sleep_room,0,no,no,23,7,yaro,frank,inhibit_searched,1,NA,NA,2,2,3,NA,1,nico,NA,NA
20220902,3,3,bonobos,tayo,sleep_room,0,no,no,23,7,yaro,frank,inhibit_searched,2,NA,NA,1,3,3,NA,1,nico,NA,NA
20220902,3,3,bonobos,tayo,sleep_room,0,no,no,23,7,yaro,frank,inhibit_searched,3,NA,NA,1,1,2,NA,1,nico,NA,NA
20220902,3,3,bonobos,tayo,sleep_room,0,no,no,23,7,yaro,frank,inhibit_searched,4,NA,NA,1,1,3,NA,1,nico,NA,NA
20220902,3,3,bonobos,tayo,sleep_room,0,no,no,23,7,yaro,frank,inhibit_searched,5,NA,NA,2,2,3,NA,1,nico,NA,NA
20220902,3,3,bonobos,tayo,sleep_room,0,no,no,23,7,yaro,frank,inhibit_searched,6,NA,NA,3,3,3,NA,2,nico,NA,NA
20220902,3,3,bonobos,tayo,sleep_room,0,no,no,23,7,yaro,frank,inhibit_searched,7,NA,NA,3,1,3,NA,1,nico,NA,NA
20220902,3,3,bonobos,tayo,sleep_room,0,no,no,23,7,yaro,frank,inhibit_searched,8,NA,NA,1,2,3,NA,0,nico,NA,NA
20220902,3,3,bonobos,tayo,sleep_room,0,no,no,23,7,yaro,frank,inhibit_searched,9,NA,NA,3,3,3,NA,2,nico,NA,NA
20220902,3,3,bonobos,tayo,sleep_room,0,no,no,23,7,yaro,frank,inhibit_searched,10,NA,NA,2,1,2,NA,1,nico,NA,NA
20220902,3,3,bonobos,tayo,sleep_room,0,no,no,23,7,yaro,frank,inhibit_searched,11,NA,NA,1,2,2,NA,1,nico,NA,NA
20220902,3,3,bonobos,tayo,sleep_room,0,no,no,23,7,yaro,frank,inhibit_searched,12,NA,NA,1,1,3,NA,1,nico,NA,NA
20220902,3,3,bonobos,amira,sleep_room,0,no,no,23,7,"lexi, tayo, hodari",frank,inhibit_searched,1,NA,NA,1,1,1,NA,2,nico,"away, tina (new to the zoo) was watching whole session",NA
20220902,3,3,bonobos,amira,sleep_room,0,no,no,23,7,"lexi, tayo, hodari",frank,inhibit_searched,2,NA,NA,1,1,1,NA,2,nico,away,NA
20220902,3,3,bonobos,amira,sleep_room,0,no,no,23,7,"lexi, tayo, hodari",frank,inhibit_searched,3,NA,NA,1,1,1,NA,2,nico,NA,NA
20220902,3,3,bonobos,amira,sleep_room,0,no,no,23,7,"lexi, tayo, hodari",frank,inhibit_searched,4,NA,NA,2,3,3,NA,1,nico,NA,NA
20220902,3,3,bonobos,lexi,sleep_room,0,no,no,21,1,"hodari, tayo, amira, yaro",frank,inhibit_searched,1,NA,NA,3,1,2,NA,0,nico,"away, tina (new to the zoo) was watching whole session",NA
20220902,3,3,bonobos,lexi,sleep_room,0,no,no,21,1,"hodari, tayo, amira, yaro",frank,inhibit_searched,2,NA,NA,2,2,3,NA,1,nico,away,NA
20220902,3,3,bonobos,lexi,sleep_room,0,no,no,21,1,"hodari, tayo, amira, yaro",frank,inhibit_searched,3,NA,NA,3,2,1,NA,0,nico,away,NA
20220902,3,3,bonobos,lexi,sleep_room,0,no,no,21,1,"hodari, tayo, amira, yaro",frank,inhibit_searched,4,NA,NA,2,1,3,NA,0,nico,away,NA
20220902,3,3,bonobos,lexi,sleep_room,0,no,no,21,1,"hodari, tayo, amira, yaro",frank,inhibit_searched,5,NA,NA,2,2,3,NA,1,nico,away,NA
20220902,3,3,bonobos,lexi,sleep_room,0,no,no,21,1,"hodari, tayo, amira, yaro",frank,inhibit_searched,6,NA,NA,1,2,3,NA,0,nico,away,NA
20220902,3,3,bonobos,lexi,sleep_room,0,no,no,21,1,"hodari, tayo, amira, yaro",frank,inhibit_searched,7,NA,NA,2,1,3,NA,0,nico,away,NA
20220902,3,3,bonobos,lexi,sleep_room,0,no,no,21,1,"hodari, tayo, amira, yaro",frank,inhibit_searched,8,NA,NA,1,2,3,NA,0,nico,away,NA
20220902,3,3,bonobos,lexi,sleep_room,0,no,no,21,1,"hodari, tayo, amira, yaro",frank,inhibit_searched,9,NA,NA,1,3,1,NA,1,nico,away,NA
20221214,5,3,bonobos,kuno,sleep_room,0,yes,no,8,4,NA,mark,inhibit_searched,1,NA,NA,2,1,3,NA,0,nico,NA,NA
20221214,5,3,bonobos,kuno,sleep_room,0,yes,no,8,4,NA,mark,inhibit_searched,2,NA,NA,3,1,2,NA,0,nico,NA,NA
20221214,5,3,bonobos,kuno,sleep_room,0,yes,no,8,4,NA,mark,inhibit_searched,3,NA,NA,3,2,1,NA,0,nico,away,NA
20221214,5,3,bonobos,kuno,sleep_room,0,yes,no,8,4,NA,mark,inhibit_searched,4,NA,NA,2,3,1,NA,0,nico,NA,NA
20221214,5,3,bonobos,kuno,sleep_room,0,yes,no,8,4,NA,mark,inhibit_searched,5,NA,NA,3,1,2,NA,0,nico,NA,NA
20221214,5,3,bonobos,kuno,sleep_room,0,yes,no,8,4,NA,mark,inhibit_searched,6,NA,NA,2,3,1,NA,0,nico,NA,NA
20221214,5,3,bonobos,kuno,sleep_room,0,yes,no,8,4,NA,mark,inhibit_searched,7,NA,NA,3,1,2,NA,0,nico,NA,NA
20221214,5,3,bonobos,kuno,sleep_room,0,yes,no,8,4,NA,mark,inhibit_searched,8,NA,NA,3,2,1,NA,0,nico,NA,NA
20221214,5,3,bonobos,kuno,sleep_room,0,yes,no,8,4,NA,mark,inhibit_searched,9,NA,NA,3,2,1,NA,0,nico,NA,NA
20221214,5,3,bonobos,kuno,sleep_room,0,yes,no,8,4,NA,mark,inhibit_searched,10,NA,NA,3,2,1,NA,0,nico,NA,NA
20221214,5,3,bonobos,kuno,sleep_room,0,yes,no,8,4,NA,mark,inhibit_searched,11,NA,NA,2,1,2,NA,1,nico,away,NA
20221214,5,3,bonobos,kuno,sleep_room,0,yes,no,8,4,NA,mark,inhibit_searched,12,NA,NA,3,1,2,NA,0,nico,NA,NA
20221214,5,3,bonobos,luiza,sleep_room,0,no,no,4,3,"gerda, lexi, yasa, sumai, tayo, hodari, amira",mark,inhibit_searched,1,NA,NA,1,2,3,NA,0,nico,NA,NA
20221214,5,3,bonobos,luiza,sleep_room,0,no,no,4,3,"gerda, lexi, yasa, sumai, tayo, hodari, amira",mark,inhibit_searched,2,NA,NA,2,1,3,NA,0,nico,NA,NA
20221214,5,3,bonobos,luiza,sleep_room,0,no,no,4,3,"gerda, lexi, yasa, sumai, tayo, hodari, amira",mark,inhibit_searched,3,NA,NA,3,2,1,NA,0,nico,NA,NA
20221214,5,3,bonobos,luiza,sleep_room,0,no,no,4,3,"gerda, lexi, yasa, sumai, tayo, hodari, amira",mark,inhibit_searched,4,NA,NA,3,2,1,NA,0,nico,NA,NA
20221214,5,3,bonobos,luiza,sleep_room,0,no,no,4,3,"gerda, lexi, yasa, sumai, tayo, hodari, amira",mark,inhibit_searched,5,NA,NA,1,2,3,NA,0,nico,NA,NA
20221214,5,3,bonobos,luiza,sleep_room,0,no,no,4,3,"gerda, lexi, yasa, sumai, tayo, hodari, amira",mark,inhibit_searched,6,NA,NA,3,2,1,NA,0,nico,NA,NA
20221214,5,3,bonobos,luiza,sleep_room,0,no,no,4,3,"gerda, lexi, yasa, sumai, tayo, hodari, amira",mark,inhibit_searched,7,NA,NA,1,2,3,NA,0,nico,NA,NA
20221214,5,3,bonobos,luiza,sleep_room,0,no,no,4,3,"gerda, lexi, yasa, sumai, tayo, hodari, amira",mark,inhibit_searched,8,NA,NA,3,2,1,NA,0,nico,both sides problem,NA
20221214,5,3,bonobos,luiza,sleep_room,0,no,no,4,3,"gerda, lexi, yasa, sumai, tayo, hodari, amira",mark,inhibit_searched,9,NA,NA,2,1,3,NA,0,nico,NA,NA
20221214,5,3,bonobos,luiza,sleep_room,0,no,no,4,3,"gerda, lexi, yasa, sumai, tayo, hodari, amira",mark,inhibit_searched,10,NA,NA,3,2,1,NA,0,nico,NA,NA
20221214,5,3,bonobos,luiza,sleep_room,0,no,no,4,3,"gerda, lexi, yasa, sumai, tayo, hodari, amira",mark,inhibit_searched,11,NA,NA,3,2,1,NA,0,nico,NA,NA
20221214,5,3,bonobos,luiza,sleep_room,0,no,no,4,3,"gerda, lexi, yasa, sumai, tayo, hodari, amira",mark,inhibit_searched,12,NA,NA,3,2,1,NA,0,nico,NA,NA
20221214,5,3,bonobos,kasai,sleep_room,0,yes,no,8,4,"yasa, sumai, lexi, hodari, tayo, amira, yaro",mark,inhibit_searched,1,NA,NA,3,2,1,NA,0,nico,NA,NA
20221214,5,3,bonobos,kasai,sleep_room,0,yes,no,8,4,"yasa, sumai, lexi, hodari, tayo, amira, yaro",mark,inhibit_searched,2,NA,NA,3,2,1,NA,0,nico,NA,NA
20221214,5,3,bonobos,kasai,sleep_room,0,yes,no,8,4,"yasa, sumai, lexi, hodari, tayo, amira, yaro",mark,inhibit_searched,3,NA,NA,3,2,1,NA,0,nico,NA,NA
20221214,5,3,bonobos,kasai,sleep_room,0,yes,no,8,4,"yasa, sumai, lexi, hodari, tayo, amira, yaro",mark,inhibit_searched,4,NA,NA,3,2,1,NA,0,nico,NA,NA
20221214,5,3,bonobos,kasai,sleep_room,0,yes,no,8,4,"yasa, sumai, lexi, hodari, tayo, amira, yaro",mark,inhibit_searched,5,NA,NA,2,1,3,NA,0,nico,NA,NA
20221214,5,3,bonobos,kasai,sleep_room,0,yes,no,8,4,"yasa, sumai, lexi, hodari, tayo, amira, yaro",mark,inhibit_searched,6,NA,NA,3,2,1,NA,0,nico,NA,NA
20221214,5,3,bonobos,kasai,sleep_room,0,yes,no,8,4,"yasa, sumai, lexi, hodari, tayo, amira, yaro",mark,inhibit_searched,7,NA,NA,3,2,1,NA,0,nico,NA,NA
20221214,5,3,bonobos,kasai,sleep_room,0,yes,no,8,4,"yasa, sumai, lexi, hodari, tayo, amira, yaro",mark,inhibit_searched,8,NA,NA,3,2,1,NA,0,nico,NA,NA
20221214,5,3,bonobos,kasai,sleep_room,0,yes,no,8,4,"yasa, sumai, lexi, hodari, tayo, amira, yaro",mark,inhibit_searched,9,NA,NA,3,2,1,NA,0,nico,NA,NA
20221214,5,3,bonobos,kasai,sleep_room,0,yes,no,8,4,"yasa, sumai, lexi, hodari, tayo, amira, yaro",mark,inhibit_searched,10,NA,NA,3,2,1,NA,0,nico,NA,NA
20221214,5,3,bonobos,kasai,sleep_room,0,yes,no,8,4,"yasa, sumai, lexi, hodari, tayo, amira, yaro",mark,inhibit_searched,11,NA,NA,3,2,1,NA,0,nico,NA,NA
20221214,5,3,bonobos,kasai,sleep_room,0,yes,no,8,4,"yasa, sumai, lexi, hodari, tayo, amira, yaro",mark,inhibit_searched,12,NA,NA,3,2,1,NA,0,nico,NA,NA
20221214,5,3,bonobos,yasa,sleep_room,0,no,no,10,2,"sumai, lexi, hodari, tayo, amira",mark,inhibit_searched,1,NA,NA,2,3,1,NA,0,nico,NA,NA
20221214,5,3,bonobos,yasa,sleep_room,0,no,no,10,2,"sumai, lexi, hodari, tayo, amira",mark,inhibit_searched,2,NA,NA,1,2,3,NA,0,nico,NA,NA
20221214,5,3,bonobos,yasa,sleep_room,0,no,no,10,2,"sumai, lexi, hodari, tayo, amira",mark,inhibit_searched,3,NA,NA,2,1,3,NA,0,nico,NA,NA
20221214,5,3,bonobos,yasa,sleep_room,0,no,no,10,2,"sumai, lexi, hodari, tayo, amira",mark,inhibit_searched,4,NA,NA,1,2,3,NA,0,nico,NA,NA
20221214,5,3,bonobos,yasa,sleep_room,0,no,no,10,2,"sumai, lexi, hodari, tayo, amira",mark,inhibit_searched,5,NA,NA,1,2,3,NA,0,nico,NA,NA
20221214,5,3,bonobos,yasa,sleep_room,0,no,no,10,2,"sumai, lexi, hodari, tayo, amira",mark,inhibit_searched,6,NA,NA,2,1,3,NA,0,nico,NA,NA
20221214,5,3,bonobos,yasa,sleep_room,0,no,no,10,2,"sumai, lexi, hodari, tayo, amira",mark,inhibit_searched,7,NA,NA,1,2,3,NA,0,nico,NA,NA
20221214,5,3,bonobos,yasa,sleep_room,0,no,no,10,2,"sumai, lexi, hodari, tayo, amira",mark,inhibit_searched,8,NA,NA,1,3,2,NA,0,nico,NA,NA
20221214,5,3,bonobos,yasa,sleep_room,0,no,no,10,2,"sumai, lexi, hodari, tayo, amira",mark,inhibit_searched,9,NA,NA,1,2,3,NA,0,nico,NA,NA
20221214,5,3,bonobos,yasa,sleep_room,0,no,no,10,2,"sumai, lexi, hodari, tayo, amira",mark,inhibit_searched,10,NA,NA,1,2,3,NA,0,nico,NA,NA
20221214,5,3,bonobos,yasa,sleep_room,0,no,no,10,2,"sumai, lexi, hodari, tayo, amira",mark,inhibit_searched,11,NA,NA,1,3,2,NA,0,nico,NA,NA
20221214,5,3,bonobos,yasa,sleep_room,0,no,no,10,2,"sumai, lexi, hodari, tayo, amira",mark,inhibit_searched,12,NA,NA,1,2,3,NA,0,nico,NA,NA
20221214,5,3,bonobos,yaro,sleep_room,0,yes,no,15,5,"lexi, hodari, amira, tayo",mark,inhibit_searched,1,NA,NA,3,2,1,NA,0,nico,NA,NA
20221214,5,3,bonobos,yaro,sleep_room,0,yes,no,15,5,"lexi, hodari, amira, tayo",mark,inhibit_searched,2,NA,NA,3,1,2,NA,0,nico,NA,NA
20221214,5,3,bonobos,yaro,sleep_room,0,yes,no,15,5,"lexi, hodari, amira, tayo",mark,inhibit_searched,3,NA,NA,3,2,1,NA,0,nico,NA,NA
20221214,5,3,bonobos,yaro,sleep_room,0,yes,no,15,5,"lexi, hodari, amira, tayo",mark,inhibit_searched,4,NA,NA,3,2,1,NA,0,nico,NA,NA
20221214,5,3,bonobos,yaro,sleep_room,0,yes,no,15,5,"lexi, hodari, amira, tayo",mark,inhibit_searched,5,NA,NA,3,2,1,NA,0,nico,NA,NA
20221214,5,3,bonobos,yaro,sleep_room,0,yes,no,15,5,"lexi, hodari, amira, tayo",mark,inhibit_searched,6,NA,NA,3,1,2,NA,0,nico,NA,NA
20221214,5,3,bonobos,yaro,sleep_room,0,yes,no,15,5,"lexi, hodari, amira, tayo",mark,inhibit_searched,7,NA,NA,3,2,1,NA,0,nico,NA,NA
20221214,5,3,bonobos,yaro,sleep_room,0,yes,no,15,5,"lexi, hodari, amira, tayo",mark,inhibit_searched,8,NA,NA,3,2,1,NA,0,nico,NA,NA
20221214,5,3,bonobos,yaro,sleep_room,0,yes,no,15,5,"lexi, hodari, amira, tayo",mark,inhibit_searched,9,NA,NA,3,1,2,NA,0,nico,NA,NA
20221214,5,3,bonobos,yaro,sleep_room,0,yes,no,15,5,"lexi, hodari, amira, tayo",mark,inhibit_searched,10,NA,NA,3,1,2,NA,0,nico,NA,NA
20221214,5,3,bonobos,yaro,sleep_room,0,yes,no,15,5,"lexi, hodari, amira, tayo",mark,inhibit_searched,11,NA,NA,3,2,1,NA,0,nico,NA,NA
20221214,5,3,bonobos,yaro,sleep_room,0,yes,no,15,5,"lexi, hodari, amira, tayo",mark,inhibit_searched,12,NA,NA,3,2,1,NA,0,nico,NA,NA
20221214,5,3,bonobos,tayo,sleep_room,0,yes,no,11,6,"lexi, yaro, amira, hodari",mark,inhibit_searched,1,NA,NA,1,2,3,NA,0,nico,NA,NA
20221214,5,3,bonobos,tayo,sleep_room,0,yes,no,11,6,"lexi, yaro, amira, hodari",mark,inhibit_searched,2,NA,NA,1,3,3,NA,1,nico,NA,NA
20221214,5,3,bonobos,tayo,sleep_room,0,yes,no,11,6,"lexi, yaro, amira, hodari",mark,inhibit_searched,3,NA,NA,2,3,3,NA,1,nico,NA,NA
20221214,5,3,bonobos,tayo,sleep_room,0,yes,no,11,6,"lexi, yaro, amira, hodari",mark,inhibit_searched,4,NA,NA,1,2,3,NA,0,nico,NA,NA
20221214,5,3,bonobos,tayo,sleep_room,0,yes,no,11,6,"lexi, yaro, amira, hodari",mark,inhibit_searched,5,NA,NA,1,2,3,NA,0,nico,NA,NA
20221214,5,3,bonobos,tayo,sleep_room,0,yes,no,11,6,"lexi, yaro, amira, hodari",mark,inhibit_searched,6,NA,NA,1,2,3,NA,0,nico,NA,NA
20221214,5,3,bonobos,tayo,sleep_room,0,yes,no,11,6,"lexi, yaro, amira, hodari",mark,inhibit_searched,7,NA,NA,1,3,3,NA,1,nico,NA,NA
20221214,5,3,bonobos,tayo,sleep_room,0,yes,no,11,6,"lexi, yaro, amira, hodari",mark,inhibit_searched,8,NA,NA,2,3,1,NA,0,nico,NA,NA
20221214,5,3,bonobos,tayo,sleep_room,0,yes,no,11,6,"lexi, yaro, amira, hodari",mark,inhibit_searched,9,NA,NA,1,2,3,NA,0,nico,NA,NA
20221214,5,3,bonobos,tayo,sleep_room,0,yes,no,11,6,"lexi, yaro, amira, hodari",mark,inhibit_searched,10,NA,NA,1,2,3,NA,0,nico,NA,NA
20221214,5,3,bonobos,tayo,sleep_room,0,yes,no,11,6,"lexi, yaro, amira, hodari",mark,inhibit_searched,11,NA,NA,1,2,3,NA,0,nico,NA,NA
20221214,5,3,bonobos,tayo,sleep_room,0,yes,no,11,6,"lexi, yaro, amira, hodari",mark,inhibit_searched,12,NA,NA,1,2,3,NA,0,nico,NA,NA
20221214,5,3,bonobos,amira,sleep_room,0,yes,no,4,1,"lexi, tayo, hodari, yaro",mark,inhibit_searched,1,NA,NA,1,3,1,NA,1,nico,away,NA
20221214,5,3,bonobos,amira,sleep_room,0,yes,no,4,1,"lexi, tayo, hodari, yaro",mark,inhibit_searched,2,NA,NA,3,2,2,NA,1,nico,away,NA
20221214,5,3,bonobos,amira,sleep_room,0,yes,no,4,1,"lexi, tayo, hodari, yaro",mark,inhibit_searched,3,NA,NA,3,3,3,NA,2,nico,NA,NA
20221214,5,3,bonobos,amira,sleep_room,0,yes,no,4,1,"lexi, tayo, hodari, yaro",mark,inhibit_searched,4,NA,NA,1,1,3,NA,1,nico,NA,NA
20221214,5,3,bonobos,amira,sleep_room,0,yes,no,4,1,"lexi, tayo, hodari, yaro",mark,inhibit_searched,5,NA,NA,1,3,2,NA,0,nico,away,NA
20221214,5,3,bonobos,amira,sleep_room,0,yes,no,4,1,"lexi, tayo, hodari, yaro",mark,inhibit_searched,6,NA,NA,2,3,2,NA,1,nico,NA,NA
20221214,5,3,bonobos,amira,sleep_room,0,yes,no,4,1,"lexi, tayo, hodari, yaro",mark,inhibit_searched,7,NA,NA,3,3,3,NA,2,nico,away,NA
20221214,5,3,bonobos,amira,sleep_room,0,yes,no,4,1,"lexi, tayo, hodari, yaro",mark,inhibit_searched,8,NA,NA,3,3,1,NA,1,nico,NA,NA
20221214,5,3,bonobos,amira,sleep_room,0,yes,no,4,1,"lexi, tayo, hodari, yaro",mark,inhibit_searched,9,NA,NA,3,3,1,NA,1,nico,NA,NA
20221214,5,3,bonobos,amira,sleep_room,0,yes,no,4,1,"lexi, tayo, hodari, yaro",mark,inhibit_searched,10,NA,NA,1,1,3,NA,1,nico,"away, both sites",NA
20221214,5,3,bonobos,amira,sleep_room,0,yes,no,4,1,"lexi, tayo, hodari, yaro",mark,inhibit_searched,11,NA,NA,1,3,3,NA,1,nico,NA,NA
20221214,5,3,bonobos,amira,sleep_room,0,yes,no,4,1,"lexi, tayo, hodari, yaro",mark,inhibit_searched,12,NA,NA,1,2,3,NA,0,nico,NA,NA
20230215,6,3,bonobos,luiza,sleep_room,0,no,no,5,3,"lexi, tayo, amira, hodari, yaro, gerda",frank,inhibit_searched,1,NA,NA,2,1,3,NA,0,nico,NA,NA
20230215,6,3,bonobos,luiza,sleep_room,0,no,no,5,3,"lexi, tayo, amira, hodari, yaro, gerda",frank,inhibit_searched,2,NA,NA,2,1,3,NA,0,nico,both sides problem,NA
20230215,6,3,bonobos,luiza,sleep_room,0,no,no,5,3,"lexi, tayo, amira, hodari, yaro, gerda",frank,inhibit_searched,3,NA,NA,1,2,3,NA,0,nico,NA,NA
20230215,6,3,bonobos,luiza,sleep_room,0,no,no,5,3,"lexi, tayo, amira, hodari, yaro, gerda",frank,inhibit_searched,4,NA,NA,1,2,3,NA,0,nico,NA,NA
20230215,6,3,bonobos,luiza,sleep_room,0,no,no,5,3,"lexi, tayo, amira, hodari, yaro, gerda",frank,inhibit_searched,5,NA,NA,3,1,2,NA,0,nico,NA,NA
20230215,6,3,bonobos,luiza,sleep_room,0,no,no,5,3,"lexi, tayo, amira, hodari, yaro, gerda",frank,inhibit_searched,6,NA,NA,3,2,1,NA,0,nico,both sides problem,NA
20230215,6,3,bonobos,luiza,sleep_room,0,no,no,5,3,"lexi, tayo, amira, hodari, yaro, gerda",frank,inhibit_searched,7,NA,NA,3,2,1,NA,0,nico,both sides problem,NA
20230215,6,3,bonobos,luiza,sleep_room,0,no,no,5,3,"lexi, tayo, amira, hodari, yaro, gerda",frank,inhibit_searched,8,NA,NA,3,2,1,NA,0,nico,both sides problem,NA
20230215,6,3,bonobos,luiza,sleep_room,0,no,no,5,3,"lexi, tayo, amira, hodari, yaro, gerda",frank,inhibit_searched,9,NA,NA,1,2,3,NA,0,nico,NA,NA
20230215,6,3,bonobos,luiza,sleep_room,0,no,no,5,3,"lexi, tayo, amira, hodari, yaro, gerda",frank,inhibit_searched,10,NA,NA,1,3,2,NA,0,nico,NA,NA
20230215,6,3,bonobos,luiza,sleep_room,0,no,no,5,3,"lexi, tayo, amira, hodari, yaro, gerda",frank,inhibit_searched,11,NA,NA,3,2,1,NA,0,nico,NA,NA
20230215,6,3,bonobos,luiza,sleep_room,0,no,no,5,3,"lexi, tayo, amira, hodari, yaro, gerda",frank,inhibit_searched,12,NA,NA,3,2,1,NA,0,nico,NA,NA
20230215,6,3,bonobos,yaro,sleep_room,0,no,no,7,6,"lexi, tayo, amira, hodari",frank,inhibit_searched,1,NA,NA,1,2,3,NA,0,nico,NA,NA
20230215,6,3,bonobos,yaro,sleep_room,0,no,no,7,6,"lexi, tayo, amira, hodari",frank,inhibit_searched,2,NA,NA,1,2,3,NA,0,nico,NA,NA
20230215,6,3,bonobos,yaro,sleep_room,0,no,no,7,6,"lexi, tayo, amira, hodari",frank,inhibit_searched,3,NA,NA,1,2,3,NA,0,nico,NA,NA
20230215,6,3,bonobos,yaro,sleep_room,0,no,no,7,6,"lexi, tayo, amira, hodari",frank,inhibit_searched,4,NA,NA,1,2,3,NA,0,nico,NA,NA
20230215,6,3,bonobos,yaro,sleep_room,0,no,no,7,6,"lexi, tayo, amira, hodari",frank,inhibit_searched,5,NA,NA,1,2,3,NA,0,nico,NA,NA
20230215,6,3,bonobos,yaro,sleep_room,0,no,no,7,6,"lexi, tayo, amira, hodari",frank,inhibit_searched,6,NA,NA,1,2,3,NA,0,nico,NA,NA
20230215,6,3,bonobos,yaro,sleep_room,0,no,no,7,6,"lexi, tayo, amira, hodari",frank,inhibit_searched,7,NA,NA,1,2,3,NA,0,nico,NA,NA
20230215,6,3,bonobos,yaro,sleep_room,0,no,no,7,6,"lexi, tayo, amira, hodari",frank,inhibit_searched,8,NA,NA,1,2,3,NA,0,nico,NA,NA
20230215,6,3,bonobos,yaro,sleep_room,0,no,no,7,6,"lexi, tayo, amira, hodari",frank,inhibit_searched,9,NA,NA,1,2,3,NA,0,nico,NA,NA
20230215,6,3,bonobos,yaro,sleep_room,0,no,no,7,6,"lexi, tayo, amira, hodari",frank,inhibit_searched,10,NA,NA,1,2,3,NA,0,nico,NA,NA
20230215,6,3,bonobos,yaro,sleep_room,0,no,no,7,6,"lexi, tayo, amira, hodari",frank,inhibit_searched,11,NA,NA,1,2,3,NA,0,nico,NA,NA
20230215,6,3,bonobos,yaro,sleep_room,0,no,no,7,6,"lexi, tayo, amira, hodari",frank,inhibit_searched,12,NA,NA,1,2,3,NA,0,nico,NA,NA
20230215,6,3,bonobos,amira,sleep_room,0,no,no,7,7,"lexi, tayo, yaro, hodari",frank,inhibit_searched,1,NA,NA,3,3,3,NA,2,nico,NA,NA
20230215,6,3,bonobos,amira,sleep_room,0,no,no,7,7,"lexi, tayo, yaro, hodari",frank,inhibit_searched,2,NA,NA,1,3,3,NA,1,nico,NA,NA
20230215,6,3,bonobos,amira,sleep_room,0,no,no,7,7,"lexi, tayo, yaro, hodari",frank,inhibit_searched,3,NA,NA,3,3,3,NA,1,nico,NA,NA
20230215,6,3,bonobos,amira,sleep_room,0,no,no,7,7,"lexi, tayo, yaro, hodari",frank,inhibit_searched,4,NA,NA,1,3,3,NA,1,nico,NA,NA
20230215,6,3,bonobos,amira,sleep_room,0,no,no,7,7,"lexi, tayo, yaro, hodari",frank,inhibit_searched,5,NA,NA,1,1,3,NA,1,nico,NA,NA
20230215,6,3,bonobos,amira,sleep_room,0,no,no,7,7,"lexi, tayo, yaro, hodari",frank,inhibit_searched,6,NA,NA,3,3,1,NA,1,nico,both sides problem,NA
20230215,6,3,bonobos,amira,sleep_room,0,no,no,7,7,"lexi, tayo, yaro, hodari",frank,inhibit_searched,7,NA,NA,1,2,1,NA,1,nico,NA,NA
20230215,6,3,bonobos,amira,sleep_room,0,no,no,7,7,"lexi, tayo, yaro, hodari",frank,inhibit_searched,8,NA,NA,3,1,3,NA,1,nico,both sides problem,NA
20230215,6,3,bonobos,tayo,sleep_room,0,no,no,7,7,"lexi, amira, hodari, yaro",frank,inhibit_searched,1,NA,NA,2,3,3,NA,1,nico,NA,NA
20230215,6,3,bonobos,tayo,sleep_room,0,no,no,7,7,"lexi, amira, hodari, yaro",frank,inhibit_searched,2,NA,NA,2,3,1,NA,0,nico,NA,NA
20230215,6,3,bonobos,tayo,sleep_room,0,no,no,7,7,"lexi, amira, hodari, yaro",frank,inhibit_searched,3,NA,NA,1,2,3,NA,0,nico,NA,NA
20230215,6,3,bonobos,tayo,sleep_room,0,no,no,7,7,"lexi, amira, hodari, yaro",frank,inhibit_searched,4,NA,NA,1,2,3,NA,0,nico,NA,NA
20230215,6,3,bonobos,tayo,sleep_room,0,no,no,7,7,"lexi, amira, hodari, yaro",frank,inhibit_searched,5,NA,NA,2,3,2,NA,1,nico,NA,NA
20230215,6,3,bonobos,tayo,sleep_room,0,no,no,7,7,"lexi, amira, hodari, yaro",frank,inhibit_searched,6,NA,NA,2,3,1,NA,0,nico,NA,NA
20230215,6,3,bonobos,tayo,sleep_room,0,no,no,7,7,"lexi, amira, hodari, yaro",frank,inhibit_searched,7,NA,NA,2,3,1,NA,0,nico,NA,NA
20230215,6,3,bonobos,tayo,sleep_room,0,no,no,7,7,"lexi, amira, hodari, yaro",frank,inhibit_searched,8,NA,NA,2,3,3,NA,1,nico,NA,NA
20230215,6,3,bonobos,tayo,sleep_room,0,no,no,7,7,"lexi, amira, hodari, yaro",frank,inhibit_searched,9,NA,NA,2,3,1,NA,0,nico,NA,NA
20230215,6,3,bonobos,tayo,sleep_room,0,no,no,7,7,"lexi, amira, hodari, yaro",frank,inhibit_searched,10,NA,NA,2,1,2,NA,1,nico,NA,NA
20230215,6,3,bonobos,tayo,sleep_room,0,no,no,7,7,"lexi, amira, hodari, yaro",frank,inhibit_searched,11,NA,NA,3,1,2,NA,0,nico,NA,NA
20230215,6,3,bonobos,tayo,sleep_room,0,no,no,7,7,"lexi, amira, hodari, yaro",frank,inhibit_searched,12,NA,NA,1,2,3,NA,0,nico,NA,NA
20230215,6,3,bonobos,lexi,sleep_room,0,no,no,5,1,"yaro, amira, tayo, hodari",frank,inhibit_searched,1,NA,NA,1,3,2,NA,0,nico,NA,NA
20230215,6,3,bonobos,lexi,sleep_room,0,no,no,5,1,"yaro, amira, tayo, hodari",frank,inhibit_searched,2,NA,NA,2,1,2,NA,1,nico,away,NA
20230215,6,3,bonobos,lexi,sleep_room,0,no,no,5,1,"yaro, amira, tayo, hodari",frank,inhibit_searched,3,NA,NA,3,2,1,NA,0,nico,away,NA
20230215,6,3,bonobos,lexi,sleep_room,0,no,no,5,1,"yaro, amira, tayo, hodari",frank,inhibit_searched,4,NA,NA,1,2,3,NA,0,nico,away,NA
20230215,6,3,bonobos,lexi,sleep_room,0,no,no,5,1,"yaro, amira, tayo, hodari",frank,inhibit_searched,5,NA,NA,2,3,2,NA,1,nico,away,NA
20230215,6,3,bonobos,lexi,sleep_room,0,no,no,5,1,"yaro, amira, tayo, hodari",frank,inhibit_searched,6,NA,NA,2,3,1,NA,0,nico,away,NA
20230215,6,3,bonobos,lexi,sleep_room,0,no,no,5,1,"yaro, amira, tayo, hodari",frank,inhibit_searched,7,NA,NA,1,2,3,NA,0,nico,NA,NA
20230215,6,3,bonobos,lexi,sleep_room,0,no,no,5,1,"yaro, amira, tayo, hodari",frank,inhibit_searched,8,NA,NA,2,3,1,NA,0,nico,away,NA
20230215,6,3,bonobos,lexi,sleep_room,0,no,no,5,1,"yaro, amira, tayo, hodari",frank,inhibit_searched,9,NA,NA,1,2,3,NA,0,nico,NA,NA
20230215,6,3,bonobos,lexi,sleep_room,0,no,no,5,1,"yaro, amira, tayo, hodari",frank,inhibit_searched,10,NA,NA,1,2,3,NA,0,nico,NA,NA
20230215,6,3,bonobos,lexi,sleep_room,0,no,no,5,1,"yaro, amira, tayo, hodari",frank,inhibit_searched,11,NA,NA,1,2,3,NA,0,nico,NA,NA
20230215,6,3,bonobos,lexi,sleep_room,0,no,no,5,1,"yaro, amira, tayo, hodari",frank,inhibit_searched,12,NA,NA,1,2,3,NA,0,nico,NA,NA
20230518,7,3,bonobos,jasongo,sleep_room,0,no,no,0,8,NA,martina,inhibit_searched,1,NA,NA,3,2,2,NA,1,nico,away,NA
20230518,7,3,bonobos,jasongo,sleep_room,0,no,no,0,8,NA,martina,inhibit_searched,2,NA,NA,2,3,1,NA,0,nico,NA,NA
20230518,7,3,bonobos,jasongo,sleep_room,0,no,no,0,8,NA,martina,inhibit_searched,3,NA,NA,3,2,1,NA,0,nico,NA,NA
20230518,7,3,bonobos,jasongo,sleep_room,0,no,no,0,8,NA,martina,inhibit_searched,4,NA,NA,3,2,1,NA,0,nico,NA,NA
20230518,7,3,bonobos,jasongo,sleep_room,0,no,no,0,8,NA,martina,inhibit_searched,5,NA,NA,2,3,1,NA,0,nico,NA,NA
20230518,7,3,bonobos,jasongo,sleep_room,0,no,no,0,8,NA,martina,inhibit_searched,6,NA,NA,2,3,1,NA,0,nico,NA,NA
20230518,7,3,bonobos,jasongo,sleep_room,0,no,no,0,8,NA,martina,inhibit_searched,7,NA,NA,2,3,1,NA,0,nico,NA,NA
20230518,7,3,bonobos,jasongo,sleep_room,0,no,no,0,8,NA,martina,inhibit_searched,8,NA,NA,3,2,1,NA,0,nico,NA,NA
20230518,7,3,bonobos,jasongo,sleep_room,0,no,no,0,8,NA,martina,inhibit_searched,9,NA,NA,3,2,1,NA,0,nico,NA,NA
20230518,7,3,bonobos,jasongo,sleep_room,0,no,no,0,8,NA,martina,inhibit_searched,10,NA,NA,2,3,1,NA,0,nico,NA,NA
20230518,7,3,bonobos,jasongo,sleep_room,0,no,no,0,8,NA,martina,inhibit_searched,11,NA,NA,2,3,1,NA,0,nico,NA,NA
20230518,7,3,bonobos,jasongo,sleep_room,0,no,no,0,8,NA,martina,inhibit_searched,12,NA,NA,2,3,1,NA,0,nico,NA,NA
20230518,7,3,bonobos,kuno,sleep_room,0,no,no,0,5,NA,martina,inhibit_searched,1,NA,NA,3,1,2,NA,0,nico,NA,NA
20230518,7,3,bonobos,kuno,sleep_room,0,no,no,0,5,NA,martina,inhibit_searched,2,NA,NA,3,2,1,NA,0,nico,NA,NA
20230518,7,3,bonobos,kuno,sleep_room,0,no,no,0,5,NA,martina,inhibit_searched,3,NA,NA,3,1,2,NA,0,nico,NA,NA
20230518,7,3,bonobos,kuno,sleep_room,0,no,no,0,5,NA,martina,inhibit_searched,4,NA,NA,2,1,3,NA,0,nico,NA,NA
20230518,7,3,bonobos,kuno,sleep_room,0,no,no,0,5,NA,martina,inhibit_searched,5,NA,NA,3,2,1,NA,0,nico,NA,NA
20230518,7,3,bonobos,kuno,sleep_room,0,no,no,0,5,NA,martina,inhibit_searched,6,NA,NA,3,1,2,NA,0,nico,NA,NA
20230518,7,3,bonobos,kuno,sleep_room,0,no,no,0,5,NA,martina,inhibit_searched,7,NA,NA,3,1,2,NA,0,nico,away,NA
20230518,7,3,bonobos,kuno,sleep_room,0,no,no,0,5,NA,martina,inhibit_searched,8,NA,NA,2,1,2,NA,1,nico,NA,NA
20230518,7,3,bonobos,kuno,sleep_room,0,no,no,0,5,NA,martina,inhibit_searched,9,NA,NA,3,2,2,NA,1,nico,away,NA
20230518,7,3,bonobos,sumai,sleep_room,0,no,no,2,7,"yasa, kasai, tayo",martina,inhibit_searched,1,NA,NA,3,1,1,NA,1,nico,NA,NA
20230518,7,3,bonobos,sumai,sleep_room,0,no,no,2,7,"yasa, kasai, tayo",martina,inhibit_searched,2,NA,NA,3,2,1,NA,0,nico,NA,NA
20230518,7,3,bonobos,sumai,sleep_room,0,no,no,2,7,"yasa, kasai, tayo",martina,inhibit_searched,3,NA,NA,3,1,1,NA,1,nico,NA,NA
20230518,7,3,bonobos,sumai,sleep_room,0,no,no,2,7,"yasa, kasai, tayo",martina,inhibit_searched,4,NA,NA,1,3,3,NA,1,nico,NA,NA
20230518,7,3,bonobos,sumai,sleep_room,0,no,no,2,7,"yasa, kasai, tayo",martina,inhibit_searched,5,NA,NA,3,3,1,NA,1,nico,NA,NA
20230518,7,3,bonobos,sumai,sleep_room,0,no,no,2,7,"yasa, kasai, tayo",martina,inhibit_searched,6,NA,NA,1,1,1,NA,2,nico,NA,NA
20230518,7,3,bonobos,sumai,sleep_room,0,no,no,2,7,"yasa, kasai, tayo",martina,inhibit_searched,7,NA,NA,1,1,1,NA,2,nico,NA,NA
20230518,7,3,bonobos,sumai,sleep_room,0,no,no,2,7,"yasa, kasai, tayo",martina,inhibit_searched,8,NA,NA,1,1,1,NA,2,nico,NA,NA
20230518,7,3,bonobos,sumai,sleep_room,0,no,no,2,7,"yasa, kasai, tayo",martina,inhibit_searched,9,NA,NA,1,1,1,NA,2,nico,NA,NA
20230518,7,3,bonobos,sumai,sleep_room,0,no,no,2,7,"yasa, kasai, tayo",martina,inhibit_searched,10,NA,NA,1,1,1,NA,2,nico,NA,NA
20230518,7,3,bonobos,sumai,sleep_room,0,no,no,2,7,"yasa, kasai, tayo",martina,inhibit_searched,11,NA,NA,1,1,3,NA,1,nico,NA,NA
20230518,7,3,bonobos,sumai,sleep_room,0,no,no,2,7,"yasa, kasai, tayo",martina,inhibit_searched,12,NA,NA,1,1,1,NA,1,nico,NA,NA
20230518,7,3,bonobos,yasa,sleep_room,0,no,no,0,2,"kasai, sumai, tayo",martina,inhibit_searched,1,NA,NA,1,2,3,NA,0,nico,NA,NA
20230518,7,3,bonobos,yasa,sleep_room,0,no,no,0,2,"kasai, sumai, tayo",martina,inhibit_searched,2,NA,NA,1,2,3,NA,0,nico,NA,NA
20230518,7,3,bonobos,yasa,sleep_room,0,no,no,0,2,"kasai, sumai, tayo",martina,inhibit_searched,3,NA,NA,1,2,3,NA,0,nico,NA,NA
20230518,7,3,bonobos,yasa,sleep_room,0,no,no,0,2,"kasai, sumai, tayo",martina,inhibit_searched,4,NA,NA,1,2,3,NA,0,nico,NA,NA
20230518,7,3,bonobos,yasa,sleep_room,0,no,no,0,2,"kasai, sumai, tayo",martina,inhibit_searched,5,NA,NA,1,2,3,NA,0,nico,NA,NA
20230518,7,3,bonobos,yasa,sleep_room,0,no,no,0,2,"kasai, sumai, tayo",martina,inhibit_searched,6,NA,NA,1,2,3,NA,0,nico,NA,NA
20230518,7,3,bonobos,yasa,sleep_room,0,no,no,0,2,"kasai, sumai, tayo",martina,inhibit_searched,7,NA,NA,1,2,3,NA,0,nico,NA,NA
20230518,7,3,bonobos,yasa,sleep_room,0,no,no,0,2,"kasai, sumai, tayo",martina,inhibit_searched,8,NA,NA,1,2,3,NA,0,nico,NA,NA
20230518,7,3,bonobos,yasa,sleep_room,0,no,no,0,2,"kasai, sumai, tayo",martina,inhibit_searched,9,NA,NA,1,2,3,NA,0,nico,NA,NA
20230518,7,3,bonobos,yasa,sleep_room,0,no,no,0,2,"kasai, sumai, tayo",martina,inhibit_searched,10,NA,NA,1,2,3,NA,0,nico,NA,NA
20230518,7,3,bonobos,yasa,sleep_room,0,no,no,0,2,"kasai, sumai, tayo",martina,inhibit_searched,11,NA,NA,1,2,3,NA,0,nico,NA,NA
20230518,7,3,bonobos,yasa,sleep_room,0,no,no,0,2,"kasai, sumai, tayo",martina,inhibit_searched,12,NA,NA,1,2,3,NA,0,nico,NA,NA
20230518,7,3,bonobos,luiza,sleep_room,0,no,no,0,3,gerda,martina,inhibit_searched,1,NA,NA,1,2,3,NA,0,nico,NA,NA
20230518,7,3,bonobos,luiza,sleep_room,0,no,no,0,3,gerda,martina,inhibit_searched,2,NA,NA,3,2,1,NA,0,nico,NA,NA
20230518,7,3,bonobos,luiza,sleep_room,0,no,no,0,3,gerda,martina,inhibit_searched,3,NA,NA,1,2,3,NA,0,nico,NA,NA
20230518,7,3,bonobos,luiza,sleep_room,0,no,no,0,3,gerda,martina,inhibit_searched,4,NA,NA,2,1,2,NA,1,nico,NA,NA
20230518,7,3,bonobos,luiza,sleep_room,0,no,no,0,3,gerda,martina,inhibit_searched,5,NA,NA,3,2,1,NA,0,nico,NA,NA
20230518,7,3,bonobos,luiza,sleep_room,0,no,no,0,3,gerda,martina,inhibit_searched,6,NA,NA,3,2,1,NA,0,nico,both sides,NA
20230518,7,3,bonobos,luiza,sleep_room,0,no,no,0,3,gerda,martina,inhibit_searched,7,NA,NA,3,2,1,NA,0,nico,NA,NA
20230518,7,3,bonobos,luiza,sleep_room,0,no,no,0,3,gerda,martina,inhibit_searched,8,NA,NA,3,2,1,NA,0,nico,both sides,NA
20230518,7,3,bonobos,luiza,sleep_room,0,no,no,0,3,gerda,martina,inhibit_searched,9,NA,NA,3,2,1,NA,0,nico,NA,NA
20230518,7,3,bonobos,luiza,sleep_room,0,no,no,0,3,gerda,martina,inhibit_searched,10,NA,NA,3,2,1,NA,0,nico,NA,NA
20230518,7,3,bonobos,luiza,sleep_room,0,no,no,0,3,gerda,martina,inhibit_searched,11,NA,NA,3,2,1,NA,0,nico,NA,NA
20230518,7,3,bonobos,luiza,sleep_room,0,no,no,0,3,gerda,martina,inhibit_searched,12,NA,NA,3,2,1,NA,0,nico,NA,NA
20230518,7,3,bonobos,kasai,sleep_room,0,no,no,2,4,"yasa, tayo, sumai",martina,inhibit_searched,1,NA,NA,3,2,1,NA,0,nico,NA,NA
20230518,7,3,bonobos,kasai,sleep_room,0,no,no,2,4,"yasa, tayo, sumai",martina,inhibit_searched,2,NA,NA,3,2,1,NA,0,nico,NA,NA
20230518,7,3,bonobos,kasai,sleep_room,0,no,no,2,4,"yasa, tayo, sumai",martina,inhibit_searched,3,NA,NA,3,2,1,NA,0,nico,NA,NA
20230518,7,3,bonobos,kasai,sleep_room,0,no,no,2,4,"yasa, tayo, sumai",martina,inhibit_searched,4,NA,NA,2,1,3,NA,0,nico,NA,NA
20230518,7,3,bonobos,kasai,sleep_room,0,no,no,2,4,"yasa, tayo, sumai",martina,inhibit_searched,5,NA,NA,2,3,1,NA,0,nico,NA,NA
20230518,7,3,bonobos,kasai,sleep_room,0,no,no,2,4,"yasa, tayo, sumai",martina,inhibit_searched,6,NA,NA,2,1,3,NA,0,nico,NA,NA
20230518,7,3,bonobos,kasai,sleep_room,0,no,no,2,4,"yasa, tayo, sumai",martina,inhibit_searched,7,NA,NA,3,2,1,NA,0,nico,both sides,NA
20230518,7,3,bonobos,kasai,sleep_room,0,no,no,2,4,"yasa, tayo, sumai",martina,inhibit_searched,8,NA,NA,3,2,1,NA,0,nico,NA,NA
20230518,7,3,bonobos,kasai,sleep_room,0,no,no,2,4,"yasa, tayo, sumai",martina,inhibit_searched,9,NA,NA,3,2,1,NA,0,nico,NA,NA
20230518,7,3,bonobos,kasai,sleep_room,0,no,no,2,4,"yasa, tayo, sumai",martina,inhibit_searched,10,NA,NA,3,2,1,NA,0,nico,NA,NA
20230518,7,3,bonobos,kasai,sleep_room,0,no,no,2,4,"yasa, tayo, sumai",martina,inhibit_searched,11,NA,NA,3,2,1,NA,0,nico,NA,NA
20230518,7,3,bonobos,kasai,sleep_room,0,no,no,2,4,"yasa, tayo, sumai",martina,inhibit_searched,12,NA,NA,3,2,1,NA,0,nico,NA,NA
20230518,7,3,bonobos,yaro,sleep_room,0,no,no,2,6,"lexi, tayo, amira, hodari",martina,inhibit_searched,1,NA,NA,1,2,3,NA,0,nico,NA,NA
20230518,7,3,bonobos,yaro,sleep_room,0,no,no,2,6,"lexi, tayo, amira, hodari",martina,inhibit_searched,2,NA,NA,1,2,3,NA,0,nico,NA,NA
20230518,7,3,bonobos,yaro,sleep_room,0,no,no,2,6,"lexi, tayo, amira, hodari",martina,inhibit_searched,3,NA,NA,1,2,3,NA,0,nico,NA,NA
20230518,7,3,bonobos,yaro,sleep_room,0,no,no,2,6,"lexi, tayo, amira, hodari",martina,inhibit_searched,4,NA,NA,1,2,3,NA,0,nico,NA,NA
20230518,7,3,bonobos,yaro,sleep_room,0,no,no,2,6,"lexi, tayo, amira, hodari",martina,inhibit_searched,5,NA,NA,1,2,3,NA,0,nico,NA,NA
20230518,7,3,bonobos,yaro,sleep_room,0,no,no,2,6,"lexi, tayo, amira, hodari",martina,inhibit_searched,6,NA,NA,1,2,3,NA,0,nico,NA,NA
20230518,7,3,bonobos,yaro,sleep_room,0,no,no,2,6,"lexi, tayo, amira, hodari",martina,inhibit_searched,7,NA,NA,1,2,3,NA,0,nico,NA,NA
20230518,7,3,bonobos,yaro,sleep_room,0,no,no,2,6,"lexi, tayo, amira, hodari",martina,inhibit_searched,8,NA,NA,1,2,3,NA,0,nico,NA,NA
20230518,7,3,bonobos,yaro,sleep_room,0,no,no,2,6,"lexi, tayo, amira, hodari",martina,inhibit_searched,9,NA,NA,1,2,3,NA,0,nico,NA,NA
20230518,7,3,bonobos,yaro,sleep_room,0,no,no,2,6,"lexi, tayo, amira, hodari",martina,inhibit_searched,10,NA,NA,1,2,3,NA,0,nico,NA,NA
20230518,7,3,bonobos,yaro,sleep_room,0,no,no,2,6,"lexi, tayo, amira, hodari",martina,inhibit_searched,11,NA,NA,1,2,3,NA,0,nico,NA,NA
20230518,7,3,bonobos,yaro,sleep_room,0,no,no,2,6,"lexi, tayo, amira, hodari",martina,inhibit_searched,12,NA,NA,1,2,3,NA,0,nico,NA,NA
20230518,7,3,bonobos,tayo,sleep_room,0,no,no,2,7,"lexi, yaro, hodari, amira",martina,inhibit_searched,1,NA,NA,2,2,3,NA,1,nico,NA,NA
20230518,7,3,bonobos,tayo,sleep_room,0,no,no,2,7,"lexi, yaro, hodari, amira",martina,inhibit_searched,2,NA,NA,2,3,3,NA,1,nico,NA,NA
20230518,7,3,bonobos,tayo,sleep_room,0,no,no,2,7,"lexi, yaro, hodari, amira",martina,inhibit_searched,3,NA,NA,1,2,3,NA,0,nico,NA,NA
20230518,7,3,bonobos,tayo,sleep_room,0,no,no,2,7,"lexi, yaro, hodari, amira",martina,inhibit_searched,4,NA,NA,2,3,1,NA,0,nico,NA,NA
20230518,7,3,bonobos,tayo,sleep_room,0,no,no,2,7,"lexi, yaro, hodari, amira",martina,inhibit_searched,5,NA,NA,2,3,2,NA,1,nico,both sides,NA
20230518,7,3,bonobos,tayo,sleep_room,0,no,no,2,7,"lexi, yaro, hodari, amira",martina,inhibit_searched,6,NA,NA,2,3,2,NA,1,nico,NA,NA
20230518,7,3,bonobos,tayo,sleep_room,0,no,no,2,7,"lexi, yaro, hodari, amira",martina,inhibit_searched,7,NA,NA,2,3,1,NA,0,nico,both sides,NA
20230518,7,3,bonobos,tayo,sleep_room,0,no,no,2,7,"lexi, yaro, hodari, amira",martina,inhibit_searched,8,NA,NA,2,3,1,NA,0,nico,NA,NA
20230518,7,3,bonobos,tayo,sleep_room,0,no,no,2,7,"lexi, yaro, hodari, amira",martina,inhibit_searched,9,NA,NA,2,3,1,NA,0,nico,NA,NA
20230518,7,3,bonobos,tayo,sleep_room,0,no,no,2,7,"lexi, yaro, hodari, amira",martina,inhibit_searched,10,NA,NA,2,3,1,NA,0,nico,NA,NA
20230518,7,3,bonobos,tayo,sleep_room,0,no,no,2,7,"lexi, yaro, hodari, amira",martina,inhibit_searched,11,NA,NA,1,2,3,NA,0,nico,NA,NA
20230518,7,3,bonobos,tayo,sleep_room,0,no,no,2,7,"lexi, yaro, hodari, amira",martina,inhibit_searched,12,NA,NA,2,3,1,NA,0,nico,NA,NA
20230518,7,3,bonobos,amira,sleep_room,0,no,no,2,7,"lexi, tayo, yaro, hodari",martina,inhibit_searched,1,NA,NA,1,3,3,NA,1,nico,away,NA
20230518,7,3,bonobos,amira,sleep_room,0,no,no,2,7,"lexi, tayo, yaro, hodari",martina,inhibit_searched,2,NA,NA,3,3,3,NA,2,nico,NA,NA
20230518,7,3,bonobos,amira,sleep_room,0,no,no,2,7,"lexi, tayo, yaro, hodari",martina,inhibit_searched,3,NA,NA,2,3,3,NA,1,nico,NA,NA
20230518,7,3,bonobos,amira,sleep_room,0,no,no,2,7,"lexi, tayo, yaro, hodari",martina,inhibit_searched,4,NA,NA,1,2,2,NA,1,nico,NA,NA
20230518,7,3,bonobos,amira,sleep_room,0,no,no,2,7,"lexi, tayo, yaro, hodari",martina,inhibit_searched,5,NA,NA,3,3,1,NA,1,nico,"finger in mesh, away",NA
20230518,7,3,bonobos,amira,sleep_room,0,no,no,2,7,"lexi, tayo, yaro, hodari",martina,inhibit_searched,6,NA,NA,1,3,3,NA,1,nico,away,NA
20230518,7,3,bonobos,amira,sleep_room,0,no,no,2,7,"lexi, tayo, yaro, hodari",martina,inhibit_searched,7,NA,NA,1,3,2,NA,0,nico,away,NA
20230518,7,3,bonobos,amira,sleep_room,0,no,no,2,7,"lexi, tayo, yaro, hodari",martina,inhibit_searched,8,NA,NA,1,1,3,NA,1,nico,away,NA
20230518,7,3,bonobos,lexi,sleep_room,0,no,no,0,1,"tayo, amira, hodari, yaro",martina,inhibit_searched,1,NA,NA,2,1,3,NA,0,nico,away,NA
20230518,7,3,bonobos,lexi,sleep_room,0,no,no,0,1,"tayo, amira, hodari, yaro",martina,inhibit_searched,2,NA,NA,1,2,3,NA,0,nico,away,NA
20230518,7,3,bonobos,lexi,sleep_room,0,no,no,0,1,"tayo, amira, hodari, yaro",martina,inhibit_searched,3,NA,NA,1,2,3,NA,0,nico,NA,NA
20230518,7,3,bonobos,lexi,sleep_room,0,no,no,0,1,"tayo, amira, hodari, yaro",martina,inhibit_searched,4,NA,NA,2,1,3,NA,0,nico,NA,NA
20230518,7,3,bonobos,lexi,sleep_room,0,no,no,0,1,"tayo, amira, hodari, yaro",martina,inhibit_searched,5,NA,NA,1,2,3,NA,0,nico,NA,NA
20230518,7,3,bonobos,lexi,sleep_room,0,no,no,0,1,"tayo, amira, hodari, yaro",martina,inhibit_searched,6,NA,NA,2,1,3,NA,0,nico,NA,NA
20230518,7,3,bonobos,lexi,sleep_room,0,no,no,0,1,"tayo, amira, hodari, yaro",martina,inhibit_searched,7,NA,NA,1,2,3,NA,0,nico,NA,NA
20230518,7,3,bonobos,lexi,sleep_room,0,no,no,0,1,"tayo, amira, hodari, yaro",martina,inhibit_searched,8,NA,NA,2,1,3,NA,0,nico,NA,NA
20230518,7,3,bonobos,lexi,sleep_room,0,no,no,0,1,"tayo, amira, hodari, yaro",martina,inhibit_searched,9,NA,NA,1,2,3,NA,0,nico,NA,NA
20230518,7,3,bonobos,lexi,sleep_room,0,no,no,0,1,"tayo, amira, hodari, yaro",martina,inhibit_searched,10,NA,NA,1,2,3,NA,0,nico,NA,NA
20230518,7,3,bonobos,lexi,sleep_room,0,no,no,0,1,"tayo, amira, hodari, yaro",martina,inhibit_searched,11,NA,NA,1,2,3,NA,0,nico,NA,NA
20230518,7,3,bonobos,lexi,sleep_room,0,no,no,0,1,"tayo, amira, hodari, yaro",martina,inhibit_searched,12,NA,NA,1,2,3,NA,0,nico,NA,NA
20230721,8,3,bonobos,joey,sleep_room,0,no,no,4,9,"kuno, jasongo",martina,inhibit_searched,1,NA,NA,2,3,3,NA,1,nico,long decission making,NA
20230721,8,3,bonobos,joey,sleep_room,0,no,no,4,9,"kuno, jasongo",martina,inhibit_searched,2,NA,NA,3,2,1,NA,0,nico,long decission making,NA
20230721,8,3,bonobos,joey,sleep_room,0,no,no,4,9,"kuno, jasongo",martina,inhibit_searched,3,NA,NA,3,2,2,NA,1,nico,long decission making,NA
20230721,8,3,bonobos,joey,sleep_room,0,no,no,4,9,"kuno, jasongo",martina,inhibit_searched,4,NA,NA,3,1,2,NA,0,nico,long decission making,NA
20230721,8,3,bonobos,joey,sleep_room,0,no,no,4,9,"kuno, jasongo",martina,inhibit_searched,5,NA,NA,3,1,3,NA,1,nico,long decission making,NA
20230721,8,3,bonobos,joey,sleep_room,0,no,no,4,9,"kuno, jasongo",martina,inhibit_searched,6,NA,NA,3,2,1,NA,0,nico,long decission making,NA
20230721,8,3,bonobos,jasongo,sleep_room,0,no,no,4,8,"joey, kuno",martina,inhibit_searched,1,NA,NA,2,3,1,NA,0,nico,NA,NA
20230721,8,3,bonobos,jasongo,sleep_room,0,no,no,4,8,"joey, kuno",martina,inhibit_searched,2,NA,NA,3,2,1,NA,0,nico,NA,NA
20230721,8,3,bonobos,jasongo,sleep_room,0,no,no,4,8,"joey, kuno",martina,inhibit_searched,3,NA,NA,3,2,1,NA,0,nico,NA,NA
20230721,8,3,bonobos,jasongo,sleep_room,0,no,no,4,8,"joey, kuno",martina,inhibit_searched,4,NA,NA,2,3,1,NA,0,nico,NA,NA
20230721,8,3,bonobos,jasongo,sleep_room,0,no,no,4,8,"joey, kuno",martina,inhibit_searched,5,NA,NA,2,1,3,NA,0,nico,NA,NA
20230721,8,3,bonobos,jasongo,sleep_room,0,no,no,4,8,"joey, kuno",martina,inhibit_searched,6,NA,NA,3,2,1,NA,0,nico,NA,NA
20230721,8,3,bonobos,jasongo,sleep_room,0,no,no,4,8,"joey, kuno",martina,inhibit_searched,7,NA,NA,3,2,1,NA,0,nico,finger in mesh,NA
20230721,8,3,bonobos,jasongo,sleep_room,0,no,no,4,8,"joey, kuno",martina,inhibit_searched,8,NA,NA,3,2,1,NA,0,nico,NA,NA
20230721,8,3,bonobos,jasongo,sleep_room,0,no,no,4,8,"joey, kuno",martina,inhibit_searched,9,NA,NA,2,3,1,NA,0,nico,NA,NA
20230721,8,3,bonobos,jasongo,sleep_room,0,no,no,4,8,"joey, kuno",martina,inhibit_searched,10,NA,NA,3,1,2,NA,0,nico,NA,NA
20230721,8,3,bonobos,jasongo,sleep_room,0,no,no,4,8,"joey, kuno",martina,inhibit_searched,11,NA,NA,3,2,1,NA,0,nico,NA,NA
20230721,8,3,bonobos,jasongo,sleep_room,0,no,no,4,8,"joey, kuno",martina,inhibit_searched,12,NA,NA,3,2,1,NA,0,nico,NA,NA
20230721,8,3,bonobos,kuno,sleep_room,0,no,no,2,5,NA,martina,inhibit_searched,1,NA,NA,3,2,1,NA,0,nico,NA,NA
20230721,8,3,bonobos,kuno,sleep_room,0,no,no,2,5,NA,martina,inhibit_searched,2,NA,NA,1,2,3,NA,0,nico,NA,NA
20230721,8,3,bonobos,kuno,sleep_room,0,no,no,2,5,NA,martina,inhibit_searched,3,NA,NA,2,1,3,NA,0,nico,NA,NA
20230721,8,3,bonobos,kuno,sleep_room,0,no,no,2,5,NA,martina,inhibit_searched,4,NA,NA,2,3,1,NA,0,nico,NA,NA
20230721,8,3,bonobos,kuno,sleep_room,0,no,no,2,5,NA,martina,inhibit_searched,5,NA,NA,2,1,3,NA,0,nico,NA,NA
20230721,8,3,bonobos,kuno,sleep_room,0,no,no,2,5,NA,martina,inhibit_searched,6,NA,NA,2,1,3,NA,0,nico,NA,NA
20230721,8,3,bonobos,kuno,sleep_room,0,no,no,2,5,NA,martina,inhibit_searched,7,NA,NA,2,3,1,NA,0,nico,NA,NA
20230721,8,3,bonobos,kuno,sleep_room,0,no,no,2,5,NA,martina,inhibit_searched,8,NA,NA,3,2,1,NA,0,nico,NA,NA
20230721,8,3,bonobos,kuno,sleep_room,0,no,no,2,5,NA,martina,inhibit_searched,9,NA,NA,3,2,1,NA,0,nico,NA,NA
20230721,8,3,bonobos,kuno,sleep_room,0,no,no,2,5,NA,martina,inhibit_searched,10,NA,NA,2,1,3,NA,0,nico,NA,NA
20230721,8,3,bonobos,kuno,sleep_room,0,no,no,2,5,NA,martina,inhibit_searched,11,NA,NA,3,2,1,NA,0,nico,NA,NA
20230721,8,3,bonobos,kuno,sleep_room,0,no,no,2,5,NA,martina,inhibit_searched,12,NA,NA,2,1,3,NA,0,nico,NA,NA
20230723,8,3,bonobos,kasai,sleep_room,0,no,no,4,4,NA,frank,inhibit_searched,1,NA,NA,2,1,3,NA,0,nico,NA,NA
20230723,8,3,bonobos,kasai,sleep_room,0,no,no,4,4,NA,frank,inhibit_searched,2,NA,NA,3,2,1,NA,0,nico,NA,NA
20230723,8,3,bonobos,kasai,sleep_room,0,no,no,4,4,NA,frank,inhibit_searched,3,NA,NA,3,2,1,NA,0,nico,NA,NA
20230723,8,3,bonobos,kasai,sleep_room,0,no,no,4,4,NA,frank,inhibit_searched,4,NA,NA,3,2,1,NA,0,nico,NA,NA
20230723,8,3,bonobos,kasai,sleep_room,0,no,no,4,4,NA,frank,inhibit_searched,5,NA,NA,3,2,1,NA,0,nico,NA,NA
20230723,8,3,bonobos,kasai,sleep_room,0,no,no,4,4,NA,frank,inhibit_searched,6,NA,NA,2,1,3,NA,0,nico,NA,NA
20230723,8,3,bonobos,kasai,sleep_room,0,no,no,4,4,NA,frank,inhibit_searched,7,NA,NA,3,2,1,NA,0,nico,NA,NA
20230723,8,3,bonobos,kasai,sleep_room,0,no,no,4,4,NA,frank,inhibit_searched,8,NA,NA,3,2,1,NA,0,nico,NA,NA
20230723,8,3,bonobos,kasai,sleep_room,0,no,no,4,4,NA,frank,inhibit_searched,9,NA,NA,2,1,3,NA,0,nico,NA,NA
20230723,8,3,bonobos,kasai,sleep_room,0,no,no,4,4,NA,frank,inhibit_searched,10,NA,NA,3,2,1,NA,0,nico,NA,NA
20230723,8,3,bonobos,kasai,sleep_room,0,no,no,4,4,NA,frank,inhibit_searched,11,NA,NA,3,2,1,NA,0,nico,NA,NA
20230723,8,3,bonobos,kasai,sleep_room,0,no,no,4,4,NA,frank,inhibit_searched,12,NA,NA,3,2,1,NA,0,nico,NA,NA
20230723,8,3,bonobos,yasa,sleep_room,0,no,no,2,2,"sumai, kasai",frank,inhibit_searched,1,NA,NA,1,3,2,NA,0,nico,NA,NA
20230723,8,3,bonobos,yasa,sleep_room,0,no,no,2,2,"sumai, kasai",frank,inhibit_searched,2,NA,NA,1,2,3,NA,0,nico,NA,NA
20230723,8,3,bonobos,yasa,sleep_room,0,no,no,2,2,"sumai, kasai",frank,inhibit_searched,3,NA,NA,1,2,3,NA,0,nico,NA,NA
20230723,8,3,bonobos,yasa,sleep_room,0,no,no,2,2,"sumai, kasai",frank,inhibit_searched,4,NA,NA,1,2,3,NA,0,nico,NA,NA
20230723,8,3,bonobos,yasa,sleep_room,0,no,no,2,2,"sumai, kasai",frank,inhibit_searched,5,NA,NA,3,2,1,NA,0,nico,NA,NA
20230723,8,3,bonobos,yasa,sleep_room,0,no,no,2,2,"sumai, kasai",frank,inhibit_searched,6,NA,NA,2,3,1,NA,0,nico,both sides,NA
20230723,8,3,bonobos,yasa,sleep_room,0,no,no,2,2,"sumai, kasai",frank,inhibit_searched,7,NA,NA,1,3,2,NA,0,nico,NA,NA
20230723,8,3,bonobos,yasa,sleep_room,0,no,no,2,2,"sumai, kasai",frank,inhibit_searched,8,NA,NA,1,2,3,NA,0,nico,NA,NA
20230723,8,3,bonobos,yasa,sleep_room,0,no,no,2,2,"sumai, kasai",frank,inhibit_searched,9,NA,NA,1,3,2,NA,0,nico,NA,NA
20230723,8,3,bonobos,yasa,sleep_room,0,no,no,2,2,"sumai, kasai",frank,inhibit_searched,10,NA,NA,1,2,3,NA,0,nico,NA,NA
20230723,8,3,bonobos,yasa,sleep_room,0,no,no,2,2,"sumai, kasai",frank,inhibit_searched,11,NA,NA,1,3,2,NA,0,nico,NA,NA
20230723,8,3,bonobos,yasa,sleep_room,0,no,no,2,2,"sumai, kasai",frank,inhibit_searched,12,NA,NA,1,2,3,NA,0,nico,NA,NA
20230723,8,3,bonobos,sumai,sleep_room,0,no,no,2,7,"lexi, yaro, tayo, amira, hodari",frank,inhibit_searched,1,NA,NA,1,1,1,NA,2,nico,away,NA
20230723,8,3,bonobos,sumai,sleep_room,0,no,no,2,7,"lexi, yaro, tayo, amira, hodari",frank,inhibit_searched,2,NA,NA,1,1,2,NA,1,nico,NA,NA
20230723,8,3,bonobos,sumai,sleep_room,0,no,no,2,7,"lexi, yaro, tayo, amira, hodari",frank,inhibit_searched,3,NA,NA,1,1,3,NA,1,nico,NA,NA
20230723,8,3,bonobos,sumai,sleep_room,0,no,no,2,7,"lexi, yaro, tayo, amira, hodari",frank,inhibit_searched,4,NA,NA,1,2,3,NA,0,nico,away,NA
20230723,8,3,bonobos,sumai,sleep_room,0,no,no,2,7,"lexi, yaro, tayo, amira, hodari",frank,inhibit_searched,5,NA,NA,1,1,2,NA,1,nico,NA,NA
20230723,8,3,bonobos,sumai,sleep_room,0,no,no,2,7,"lexi, yaro, tayo, amira, hodari",frank,inhibit_searched,6,NA,NA,1,1,1,NA,2,nico,NA,NA
20230723,8,3,bonobos,sumai,sleep_room,0,no,no,2,7,"lexi, yaro, tayo, amira, hodari",frank,inhibit_searched,7,NA,NA,3,1,2,NA,0,nico,away,NA
20230723,8,3,bonobos,sumai,sleep_room,0,no,no,2,7,"lexi, yaro, tayo, amira, hodari",frank,inhibit_searched,8,NA,NA,3,2,1,NA,0,nico,NA,NA
20230723,8,3,bonobos,sumai,sleep_room,0,no,no,2,7,"lexi, yaro, tayo, amira, hodari",frank,inhibit_searched,9,NA,NA,1,3,2,NA,0,nico,NA,NA
20230723,8,3,bonobos,sumai,sleep_room,0,no,no,2,7,"lexi, yaro, tayo, amira, hodari",frank,inhibit_searched,10,NA,NA,1,1,2,NA,1,nico,NA,NA
20230723,8,3,bonobos,sumai,sleep_room,0,no,no,2,7,"lexi, yaro, tayo, amira, hodari",frank,inhibit_searched,11,NA,NA,1,3,2,NA,0,nico,away,NA
20230723,8,3,bonobos,sumai,sleep_room,0,no,no,2,7,"lexi, yaro, tayo, amira, hodari",frank,inhibit_searched,12,NA,NA,3,1,2,NA,0,nico,NA,NA
20230723,8,3,bonobos,amira,sleep_room,0,no,no,2,7,"lexi, yaro, tayo, hodari",frank,inhibit_searched,1,NA,NA,3,3,3,NA,2,nico,away,NA
20230723,8,3,bonobos,amira,sleep_room,0,no,no,2,7,"lexi, yaro, tayo, hodari",frank,inhibit_searched,2,NA,NA,1,3,3,NA,1,nico,away,NA
20230723,8,3,bonobos,amira,sleep_room,0,no,no,2,7,"lexi, yaro, tayo, hodari",frank,inhibit_searched,3,NA,NA,3,3,1,NA,1,nico,away,NA
20230723,8,3,bonobos,amira,sleep_room,0,no,no,2,7,"lexi, yaro, tayo, hodari",frank,inhibit_searched,4,NA,NA,1,1,3,NA,1,nico,away,NA
20230723,8,3,bonobos,amira,sleep_room,0,no,no,2,7,"lexi, yaro, tayo, hodari",frank,inhibit_searched,5,NA,NA,3,3,3,NA,2,nico,away,NA
20230723,8,3,bonobos,amira,sleep_room,0,no,no,2,7,"lexi, yaro, tayo, hodari",frank,inhibit_searched,6,NA,NA,3,3,3,NA,2,nico,away,NA
20230723,8,3,bonobos,amira,sleep_room,0,no,no,2,7,"lexi, yaro, tayo, hodari",frank,inhibit_searched,7,NA,NA,3,3,3,NA,2,nico,away,NA
20230723,8,3,bonobos,amira,sleep_room,0,no,no,2,7,"lexi, yaro, tayo, hodari",frank,inhibit_searched,8,NA,NA,1,1,3,NA,1,nico,NA,NA
20230723,8,3,bonobos,amira,sleep_room,0,no,no,2,7,"lexi, yaro, tayo, hodari",frank,inhibit_searched,9,NA,NA,3,3,3,NA,2,nico,away,NA
20230723,8,3,bonobos,amira,sleep_room,0,no,no,2,7,"lexi, yaro, tayo, hodari",frank,inhibit_searched,10,NA,NA,3,3,3,NA,2,nico,away,NA
20230723,8,3,bonobos,amira,sleep_room,0,no,no,2,7,"lexi, yaro, tayo, hodari",frank,inhibit_searched,11,NA,NA,3,3,3,NA,2,nico,away,NA
20230723,8,3,bonobos,amira,sleep_room,0,no,no,2,7,"lexi, yaro, tayo, hodari",frank,inhibit_searched,12,NA,NA,3,3,3,NA,2,nico,away,NA
20230723,8,3,bonobos,tayo,sleep_room,0,no,no,2,7,NA,frank,inhibit_searched,1,NA,NA,1,2,3,NA,0,nico,NA,NA
20230723,8,3,bonobos,tayo,sleep_room,0,no,no,2,7,NA,frank,inhibit_searched,2,NA,NA,3,2,1,NA,0,nico,NA,NA
20230723,8,3,bonobos,tayo,sleep_room,0,no,no,2,7,NA,frank,inhibit_searched,3,NA,NA,2,3,1,NA,0,nico,NA,NA
20230723,8,3,bonobos,tayo,sleep_room,0,no,no,2,7,NA,frank,inhibit_searched,4,NA,NA,2,3,3,NA,1,nico,NA,NA
20230723,8,3,bonobos,tayo,sleep_room,0,no,no,2,7,NA,frank,inhibit_searched,5,NA,NA,2,3,1,NA,0,nico,NA,NA
20230723,8,3,bonobos,tayo,sleep_room,0,no,no,2,7,NA,frank,inhibit_searched,6,NA,NA,3,2,1,NA,0,nico,NA,NA
20230723,8,3,bonobos,tayo,sleep_room,0,no,no,2,7,NA,frank,inhibit_searched,7,NA,NA,1,2,3,NA,0,nico,NA,NA
20230723,8,3,bonobos,tayo,sleep_room,0,no,no,2,7,NA,frank,inhibit_searched,8,NA,NA,2,3,1,NA,0,nico,NA,NA
20230723,8,3,bonobos,tayo,sleep_room,0,no,no,2,7,NA,frank,inhibit_searched,9,NA,NA,1,2,3,NA,0,nico,NA,NA
20230723,8,3,bonobos,tayo,sleep_room,0,no,no,2,7,NA,frank,inhibit_searched,10,NA,NA,2,2,3,NA,1,nico,NA,NA
20230723,8,3,bonobos,tayo,sleep_room,0,no,no,2,7,NA,frank,inhibit_searched,11,NA,NA,2,3,1,NA,0,nico,NA,NA
20230723,8,3,bonobos,tayo,sleep_room,0,no,no,2,7,NA,frank,inhibit_searched,12,NA,NA,2,3,2,NA,1,nico,NA,NA
20230723,8,3,bonobos,yaro,sleep_room,0,no,no,4,6,"lexi, hodari, tayo, amira",frank,inhibit_searched,1,NA,NA,1,2,3,NA,0,nico,NA,NA
20230723,8,3,bonobos,yaro,sleep_room,0,no,no,4,6,"lexi, hodari, tayo, amira",frank,inhibit_searched,2,NA,NA,1,2,3,NA,0,nico,NA,NA
20230723,8,3,bonobos,yaro,sleep_room,0,no,no,4,6,"lexi, hodari, tayo, amira",frank,inhibit_searched,3,NA,NA,1,2,3,NA,0,nico,NA,NA
20230723,8,3,bonobos,yaro,sleep_room,0,no,no,4,6,"lexi, hodari, tayo, amira",frank,inhibit_searched,4,NA,NA,1,2,3,NA,0,nico,NA,NA
20230723,8,3,bonobos,yaro,sleep_room,0,no,no,4,6,"lexi, hodari, tayo, amira",frank,inhibit_searched,5,NA,NA,1,2,3,NA,0,nico,NA,NA
20230723,8,3,bonobos,yaro,sleep_room,0,no,no,4,6,"lexi, hodari, tayo, amira",frank,inhibit_searched,6,NA,NA,1,2,3,NA,0,nico,NA,NA
20230723,8,3,bonobos,yaro,sleep_room,0,no,no,4,6,"lexi, hodari, tayo, amira",frank,inhibit_searched,7,NA,NA,1,2,3,NA,0,nico,NA,NA
20230723,8,3,bonobos,yaro,sleep_room,0,no,no,4,6,"lexi, hodari, tayo, amira",frank,inhibit_searched,8,NA,NA,1,2,3,NA,0,nico,NA,NA
20230723,8,3,bonobos,yaro,sleep_room,0,no,no,4,6,"lexi, hodari, tayo, amira",frank,inhibit_searched,9,NA,NA,1,2,3,NA,0,nico,NA,NA
20230723,8,3,bonobos,yaro,sleep_room,0,no,no,4,6,"lexi, hodari, tayo, amira",frank,inhibit_searched,10,NA,NA,1,2,3,NA,0,nico,NA,NA
20230723,8,3,bonobos,yaro,sleep_room,0,no,no,4,6,"lexi, hodari, tayo, amira",frank,inhibit_searched,11,NA,NA,1,2,3,NA,0,nico,NA,NA
20230723,8,3,bonobos,yaro,sleep_room,0,no,no,4,6,"lexi, hodari, tayo, amira",frank,inhibit_searched,12,NA,NA,1,2,3,NA,0,nico,NA,NA
20230913,9,3,bonobos,luiza,sleep_room,0,no,no,0,3,gerda,frank,inhibit_searched,1,NA,NA,2,1,3,NA,0,nico,NA,NA
20230913,9,3,bonobos,luiza,sleep_room,0,no,no,0,3,gerda,frank,inhibit_searched,2,NA,NA,2,1,3,NA,0,nico,NA,NA
20230913,9,3,bonobos,luiza,sleep_room,0,no,no,0,3,gerda,frank,inhibit_searched,3,NA,NA,1,2,3,NA,0,nico,NA,NA
20230913,9,3,bonobos,luiza,sleep_room,0,no,no,0,3,gerda,frank,inhibit_searched,4,NA,NA,2,3,1,NA,0,nico,NA,NA
20230913,9,3,bonobos,luiza,sleep_room,0,no,no,0,3,gerda,frank,inhibit_searched,5,NA,NA,3,1,2,NA,0,nico,NA,NA
20230913,9,3,bonobos,luiza,sleep_room,0,no,no,0,3,gerda,frank,inhibit_searched,6,NA,NA,1,3,2,NA,0,nico,NA,NA
20230913,9,3,bonobos,luiza,sleep_room,0,no,no,0,3,gerda,frank,inhibit_searched,7,NA,NA,3,2,1,NA,0,nico,NA,NA
20230913,9,3,bonobos,luiza,sleep_room,0,no,no,0,3,gerda,frank,inhibit_searched,8,NA,NA,3,2,1,NA,0,nico,NA,NA
20230913,9,3,bonobos,luiza,sleep_room,0,no,no,0,3,gerda,frank,inhibit_searched,9,NA,NA,3,2,1,NA,0,nico,NA,NA
20230913,9,3,bonobos,luiza,sleep_room,0,no,no,0,3,gerda,frank,inhibit_searched,10,NA,NA,2,3,1,NA,0,nico,NA,NA
20230913,9,3,bonobos,luiza,sleep_room,0,no,no,0,3,gerda,frank,inhibit_searched,11,NA,NA,3,2,1,NA,0,nico,NA,NA
20230913,9,3,bonobos,luiza,sleep_room,0,no,no,0,3,gerda,frank,inhibit_searched,12,NA,NA,3,2,1,NA,0,nico,NA,NA
20230913,9,3,bonobos,jasongo,sleep_room,0,no,no,0,8,"kuno, joey",frank,inhibit_searched,1,NA,NA,2,1,3,NA,0,nico,NA,NA
20230913,9,3,bonobos,jasongo,sleep_room,0,no,no,0,8,"kuno, joey",frank,inhibit_searched,2,NA,NA,3,3,2,NA,1,nico,away,NA
20230913,9,3,bonobos,jasongo,sleep_room,0,no,no,0,8,"kuno, joey",frank,inhibit_searched,3,NA,NA,2,3,1,NA,0,nico,NA,NA
20230913,9,3,bonobos,jasongo,sleep_room,0,no,no,0,8,"kuno, joey",frank,inhibit_searched,4,NA,NA,2,3,1,NA,0,nico,NA,NA
20230913,9,3,bonobos,jasongo,sleep_room,0,no,no,0,8,"kuno, joey",frank,inhibit_searched,5,NA,NA,2,3,1,NA,0,nico,NA,NA
20230913,9,3,bonobos,jasongo,sleep_room,0,no,no,0,8,"kuno, joey",frank,inhibit_searched,6,NA,NA,3,2,1,NA,0,nico,NA,NA
20230913,9,3,bonobos,jasongo,sleep_room,0,no,no,0,8,"kuno, joey",frank,inhibit_searched,7,NA,NA,3,2,1,NA,0,nico,NA,NA
20230913,9,3,bonobos,jasongo,sleep_room,0,no,no,0,8,"kuno, joey",frank,inhibit_searched,8,NA,NA,1,2,3,NA,0,nico,NA,NA
20230913,9,3,bonobos,jasongo,sleep_room,0,no,no,0,8,"kuno, joey",frank,inhibit_searched,9,NA,NA,1,3,2,NA,0,nico,NA,NA
20230913,9,3,bonobos,jasongo,sleep_room,0,no,no,0,8,"kuno, joey",frank,inhibit_searched,10,NA,NA,3,1,2,NA,0,nico,NA,NA
20230913,9,3,bonobos,jasongo,sleep_room,0,no,no,0,8,"kuno, joey",frank,inhibit_searched,11,NA,NA,3,2,1,NA,0,nico,NA,NA
20230913,9,3,bonobos,jasongo,sleep_room,0,no,no,0,8,"kuno, joey",frank,inhibit_searched,12,NA,NA,3,1,2,NA,0,nico,NA,NA
20230913,9,3,bonobos,joey,sleep_room,0,no,no,2,9,"jasongo, kuno",frank,inhibit_searched,1,NA,NA,3,2,3,NA,1,nico,long decission making,NA
20230913,9,3,bonobos,joey,sleep_room,0,no,no,2,9,"jasongo, kuno",frank,inhibit_searched,2,NA,NA,2,2,1,NA,1,nico,long decission making,NA
20230913,9,3,bonobos,joey,sleep_room,0,no,no,2,9,"jasongo, kuno",frank,inhibit_searched,3,NA,NA,3,2,2,NA,1,nico,long decission making,NA
20230913,9,3,bonobos,joey,sleep_room,0,no,no,2,9,"jasongo, kuno",frank,inhibit_searched,4,NA,NA,3,2,1,NA,0,nico,long decission making,NA
20230913,9,3,bonobos,joey,sleep_room,0,no,no,2,9,"jasongo, kuno",frank,inhibit_searched,5,NA,NA,2,2,3,NA,1,nico,long decission making,NA
20230913,9,3,bonobos,joey,sleep_room,0,no,no,2,9,"jasongo, kuno",frank,inhibit_searched,6,NA,NA,2,2,3,NA,1,nico,long decission making,NA
20230913,9,3,bonobos,joey,sleep_room,0,no,no,2,9,"jasongo, kuno",frank,inhibit_searched,7,NA,NA,3,3,2,NA,1,nico,long decission making,NA
20230913,9,3,bonobos,kuno,sleep_room,0,no,no,0,5,NA,frank,inhibit_searched,1,NA,NA,2,1,3,NA,0,nico,NA,NA
20230913,9,3,bonobos,kuno,sleep_room,0,no,no,0,5,NA,frank,inhibit_searched,2,NA,NA,2,1,3,NA,0,nico,NA,NA
20230913,9,3,bonobos,kuno,sleep_room,0,no,no,0,5,NA,frank,inhibit_searched,3,NA,NA,3,2,1,NA,0,nico,NA,NA
20230913,9,3,bonobos,kuno,sleep_room,0,no,no,0,5,NA,frank,inhibit_searched,4,NA,NA,3,2,1,NA,0,nico,NA,NA
20230913,9,3,bonobos,kuno,sleep_room,0,no,no,0,5,NA,frank,inhibit_searched,5,NA,NA,3,2,1,NA,0,nico,NA,NA
20230913,9,3,bonobos,kuno,sleep_room,0,no,no,0,5,NA,frank,inhibit_searched,6,NA,NA,1,2,3,NA,0,nico,NA,NA
20230913,9,3,bonobos,kuno,sleep_room,0,no,no,0,5,NA,frank,inhibit_searched,7,NA,NA,3,1,2,NA,0,nico,NA,NA
20230913,9,3,bonobos,kuno,sleep_room,0,no,no,0,5,NA,frank,inhibit_searched,8,NA,NA,3,1,2,NA,0,nico,NA,NA
20230913,9,3,bonobos,kuno,sleep_room,0,no,no,0,5,NA,frank,inhibit_searched,9,NA,NA,3,2,1,NA,0,nico,NA,NA
20230913,9,3,bonobos,kuno,sleep_room,0,no,no,0,5,NA,frank,inhibit_searched,10,NA,NA,1,2,3,NA,0,nico,NA,NA
20230913,9,3,bonobos,kuno,sleep_room,0,no,no,0,5,NA,frank,inhibit_searched,11,NA,NA,3,2,1,NA,0,nico,NA,NA
20230913,9,3,bonobos,kuno,sleep_room,0,no,no,0,5,NA,frank,inhibit_searched,12,NA,NA,2,3,1,NA,0,nico,NA,NA
20230920,9,3,bonobos,yaro,sleep_room,0,no,no,2,6,NA,martina,inhibit_searched,1,NA,NA,1,2,3,NA,0,nico,NA,NA
20230920,9,3,bonobos,yaro,sleep_room,0,no,no,2,6,NA,martina,inhibit_searched,2,NA,NA,1,2,3,NA,0,nico,NA,NA
20230920,9,3,bonobos,yaro,sleep_room,0,no,no,2,6,NA,martina,inhibit_searched,3,NA,NA,1,2,3,NA,0,nico,NA,NA
20230920,9,3,bonobos,yaro,sleep_room,0,no,no,2,6,NA,martina,inhibit_searched,4,NA,NA,1,2,3,NA,0,nico,NA,NA
20230920,9,3,bonobos,yaro,sleep_room,0,no,no,2,6,NA,martina,inhibit_searched,5,NA,NA,1,2,3,NA,0,nico,NA,NA
20230920,9,3,bonobos,yaro,sleep_room,0,no,no,2,6,NA,martina,inhibit_searched,6,NA,NA,1,2,3,NA,0,nico,NA,NA
20230920,9,3,bonobos,yaro,sleep_room,0,no,no,2,6,NA,martina,inhibit_searched,7,NA,NA,1,2,3,NA,0,nico,NA,NA
20230920,9,3,bonobos,yaro,sleep_room,0,no,no,2,6,NA,martina,inhibit_searched,8,NA,NA,1,2,3,NA,0,nico,NA,NA
20230920,9,3,bonobos,yaro,sleep_room,0,no,no,2,6,NA,martina,inhibit_searched,9,NA,NA,1,2,3,NA,0,nico,NA,NA
20230920,9,3,bonobos,yaro,sleep_room,0,no,no,2,6,NA,martina,inhibit_searched,10,NA,NA,1,2,3,NA,0,nico,NA,NA
20230920,9,3,bonobos,yaro,sleep_room,0,no,no,2,6,NA,martina,inhibit_searched,11,NA,NA,1,2,3,NA,0,nico,NA,NA
20230920,9,3,bonobos,yaro,sleep_room,0,no,no,2,6,NA,martina,inhibit_searched,12,NA,NA,1,2,3,NA,0,nico,NA,NA
20230920,9,3,bonobos,tayo,sleep_room,0,no,no,2,7,"lexi, hodari, amira, luiza, gerda",martina,inhibit_searched,1,NA,NA,3,2,1,NA,0,nico,NA,NA
20230920,9,3,bonobos,tayo,sleep_room,0,no,no,2,7,"lexi, hodari, amira, luiza, gerda",martina,inhibit_searched,2,NA,NA,3,1,2,NA,0,nico,NA,NA
20230920,9,3,bonobos,tayo,sleep_room,0,no,no,2,7,"lexi, hodari, amira, luiza, gerda",martina,inhibit_searched,3,NA,NA,3,1,2,NA,0,nico,NA,NA
20230920,9,3,bonobos,tayo,sleep_room,0,no,no,2,7,"lexi, hodari, amira, luiza, gerda",martina,inhibit_searched,4,NA,NA,3,2,1,NA,0,nico,NA,NA
20230920,9,3,bonobos,tayo,sleep_room,0,no,no,2,7,"lexi, hodari, amira, luiza, gerda",martina,inhibit_searched,5,NA,NA,3,1,2,NA,0,nico,NA,NA
20230920,9,3,bonobos,tayo,sleep_room,0,no,no,2,7,"lexi, hodari, amira, luiza, gerda",martina,inhibit_searched,6,NA,NA,3,1,2,NA,0,nico,NA,NA
20230920,9,3,bonobos,tayo,sleep_room,0,no,no,2,7,"lexi, hodari, amira, luiza, gerda",martina,inhibit_searched,7,NA,NA,3,1,2,NA,0,nico,NA,NA
20230920,9,3,bonobos,tayo,sleep_room,0,no,no,2,7,"lexi, hodari, amira, luiza, gerda",martina,inhibit_searched,8,NA,NA,3,1,2,NA,0,nico,NA,NA
20230920,9,3,bonobos,tayo,sleep_room,0,no,no,2,7,"lexi, hodari, amira, luiza, gerda",martina,inhibit_searched,9,NA,NA,3,2,1,NA,0,nico,NA,NA
20230920,9,3,bonobos,tayo,sleep_room,0,no,no,2,7,"lexi, hodari, amira, luiza, gerda",martina,inhibit_searched,10,NA,NA,3,2,1,NA,0,nico,NA,NA
20230920,9,3,bonobos,tayo,sleep_room,0,no,no,2,7,"lexi, hodari, amira, luiza, gerda",martina,inhibit_searched,11,NA,NA,3,2,1,NA,0,nico,NA,NA
20230920,9,3,bonobos,tayo,sleep_room,0,no,no,2,7,"lexi, hodari, amira, luiza, gerda",martina,inhibit_searched,12,NA,NA,3,2,1,NA,0,nico,NA,NA
20230920,9,3,bonobos,lexi,sleep_room,0,no,no,0,1,"yaro, hodari, tayo, amira",martina,inhibit_searched,1,NA,NA,3,2,1,NA,0,nico,away,NA
20230920,9,3,bonobos,lexi,sleep_room,0,no,no,0,1,"yaro, hodari, tayo, amira",martina,inhibit_searched,2,NA,NA,1,3,2,NA,0,nico,away,NA
20230920,9,3,bonobos,lexi,sleep_room,0,no,no,0,1,"yaro, hodari, tayo, amira",martina,inhibit_searched,3,NA,NA,3,2,2,NA,1,nico,away,NA
20230920,9,3,bonobos,lexi,sleep_room,0,no,no,0,1,"yaro, hodari, tayo, amira",martina,inhibit_searched,4,NA,NA,3,1,2,NA,0,nico,away,NA
20230920,9,3,bonobos,kasai,sleep_room,0,no,no,2,4,NA,martina,inhibit_searched,1,NA,NA,3,2,1,NA,0,nico,NA,NA
20230920,9,3,bonobos,kasai,sleep_room,0,no,no,2,4,NA,martina,inhibit_searched,2,NA,NA,3,2,1,NA,0,nico,NA,NA
20230920,9,3,bonobos,kasai,sleep_room,0,no,no,2,4,NA,martina,inhibit_searched,3,NA,NA,3,2,1,NA,0,nico,NA,NA
20230920,9,3,bonobos,kasai,sleep_room,0,no,no,2,4,NA,martina,inhibit_searched,4,NA,NA,3,2,1,NA,0,nico,NA,NA
20230920,9,3,bonobos,kasai,sleep_room,0,no,no,2,4,NA,martina,inhibit_searched,5,NA,NA,2,3,2,NA,1,nico,NA,NA
20230920,9,3,bonobos,kasai,sleep_room,0,no,no,2,4,NA,martina,inhibit_searched,6,NA,NA,3,2,1,NA,0,nico,NA,NA
20230920,9,3,bonobos,kasai,sleep_room,0,no,no,2,4,NA,martina,inhibit_searched,7,NA,NA,3,2,1,NA,0,nico,NA,NA
20230920,9,3,bonobos,kasai,sleep_room,0,no,no,2,4,NA,martina,inhibit_searched,8,NA,NA,3,2,1,NA,0,nico,NA,NA
20230920,9,3,bonobos,kasai,sleep_room,0,no,no,2,4,NA,martina,inhibit_searched,9,NA,NA,2,1,3,NA,0,nico,NA,NA
20230920,9,3,bonobos,kasai,sleep_room,0,no,no,2,4,NA,martina,inhibit_searched,10,NA,NA,3,2,1,NA,0,nico,NA,NA
20230920,9,3,bonobos,kasai,sleep_room,0,no,no,2,4,NA,martina,inhibit_searched,11,NA,NA,3,2,1,NA,0,nico,NA,NA
20230920,9,3,bonobos,kasai,sleep_room,0,no,no,2,4,NA,martina,inhibit_searched,12,NA,NA,3,2,1,NA,0,nico,NA,NA
20230920,9,3,bonobos,sumai,sleep_room,0,no,no,2,7,yasa,martina,inhibit_searched,1,NA,NA,1,1,1,NA,2,nico,NA,NA
20230920,9,3,bonobos,sumai,sleep_room,0,no,no,2,7,yasa,martina,inhibit_searched,2,NA,NA,3,2,1,NA,0,nico,NA,NA
20230920,9,3,bonobos,sumai,sleep_room,0,no,no,2,7,yasa,martina,inhibit_searched,3,NA,NA,3,3,1,NA,1,nico,NA,NA
20230920,9,3,bonobos,sumai,sleep_room,0,no,no,2,7,yasa,martina,inhibit_searched,4,NA,NA,3,1,1,NA,1,nico,NA,NA
20230920,9,3,bonobos,sumai,sleep_room,0,no,no,2,7,yasa,martina,inhibit_searched,5,NA,NA,1,2,2,NA,1,nico,NA,NA
20230920,9,3,bonobos,sumai,sleep_room,0,no,no,2,7,yasa,martina,inhibit_searched,6,NA,NA,1,3,2,NA,0,nico,NA,NA
20230920,9,3,bonobos,sumai,sleep_room,0,no,no,2,7,yasa,martina,inhibit_searched,7,NA,NA,2,3,1,NA,0,nico,NA,NA
20230920,9,3,bonobos,sumai,sleep_room,0,no,no,2,7,yasa,martina,inhibit_searched,8,NA,NA,3,1,2,NA,0,nico,NA,NA
20230920,9,3,bonobos,sumai,sleep_room,0,no,no,2,7,yasa,martina,inhibit_searched,9,NA,NA,3,1,2,NA,0,nico,NA,NA
20230920,9,3,bonobos,sumai,sleep_room,0,no,no,2,7,yasa,martina,inhibit_searched,10,NA,NA,3,1,2,NA,0,nico,NA,NA
20230920,9,3,bonobos,sumai,sleep_room,0,no,no,2,7,yasa,martina,inhibit_searched,11,NA,NA,3,1,1,NA,1,nico,NA,NA
20230920,9,3,bonobos,sumai,sleep_room,0,no,no,2,7,yasa,martina,inhibit_searched,12,NA,NA,1,3,3,NA,1,nico,NA,NA
20230920,9,3,bonobos,yasa,sleep_room,0,no,no,0,2,sumai,martina,inhibit_searched,1,NA,NA,2,3,1,NA,0,nico,NA,NA
20230920,9,3,bonobos,yasa,sleep_room,0,no,no,0,2,sumai,martina,inhibit_searched,2,NA,NA,1,2,3,NA,0,nico,NA,NA
20230920,9,3,bonobos,yasa,sleep_room,0,no,no,0,2,sumai,martina,inhibit_searched,3,NA,NA,2,3,1,NA,0,nico,NA,NA
20230920,9,3,bonobos,yasa,sleep_room,0,no,no,0,2,sumai,martina,inhibit_searched,4,NA,NA,2,3,1,NA,0,nico,NA,NA
20230920,9,3,bonobos,yasa,sleep_room,0,no,no,0,2,sumai,martina,inhibit_searched,5,NA,NA,1,2,3,NA,0,nico,NA,NA
20230920,9,3,bonobos,yasa,sleep_room,0,no,no,0,2,sumai,martina,inhibit_searched,6,NA,NA,1,2,3,NA,0,nico,NA,NA
20230920,9,3,bonobos,yasa,sleep_room,0,no,no,0,2,sumai,martina,inhibit_searched,7,NA,NA,1,2,3,NA,0,nico,NA,NA
20230920,9,3,bonobos,yasa,sleep_room,0,no,no,0,2,sumai,martina,inhibit_searched,8,NA,NA,1,2,3,NA,0,nico,NA,NA
20230920,9,3,bonobos,yasa,sleep_room,0,no,no,0,2,sumai,martina,inhibit_searched,9,NA,NA,1,2,3,NA,0,nico,NA,NA
20230920,9,3,bonobos,yasa,sleep_room,0,no,no,0,2,sumai,martina,inhibit_searched,10,NA,NA,1,2,3,NA,0,nico,NA,NA
20230920,9,3,bonobos,yasa,sleep_room,0,no,no,0,2,sumai,martina,inhibit_searched,11,NA,NA,1,2,3,NA,0,nico,NA,NA
20230920,9,3,bonobos,yasa,sleep_room,0,no,no,0,2,sumai,martina,inhibit_searched,12,NA,NA,1,2,3,NA,0,nico,NA,NA
20231113,10,3,bonobos,kasai,sleep_room,0,no,no,2,4,"sumai, yasa",frank,inhibit_searched,1,NA,NA,2,1,3,NA,0,nico,NA,NA
20231113,10,3,bonobos,kasai,sleep_room,0,no,no,2,4,"sumai, yasa",frank,inhibit_searched,2,NA,NA,3,2,1,NA,0,nico,NA,NA
20231113,10,3,bonobos,kasai,sleep_room,0,no,no,2,4,"sumai, yasa",frank,inhibit_searched,3,NA,NA,3,2,1,NA,0,nico,NA,NA
20231113,10,3,bonobos,kasai,sleep_room,0,no,no,2,4,"sumai, yasa",frank,inhibit_searched,4,NA,NA,3,2,1,NA,0,nico,NA,NA
20231113,10,3,bonobos,kasai,sleep_room,0,no,no,2,4,"sumai, yasa",frank,inhibit_searched,5,NA,NA,3,2,1,NA,0,nico,NA,NA
20231113,10,3,bonobos,kasai,sleep_room,0,no,no,2,4,"sumai, yasa",frank,inhibit_searched,6,NA,NA,3,2,1,NA,0,nico,NA,NA
20231113,10,3,bonobos,kasai,sleep_room,0,no,no,2,4,"sumai, yasa",frank,inhibit_searched,7,NA,NA,3,2,1,NA,0,nico,NA,NA
20231113,10,3,bonobos,kasai,sleep_room,0,no,no,2,4,"sumai, yasa",frank,inhibit_searched,8,NA,NA,3,2,1,NA,0,nico,NA,NA
20231113,10,3,bonobos,kasai,sleep_room,0,no,no,2,4,"sumai, yasa",frank,inhibit_searched,9,NA,NA,2,3,1,NA,0,nico,NA,NA
20231113,10,3,bonobos,kasai,sleep_room,0,no,no,2,4,"sumai, yasa",frank,inhibit_searched,10,NA,NA,3,2,1,NA,0,nico,NA,NA
20231113,10,3,bonobos,kasai,sleep_room,0,no,no,2,4,"sumai, yasa",frank,inhibit_searched,11,NA,NA,3,2,1,NA,0,nico,NA,NA
20231113,10,3,bonobos,kasai,sleep_room,0,no,no,2,4,"sumai, yasa",frank,inhibit_searched,12,NA,NA,3,2,1,NA,0,nico,NA,NA
20231113,10,3,bonobos,yasa,sleep_room,0,no,no,0,2,"sumai, kasai",frank,inhibit_searched,1,NA,NA,2,3,1,NA,0,nico,NA,NA
20231113,10,3,bonobos,yasa,sleep_room,0,no,no,0,2,"sumai, kasai",frank,inhibit_searched,2,NA,NA,3,2,1,NA,0,nico,NA,NA
20231113,10,3,bonobos,yasa,sleep_room,0,no,no,0,2,"sumai, kasai",frank,inhibit_searched,3,NA,NA,2,3,1,NA,0,nico,NA,NA
20231113,10,3,bonobos,yasa,sleep_room,0,no,no,0,2,"sumai, kasai",frank,inhibit_searched,4,NA,NA,2,1,3,NA,0,nico,NA,NA
20231113,10,3,bonobos,yasa,sleep_room,0,no,no,0,2,"sumai, kasai",frank,inhibit_searched,5,NA,NA,3,2,1,NA,0,nico,NA,NA
20231113,10,3,bonobos,yasa,sleep_room,0,no,no,0,2,"sumai, kasai",frank,inhibit_searched,6,NA,NA,3,2,1,NA,0,nico,NA,NA
20231113,10,3,bonobos,yasa,sleep_room,0,no,no,0,2,"sumai, kasai",frank,inhibit_searched,7,NA,NA,1,2,3,NA,0,nico,NA,NA
20231113,10,3,bonobos,yasa,sleep_room,0,no,no,0,2,"sumai, kasai",frank,inhibit_searched,8,NA,NA,3,2,1,NA,0,nico,NA,NA
20231113,10,3,bonobos,yasa,sleep_room,0,no,no,0,2,"sumai, kasai",frank,inhibit_searched,9,NA,NA,3,2,1,NA,0,nico,NA,NA
20231113,10,3,bonobos,yasa,sleep_room,0,no,no,0,2,"sumai, kasai",frank,inhibit_searched,10,NA,NA,1,2,3,NA,0,nico,NA,NA
20231113,10,3,bonobos,yasa,sleep_room,0,no,no,0,2,"sumai, kasai",frank,inhibit_searched,11,NA,NA,2,1,3,NA,0,nico,NA,NA
20231113,10,3,bonobos,yasa,sleep_room,0,no,no,0,2,"sumai, kasai",frank,inhibit_searched,12,NA,NA,1,2,3,NA,0,nico,NA,NA
20231113,10,3,bonobos,amira,sleep_room,0,no,no,2,7,"lexi, hodari, tayo, yaro",frank,inhibit_searched,1,NA,NA,3,2,3,NA,1,nico,away,NA
20231113,10,3,bonobos,amira,sleep_room,0,no,no,2,7,"lexi, hodari, tayo, yaro",frank,inhibit_searched,2,NA,NA,3,1,2,NA,0,nico,away,NA
20231113,10,3,bonobos,amira,sleep_room,0,no,no,2,7,"lexi, hodari, tayo, yaro",frank,inhibit_searched,3,NA,NA,3,2,2,NA,1,nico,away,NA
20231113,10,3,bonobos,amira,sleep_room,0,no,no,2,7,"lexi, hodari, tayo, yaro",frank,inhibit_searched,4,NA,NA,1,3,3,NA,1,nico,away,NA
20231113,10,3,bonobos,amira,sleep_room,0,no,no,2,7,"lexi, hodari, tayo, yaro",frank,inhibit_searched,5,NA,NA,1,2,1,NA,1,nico,away,NA
20231113,10,3,bonobos,amira,sleep_room,0,no,no,2,7,"lexi, hodari, tayo, yaro",frank,inhibit_searched,6,NA,NA,1,1,2,NA,1,nico,away,NA
20231113,10,3,bonobos,amira,sleep_room,0,no,no,2,7,"lexi, hodari, tayo, yaro",frank,inhibit_searched,7,NA,NA,3,3,1,NA,1,nico,away,NA
20231113,10,3,bonobos,amira,sleep_room,0,no,no,2,7,"lexi, hodari, tayo, yaro",frank,inhibit_searched,8,NA,NA,3,3,3,NA,2,nico,away,NA
20231113,10,3,bonobos,amira,sleep_room,0,no,no,2,7,"lexi, hodari, tayo, yaro",frank,inhibit_searched,9,NA,NA,3,3,3,NA,2,nico,away,NA
20231113,10,3,bonobos,amira,sleep_room,0,no,no,2,7,"lexi, hodari, tayo, yaro",frank,inhibit_searched,10,NA,NA,3,1,1,NA,1,nico,away,NA
20231113,10,3,bonobos,amira,sleep_room,0,no,no,2,7,"lexi, hodari, tayo, yaro",frank,inhibit_searched,11,NA,NA,3,1,3,NA,1,nico,away,NA
20231113,10,3,bonobos,amira,sleep_room,0,no,no,2,7,"lexi, hodari, tayo, yaro",frank,inhibit_searched,12,NA,NA,1,1,1,NA,2,nico,NA,NA
20231113,10,3,bonobos,yaro,sleep_room,0,no,no,2,6,"lexi, hodari, amria, tayo",frank,inhibit_searched,1,NA,NA,1,2,3,NA,0,nico,NA,NA
20231113,10,3,bonobos,yaro,sleep_room,0,no,no,2,6,"lexi, hodari, amria, tayo",frank,inhibit_searched,2,NA,NA,1,2,3,NA,0,nico,NA,NA
20231113,10,3,bonobos,yaro,sleep_room,0,no,no,2,6,"lexi, hodari, amria, tayo",frank,inhibit_searched,3,NA,NA,1,2,3,NA,0,nico,NA,NA
20231113,10,3,bonobos,yaro,sleep_room,0,no,no,2,6,"lexi, hodari, amria, tayo",frank,inhibit_searched,4,NA,NA,1,2,3,NA,0,nico,NA,NA
20231113,10,3,bonobos,yaro,sleep_room,0,no,no,2,6,"lexi, hodari, amria, tayo",frank,inhibit_searched,5,NA,NA,1,2,3,NA,0,nico,NA,NA
20231113,10,3,bonobos,yaro,sleep_room,0,no,no,2,6,"lexi, hodari, amria, tayo",frank,inhibit_searched,6,NA,NA,1,2,3,NA,0,nico,NA,NA
20231113,10,3,bonobos,yaro,sleep_room,0,no,no,2,6,"lexi, hodari, amria, tayo",frank,inhibit_searched,7,NA,NA,1,2,3,NA,0,nico,NA,NA
20231113,10,3,bonobos,yaro,sleep_room,0,no,no,2,6,"lexi, hodari, amria, tayo",frank,inhibit_searched,8,NA,NA,1,2,3,NA,0,nico,NA,NA
20231113,10,3,bonobos,yaro,sleep_room,0,no,no,2,6,"lexi, hodari, amria, tayo",frank,inhibit_searched,9,NA,NA,1,2,3,NA,0,nico,NA,NA
20231113,10,3,bonobos,yaro,sleep_room,0,no,no,2,6,"lexi, hodari, amria, tayo",frank,inhibit_searched,10,NA,NA,1,2,3,NA,0,nico,NA,NA
20231113,10,3,bonobos,yaro,sleep_room,0,no,no,2,6,"lexi, hodari, amria, tayo",frank,inhibit_searched,11,NA,NA,1,2,3,NA,0,nico,NA,NA
20231113,10,3,bonobos,yaro,sleep_room,0,no,no,2,6,"lexi, hodari, amria, tayo",frank,inhibit_searched,12,NA,NA,1,2,3,NA,0,nico,NA,NA
20231113,10,3,bonobos,tayo,sleep_room,0,no,no,2,7,"lexi, hodari, yaro, amira",frank,inhibit_searched,1,NA,NA,3,2,1,NA,0,nico,NA,NA
20231113,10,3,bonobos,tayo,sleep_room,0,no,no,2,7,"lexi, hodari, yaro, amira",frank,inhibit_searched,2,NA,NA,3,1,2,NA,0,nico,NA,NA
20231113,10,3,bonobos,tayo,sleep_room,0,no,no,2,7,"lexi, hodari, yaro, amira",frank,inhibit_searched,3,NA,NA,3,1,2,NA,0,nico,NA,NA
20231113,10,3,bonobos,tayo,sleep_room,0,no,no,2,7,"lexi, hodari, yaro, amira",frank,inhibit_searched,4,NA,NA,3,2,1,NA,0,nico,NA,NA
20231113,10,3,bonobos,tayo,sleep_room,0,no,no,2,7,"lexi, hodari, yaro, amira",frank,inhibit_searched,5,NA,NA,3,2,1,NA,0,nico,NA,NA
20231113,10,3,bonobos,tayo,sleep_room,0,no,no,2,7,"lexi, hodari, yaro, amira",frank,inhibit_searched,6,NA,NA,3,2,1,NA,0,nico,NA,NA
20231113,10,3,bonobos,tayo,sleep_room,0,no,no,2,7,"lexi, hodari, yaro, amira",frank,inhibit_searched,7,NA,NA,3,2,1,NA,0,nico,NA,NA
20231113,10,3,bonobos,tayo,sleep_room,0,no,no,2,7,"lexi, hodari, yaro, amira",frank,inhibit_searched,8,NA,NA,3,2,1,NA,0,nico,NA,NA
20231113,10,3,bonobos,tayo,sleep_room,0,no,no,2,7,"lexi, hodari, yaro, amira",frank,inhibit_searched,9,NA,NA,3,3,1,NA,1,nico,NA,NA
20231113,10,3,bonobos,tayo,sleep_room,0,no,no,2,7,"lexi, hodari, yaro, amira",frank,inhibit_searched,10,NA,NA,3,1,2,NA,0,nico,NA,NA
20231113,10,3,bonobos,tayo,sleep_room,0,no,no,2,7,"lexi, hodari, yaro, amira",frank,inhibit_searched,11,NA,NA,3,2,1,NA,0,nico,NA,NA
20231113,10,3,bonobos,tayo,sleep_room,0,no,no,2,7,"lexi, hodari, yaro, amira",frank,inhibit_searched,12,NA,NA,3,1,2,NA,0,nico,NA,NA
20231113,10,3,bonobos,lexi,sleep_room,0,no,no,0,1,"amira, tayo, hodari, yaro",frank,inhibit_searched,1,NA,NA,2,3,1,NA,1,nico,away,NA
20231113,10,3,bonobos,lexi,sleep_room,0,no,no,0,1,"amira, tayo, hodari, yaro",frank,inhibit_searched,2,NA,NA,3,2,1,NA,1,nico,NA,NA
20231113,10,3,bonobos,lexi,sleep_room,0,no,no,0,1,"amira, tayo, hodari, yaro",frank,inhibit_searched,3,NA,NA,3,1,2,NA,2,nico,NA,NA
20231113,10,3,bonobos,lexi,sleep_room,0,no,no,0,1,"amira, tayo, hodari, yaro",frank,inhibit_searched,4,NA,NA,1,3,2,NA,2,nico,away,NA
20231113,10,3,bonobos,lexi,sleep_room,0,no,no,0,1,"amira, tayo, hodari, yaro",frank,inhibit_searched,5,NA,NA,2,1,3,NA,1,nico,NA,NA
20231113,10,3,bonobos,lexi,sleep_room,0,no,no,0,1,"amira, tayo, hodari, yaro",frank,inhibit_searched,6,NA,NA,1,3,2,NA,2,nico,NA,NA
20231115,10,3,bonobos,kuno,sleep_room,0,no,no,0,5,"lexi, amira, yaro, tayo, luiza, gerda, hodari, yasa, kasai, sumai",frank,inhibit_searched,1,NA,NA,2,3,1,NA,0,nico,NA,NA
20231115,10,3,bonobos,kuno,sleep_room,0,no,no,0,5,"lexi, amira, yaro, tayo, luiza, gerda, hodari, yasa, kasai, sumai",frank,inhibit_searched,2,NA,NA,1,3,2,NA,0,nico,NA,NA
20231115,10,3,bonobos,kuno,sleep_room,0,no,no,0,5,"lexi, amira, yaro, tayo, luiza, gerda, hodari, yasa, kasai, sumai",frank,inhibit_searched,3,NA,NA,2,1,3,NA,0,nico,NA,NA
20231115,10,3,bonobos,kuno,sleep_room,0,no,no,0,5,"lexi, amira, yaro, tayo, luiza, gerda, hodari, yasa, kasai, sumai",frank,inhibit_searched,4,NA,NA,2,3,1,NA,0,nico,NA,NA
20231115,10,3,bonobos,kuno,sleep_room,0,no,no,0,5,"lexi, amira, yaro, tayo, luiza, gerda, hodari, yasa, kasai, sumai",frank,inhibit_searched,5,NA,NA,2,3,1,NA,0,nico,NA,NA
20231115,10,3,bonobos,kuno,sleep_room,0,no,no,0,5,"lexi, amira, yaro, tayo, luiza, gerda, hodari, yasa, kasai, sumai",frank,inhibit_searched,6,NA,NA,2,3,1,NA,0,nico,NA,NA
20231115,10,3,bonobos,kuno,sleep_room,0,no,no,0,5,"lexi, amira, yaro, tayo, luiza, gerda, hodari, yasa, kasai, sumai",frank,inhibit_searched,7,NA,NA,2,3,1,NA,0,nico,NA,NA
20231115,10,3,bonobos,kuno,sleep_room,0,no,no,0,5,"lexi, amira, yaro, tayo, luiza, gerda, hodari, yasa, kasai, sumai",frank,inhibit_searched,8,NA,NA,1,3,2,NA,0,nico,NA,NA
20231115,10,3,bonobos,kuno,sleep_room,0,no,no,0,5,"lexi, amira, yaro, tayo, luiza, gerda, hodari, yasa, kasai, sumai",frank,inhibit_searched,9,NA,NA,1,2,3,NA,0,nico,NA,NA
20231115,10,3,bonobos,kuno,sleep_room,0,no,no,0,5,"lexi, amira, yaro, tayo, luiza, gerda, hodari, yasa, kasai, sumai",frank,inhibit_searched,10,NA,NA,1,2,3,NA,0,nico,NA,NA
20231115,10,3,bonobos,kuno,sleep_room,0,no,no,0,5,"lexi, amira, yaro, tayo, luiza, gerda, hodari, yasa, kasai, sumai",frank,inhibit_searched,11,NA,NA,1,2,3,NA,0,nico,NA,NA
20231115,10,3,bonobos,kuno,sleep_room,0,no,no,0,5,"lexi, amira, yaro, tayo, luiza, gerda, hodari, yasa, kasai, sumai",frank,inhibit_searched,12,NA,NA,3,1,2,NA,0,nico,NA,NA
20231115,10,3,bonobos,luiza,sleep_room,0,no,no,0,3,"lexi, amira, yaro, tayo, kuno, gerda, hodari, yasa, kasai, sumai",frank,inhibit_searched,1,NA,NA,1,3,2,NA,0,nico,NA,NA
20231115,10,3,bonobos,luiza,sleep_room,0,no,no,0,3,"lexi, amira, yaro, tayo, kuno, gerda, hodari, yasa, kasai, sumai",frank,inhibit_searched,2,NA,NA,2,1,3,NA,0,nico,NA,NA
20231115,10,3,bonobos,luiza,sleep_room,0,no,no,0,3,"lexi, amira, yaro, tayo, kuno, gerda, hodari, yasa, kasai, sumai",frank,inhibit_searched,3,NA,NA,2,1,3,NA,0,nico,NA,NA
20231115,10,3,bonobos,luiza,sleep_room,0,no,no,0,3,"lexi, amira, yaro, tayo, kuno, gerda, hodari, yasa, kasai, sumai",frank,inhibit_searched,4,NA,NA,3,2,1,NA,0,nico,NA,NA
20231115,10,3,bonobos,luiza,sleep_room,0,no,no,0,3,"lexi, amira, yaro, tayo, kuno, gerda, hodari, yasa, kasai, sumai",frank,inhibit_searched,5,NA,NA,3,2,1,NA,0,nico,NA,NA
20231115,10,3,bonobos,luiza,sleep_room,0,no,no,0,3,"lexi, amira, yaro, tayo, kuno, gerda, hodari, yasa, kasai, sumai",frank,inhibit_searched,6,NA,NA,3,2,1,NA,0,nico,NA,NA
20231115,10,3,bonobos,luiza,sleep_room,0,no,no,0,3,"lexi, amira, yaro, tayo, kuno, gerda, hodari, yasa, kasai, sumai",frank,inhibit_searched,7,NA,NA,1,3,2,NA,0,nico,NA,NA
20231115,10,3,bonobos,luiza,sleep_room,0,no,no,0,3,"lexi, amira, yaro, tayo, kuno, gerda, hodari, yasa, kasai, sumai",frank,inhibit_searched,8,NA,NA,1,3,2,NA,0,nico,NA,NA
20231115,10,3,bonobos,luiza,sleep_room,0,no,no,0,3,"lexi, amira, yaro, tayo, kuno, gerda, hodari, yasa, kasai, sumai",frank,inhibit_searched,9,NA,NA,1,2,3,NA,0,nico,NA,NA
20231115,10,3,bonobos,luiza,sleep_room,0,no,no,0,3,"lexi, amira, yaro, tayo, kuno, gerda, hodari, yasa, kasai, sumai",frank,inhibit_searched,10,NA,NA,3,2,1,NA,0,nico,NA,NA
20231115,10,3,bonobos,luiza,sleep_room,0,no,no,0,3,"lexi, amira, yaro, tayo, kuno, gerda, hodari, yasa, kasai, sumai",frank,inhibit_searched,11,NA,NA,3,2,1,NA,0,nico,NA,NA
20231115,10,3,bonobos,luiza,sleep_room,0,no,no,0,3,"lexi, amira, yaro, tayo, kuno, gerda, hodari, yasa, kasai, sumai",frank,inhibit_searched,12,NA,NA,3,2,1,NA,0,nico,NA,NA
20220430,1,3,gorillas,kio,sleep_room,0,no,no,4,3,"abeeku, kianga, kibara, kumili, diara",daniel,inhibit_searched,1,NA,NA,3,2,1,NA,0,nico,hanling (new researcher) watched full session,NA
20220430,1,3,gorillas,kio,sleep_room,0,no,no,4,3,"abeeku, kianga, kibara, kumili, diara",daniel,inhibit_searched,2,NA,NA,3,2,1,NA,0,nico,NA,NA
20220430,1,3,gorillas,kio,sleep_room,0,no,no,4,3,"abeeku, kianga, kibara, kumili, diara",daniel,inhibit_searched,3,NA,NA,1,2,3,NA,0,nico,NA,NA
20220430,1,3,gorillas,kio,sleep_room,0,no,no,4,3,"abeeku, kianga, kibara, kumili, diara",daniel,inhibit_searched,4,NA,NA,3,2,2,NA,1,nico,NA,NA
20220430,1,3,gorillas,kio,sleep_room,0,no,no,4,3,"abeeku, kianga, kibara, kumili, diara",daniel,inhibit_searched,5,NA,NA,3,2,3,NA,1,nico,NA,NA
20220430,1,3,gorillas,kio,sleep_room,0,no,no,4,3,"abeeku, kianga, kibara, kumili, diara",daniel,inhibit_searched,6,NA,NA,1,2,2,NA,1,nico,NA,NA
20220430,1,3,gorillas,kio,sleep_room,0,no,no,4,3,"abeeku, kianga, kibara, kumili, diara",daniel,inhibit_searched,7,NA,NA,3,1,2,NA,0,nico,NA,NA
20220430,1,3,gorillas,kio,sleep_room,0,no,no,4,3,"abeeku, kianga, kibara, kumili, diara",daniel,inhibit_searched,8,NA,NA,3,1,3,NA,1,nico,NA,NA
20220430,1,3,gorillas,kio,sleep_room,0,no,no,4,3,"abeeku, kianga, kibara, kumili, diara",daniel,inhibit_searched,9,NA,NA,3,1,2,NA,0,nico,NA,NA
20220430,1,3,gorillas,kio,sleep_room,0,no,no,4,3,"abeeku, kianga, kibara, kumili, diara",daniel,inhibit_searched,10,NA,NA,1,1,3,NA,1,nico,NA,NA
20220430,1,3,gorillas,kio,sleep_room,0,no,no,4,3,"abeeku, kianga, kibara, kumili, diara",daniel,inhibit_searched,11,NA,NA,3,2,1,NA,0,nico,NA,NA
20220430,1,3,gorillas,kio,sleep_room,0,no,no,4,3,"abeeku, kianga, kibara, kumili, diara",daniel,inhibit_searched,12,NA,NA,2,2,3,NA,1,nico,NA,NA
20220430,1,3,gorillas,kumili,sleep_room,0,no,no,2,2,"abeeku, kianga, kibara, kio, diara",daniel,inhibit_searched,1,NA,NA,3,2,1,NA,0,nico,hanling (new researcher) watched full session,NA
20220430,1,3,gorillas,kumili,sleep_room,0,no,no,2,2,"abeeku, kianga, kibara, kio, diara",daniel,inhibit_searched,2,NA,NA,3,2,1,NA,0,nico,NA,NA
20220430,1,3,gorillas,kumili,sleep_room,0,no,no,2,2,"abeeku, kianga, kibara, kio, diara",daniel,inhibit_searched,3,NA,NA,3,1,3,NA,1,nico,NA,NA
20220430,1,3,gorillas,kumili,sleep_room,0,no,no,2,2,"abeeku, kianga, kibara, kio, diara",daniel,inhibit_searched,4,NA,NA,3,2,1,NA,0,nico,NA,NA
20220430,1,3,gorillas,kumili,sleep_room,0,no,no,2,2,"abeeku, kianga, kibara, kio, diara",daniel,inhibit_searched,5,NA,NA,3,1,2,NA,0,nico,NA,NA
20220430,1,3,gorillas,kumili,sleep_room,0,no,no,2,2,"abeeku, kianga, kibara, kio, diara",daniel,inhibit_searched,6,NA,NA,2,1,3,NA,0,nico,NA,NA
20220430,1,3,gorillas,kumili,sleep_room,0,no,no,2,2,"abeeku, kianga, kibara, kio, diara",daniel,inhibit_searched,7,NA,NA,1,2,3,NA,0,nico,NA,NA
20220430,1,3,gorillas,kumili,sleep_room,0,no,no,2,2,"abeeku, kianga, kibara, kio, diara",daniel,inhibit_searched,8,NA,NA,1,2,3,NA,0,nico,NA,NA
20220430,1,3,gorillas,kumili,sleep_room,0,no,no,2,2,"abeeku, kianga, kibara, kio, diara",daniel,inhibit_searched,9,NA,NA,1,2,3,NA,0,nico,NA,NA
20220430,1,3,gorillas,kumili,sleep_room,0,no,no,2,2,"abeeku, kianga, kibara, kio, diara",daniel,inhibit_searched,10,NA,NA,1,2,3,NA,0,nico,NA,NA
20220430,1,3,gorillas,kumili,sleep_room,0,no,no,2,2,"abeeku, kianga, kibara, kio, diara",daniel,inhibit_searched,11,NA,NA,2,1,3,NA,0,nico,NA,NA
20220430,1,3,gorillas,kumili,sleep_room,0,no,no,2,2,"abeeku, kianga, kibara, kio, diara",daniel,inhibit_searched,12,NA,NA,3,2,1,NA,0,nico,NA,NA
20220430,1,3,gorillas,diara,sleep_room,0,no,no,2,3,"abeeku, kianga, kibara, kio, kumili",daniel,inhibit_searched,1,NA,NA,3,1,2,NA,0,nico,hanling (new researcher) watched full session,NA
20220430,1,3,gorillas,diara,sleep_room,0,no,no,2,3,"abeeku, kianga, kibara, kio, kumili",daniel,inhibit_searched,2,NA,NA,3,2,1,NA,0,nico,NA,NA
20220430,1,3,gorillas,diara,sleep_room,0,no,no,2,3,"abeeku, kianga, kibara, kio, kumili",daniel,inhibit_searched,3,NA,NA,2,1,3,NA,0,nico,NA,NA
20220430,1,3,gorillas,diara,sleep_room,0,no,no,2,3,"abeeku, kianga, kibara, kio, kumili",daniel,inhibit_searched,4,NA,NA,3,2,1,NA,0,nico,NA,NA
20220430,1,3,gorillas,diara,sleep_room,0,no,no,2,3,"abeeku, kianga, kibara, kio, kumili",daniel,inhibit_searched,5,NA,NA,3,2,1,NA,0,nico,NA,NA
20220430,1,3,gorillas,diara,sleep_room,0,no,no,2,3,"abeeku, kianga, kibara, kio, kumili",daniel,inhibit_searched,6,NA,NA,1,3,2,NA,0,nico,NA,NA
20220430,1,3,gorillas,diara,sleep_room,0,no,no,2,3,"abeeku, kianga, kibara, kio, kumili",daniel,inhibit_searched,7,NA,NA,3,2,1,NA,0,nico,NA,NA
20220430,1,3,gorillas,diara,sleep_room,0,no,no,2,3,"abeeku, kianga, kibara, kio, kumili",daniel,inhibit_searched,8,NA,NA,3,2,1,NA,0,nico,NA,NA
20220430,1,3,gorillas,diara,sleep_room,0,no,no,2,3,"abeeku, kianga, kibara, kio, kumili",daniel,inhibit_searched,9,NA,NA,3,2,1,NA,0,nico,NA,NA
20220430,1,3,gorillas,diara,sleep_room,0,no,no,2,3,"abeeku, kianga, kibara, kio, kumili",daniel,inhibit_searched,10,NA,NA,3,2,1,NA,0,nico,NA,NA
20220430,1,3,gorillas,diara,sleep_room,0,no,no,2,3,"abeeku, kianga, kibara, kio, kumili",daniel,inhibit_searched,11,NA,NA,3,2,1,NA,0,nico,NA,NA
20220430,1,3,gorillas,diara,sleep_room,0,no,no,2,3,"abeeku, kianga, kibara, kio, kumili",daniel,inhibit_searched,12,NA,NA,3,2,1,NA,0,nico,NA,NA
20220430,1,3,gorillas,abeeku,sleep_room,0,no,no,2,1,"kianga, kibara, diara, kumili, kio",daniel,inhibit_searched,1,NA,NA,2,3,1,NA,0,nico,hanling (new researcher) watched full session,NA
20220430,1,3,gorillas,abeeku,sleep_room,0,no,no,2,1,"kianga, kibara, diara, kumili, kio",daniel,inhibit_searched,2,NA,NA,3,2,1,NA,0,nico,NA,NA
20220430,1,3,gorillas,abeeku,sleep_room,0,no,no,2,1,"kianga, kibara, diara, kumili, kio",daniel,inhibit_searched,3,NA,NA,3,2,1,NA,0,nico,NA,NA
20220430,1,3,gorillas,abeeku,sleep_room,0,no,no,2,1,"kianga, kibara, diara, kumili, kio",daniel,inhibit_searched,4,NA,NA,3,1,2,NA,0,nico,NA,NA
20220430,1,3,gorillas,abeeku,sleep_room,0,no,no,2,1,"kianga, kibara, diara, kumili, kio",daniel,inhibit_searched,5,NA,NA,2,1,3,NA,0,nico,NA,NA
20220430,1,3,gorillas,abeeku,sleep_room,0,no,no,2,1,"kianga, kibara, diara, kumili, kio",daniel,inhibit_searched,6,NA,NA,3,1,2,NA,0,nico,NA,NA
20220430,1,3,gorillas,abeeku,sleep_room,0,no,no,2,1,"kianga, kibara, diara, kumili, kio",daniel,inhibit_searched,7,NA,NA,3,1,2,NA,0,nico,NA,NA
20220430,1,3,gorillas,abeeku,sleep_room,0,no,no,2,1,"kianga, kibara, diara, kumili, kio",daniel,inhibit_searched,8,NA,NA,3,1,2,NA,0,nico,NA,NA
20220430,1,3,gorillas,abeeku,sleep_room,0,no,no,2,1,"kianga, kibara, diara, kumili, kio",daniel,inhibit_searched,9,NA,NA,3,2,1,NA,0,nico,NA,NA
20220430,1,3,gorillas,kianga,sleep_room,0,no,no,4,3,"abeeku, kibara",daniel,inhibit_searched,1,NA,NA,1,1,2,NA,1,nico,hanling (new researcher) watched full session,NA
20220430,1,3,gorillas,kianga,sleep_room,0,no,no,4,3,"abeeku, kibara",daniel,inhibit_searched,2,NA,NA,1,2,2,NA,2,nico,NA,NA
20220430,1,3,gorillas,kianga,sleep_room,0,no,no,4,3,"abeeku, kibara",daniel,inhibit_searched,3,NA,NA,1,2,2,NA,1,nico,NA,NA
20220430,1,3,gorillas,kianga,sleep_room,0,no,no,4,3,"abeeku, kibara",daniel,inhibit_searched,4,NA,NA,1,2,2,NA,1,nico,NA,NA
20220430,1,3,gorillas,kianga,sleep_room,0,no,no,4,3,"abeeku, kibara",daniel,inhibit_searched,5,NA,NA,1,2,2,NA,1,nico,NA,NA
20220430,1,3,gorillas,kianga,sleep_room,0,no,no,4,3,"abeeku, kibara",daniel,inhibit_searched,6,NA,NA,1,2,2,NA,1,nico,NA,NA
20220430,1,3,gorillas,kianga,sleep_room,0,no,no,4,3,"abeeku, kibara",daniel,inhibit_searched,7,NA,NA,1,2,2,NA,1,nico,NA,NA
20220430,1,3,gorillas,kianga,sleep_room,0,no,no,4,3,"abeeku, kibara",daniel,inhibit_searched,8,NA,NA,1,1,2,NA,1,nico,NA,NA
20220430,1,3,gorillas,kianga,sleep_room,0,no,no,4,3,"abeeku, kibara",daniel,inhibit_searched,9,NA,NA,1,2,1,NA,1,nico,NA,NA
20220430,1,3,gorillas,kianga,sleep_room,0,no,no,4,3,"abeeku, kibara",daniel,inhibit_searched,10,NA,NA,1,2,2,NA,1,nico,NA,NA
20220430,1,3,gorillas,kianga,sleep_room,0,no,no,4,3,"abeeku, kibara",daniel,inhibit_searched,11,NA,NA,1,2,3,NA,0,nico,NA,NA
20220430,1,3,gorillas,kianga,sleep_room,0,no,no,4,3,"abeeku, kibara",daniel,inhibit_searched,12,NA,NA,2,2,3,NA,1,nico,NA,NA
20220430,1,3,gorillas,kibara,sleep_room,0,no,no,4,2,"abeeku, kianga",daniel,inhibit_searched,1,NA,NA,3,2,1,NA,0,nico,hanling (new researcher) watched full session,NA
20220430,1,3,gorillas,kibara,sleep_room,0,no,no,4,2,"abeeku, kianga",daniel,inhibit_searched,2,NA,NA,3,2,1,NA,0,nico,NA,NA
20220430,1,3,gorillas,kibara,sleep_room,0,no,no,4,2,"abeeku, kianga",daniel,inhibit_searched,3,NA,NA,3,2,1,NA,0,nico,NA,NA
20220430,1,3,gorillas,kibara,sleep_room,0,no,no,4,2,"abeeku, kianga",daniel,inhibit_searched,4,NA,NA,3,2,1,NA,0,nico,NA,NA
20220430,1,3,gorillas,kibara,sleep_room,0,no,no,4,2,"abeeku, kianga",daniel,inhibit_searched,5,NA,NA,3,2,1,NA,0,nico,NA,NA
20220430,1,3,gorillas,kibara,sleep_room,0,no,no,4,2,"abeeku, kianga",daniel,inhibit_searched,6,NA,NA,3,2,1,NA,0,nico,NA,NA
20220430,1,3,gorillas,kibara,sleep_room,0,no,no,4,2,"abeeku, kianga",daniel,inhibit_searched,7,NA,NA,3,2,1,NA,0,nico,NA,NA
20220430,1,3,gorillas,kibara,sleep_room,0,no,no,4,2,"abeeku, kianga",daniel,inhibit_searched,8,NA,NA,3,2,1,NA,0,nico,NA,NA
20220430,1,3,gorillas,kibara,sleep_room,0,no,no,4,2,"abeeku, kianga",daniel,inhibit_searched,9,NA,NA,3,2,1,NA,0,nico,NA,NA
20220430,1,3,gorillas,kibara,sleep_room,0,no,no,4,2,"abeeku, kianga",daniel,inhibit_searched,10,NA,NA,3,2,1,NA,0,nico,NA,NA
20220430,1,3,gorillas,kibara,sleep_room,0,no,no,4,2,"abeeku, kianga",daniel,inhibit_searched,11,NA,NA,3,2,1,NA,0,nico,NA,NA
20220430,1,3,gorillas,kibara,sleep_room,0,no,no,4,2,"abeeku, kianga",daniel,inhibit_searched,12,NA,NA,3,2,1,NA,0,nico,NA,NA
20220625,2,3,gorillas,kio,sleep_room,0,no,no,18,4,"abeeku, kumili, kibara, kianga, diara",nico,inhibit_searched,1,NA,NA,2,3,1,NA,0,nico,NA,NA
20220625,2,3,gorillas,kio,sleep_room,0,no,no,18,4,"abeeku, kumili, kibara, kianga, diara",nico,inhibit_searched,2,NA,NA,3,2,1,NA,0,nico,NA,NA
20220625,2,3,gorillas,kio,sleep_room,0,no,no,18,4,"abeeku, kumili, kibara, kianga, diara",nico,inhibit_searched,3,NA,NA,2,3,1,NA,0,nico,NA,NA
20220625,2,3,gorillas,kio,sleep_room,0,no,no,18,4,"abeeku, kumili, kibara, kianga, diara",nico,inhibit_searched,4,NA,NA,3,1,2,NA,0,nico,NA,NA
20220625,2,3,gorillas,kio,sleep_room,0,no,no,18,4,"abeeku, kumili, kibara, kianga, diara",nico,inhibit_searched,5,NA,NA,1,2,3,NA,0,nico,NA,NA
20220625,2,3,gorillas,kio,sleep_room,0,no,no,18,4,"abeeku, kumili, kibara, kianga, diara",nico,inhibit_searched,6,NA,NA,1,2,3,NA,0,nico,finger in mesh,NA
20220625,2,3,gorillas,kio,sleep_room,0,no,no,18,4,"abeeku, kumili, kibara, kianga, diara",nico,inhibit_searched,7,NA,NA,3,2,1,NA,0,nico,NA,NA
20220625,2,3,gorillas,kio,sleep_room,0,no,no,18,4,"abeeku, kumili, kibara, kianga, diara",nico,inhibit_searched,8,NA,NA,1,2,3,NA,0,nico,NA,NA
20220625,2,3,gorillas,kio,sleep_room,0,no,no,18,4,"abeeku, kumili, kibara, kianga, diara",nico,inhibit_searched,9,NA,NA,1,2,2,NA,1,nico,NA,NA
20220625,2,3,gorillas,kio,sleep_room,0,no,no,18,4,"abeeku, kumili, kibara, kianga, diara",nico,inhibit_searched,10,NA,NA,1,2,3,NA,0,nico,NA,NA
20220625,2,3,gorillas,kio,sleep_room,0,no,no,18,4,"abeeku, kumili, kibara, kianga, diara",nico,inhibit_searched,11,NA,NA,1,2,3,NA,0,nico,NA,NA
20220625,2,3,gorillas,kio,sleep_room,0,no,no,18,4,"abeeku, kumili, kibara, kianga, diara",nico,inhibit_searched,12,NA,NA,1,2,3,NA,0,nico,NA,NA
20220625,2,3,gorillas,kumili,sleep_room,0,no,no,18,2,"abeeku, kibara, kianga, kio, diara",nico,inhibit_searched,1,NA,NA,3,2,1,NA,0,nico,NA,NA
20220625,2,3,gorillas,kumili,sleep_room,0,no,no,18,2,"abeeku, kibara, kianga, kio, diara",nico,inhibit_searched,2,NA,NA,3,2,1,NA,0,nico,NA,NA
20220625,2,3,gorillas,kumili,sleep_room,0,no,no,18,2,"abeeku, kibara, kianga, kio, diara",nico,inhibit_searched,3,NA,NA,2,3,1,NA,0,nico,NA,NA
20220625,2,3,gorillas,kumili,sleep_room,0,no,no,18,2,"abeeku, kibara, kianga, kio, diara",nico,inhibit_searched,4,NA,NA,2,3,1,NA,0,nico,NA,NA
20220625,2,3,gorillas,kumili,sleep_room,0,no,no,18,2,"abeeku, kibara, kianga, kio, diara",nico,inhibit_searched,5,NA,NA,3,2,1,NA,0,nico,NA,NA
20220625,2,3,gorillas,kumili,sleep_room,0,no,no,18,2,"abeeku, kibara, kianga, kio, diara",nico,inhibit_searched,6,NA,NA,3,2,1,NA,0,nico,NA,NA
20220625,2,3,gorillas,kumili,sleep_room,0,no,no,18,2,"abeeku, kibara, kianga, kio, diara",nico,inhibit_searched,7,NA,NA,2,3,1,NA,0,nico,NA,NA
20220625,2,3,gorillas,kumili,sleep_room,0,no,no,18,2,"abeeku, kibara, kianga, kio, diara",nico,inhibit_searched,8,NA,NA,3,2,1,NA,0,nico,NA,NA
20220625,2,3,gorillas,kumili,sleep_room,0,no,no,18,2,"abeeku, kibara, kianga, kio, diara",nico,inhibit_searched,9,NA,NA,3,2,1,NA,0,nico,NA,NA
20220625,2,3,gorillas,kumili,sleep_room,0,no,no,18,2,"abeeku, kibara, kianga, kio, diara",nico,inhibit_searched,10,NA,NA,3,2,1,NA,0,nico,NA,NA
20220625,2,3,gorillas,kumili,sleep_room,0,no,no,18,2,"abeeku, kibara, kianga, kio, diara",nico,inhibit_searched,11,NA,NA,2,3,1,NA,0,nico,NA,NA
20220625,2,3,gorillas,kumili,sleep_room,0,no,no,18,2,"abeeku, kibara, kianga, kio, diara",nico,inhibit_searched,12,NA,NA,2,3,1,NA,0,nico,NA,NA
20220625,2,3,gorillas,diara,sleep_room,0,no,no,18,3,"abeeku, kumili, kibara, kianga, kio",nico,inhibit_searched,1,NA,NA,2,3,1,NA,0,nico,NA,NA
20220625,2,3,gorillas,diara,sleep_room,0,no,no,18,3,"abeeku, kumili, kibara, kianga, kio",nico,inhibit_searched,2,NA,NA,3,2,1,NA,0,nico,NA,NA
20220625,2,3,gorillas,diara,sleep_room,0,no,no,18,3,"abeeku, kumili, kibara, kianga, kio",nico,inhibit_searched,3,NA,NA,3,2,1,NA,0,nico,NA,NA
20220625,2,3,gorillas,diara,sleep_room,0,no,no,18,3,"abeeku, kumili, kibara, kianga, kio",nico,inhibit_searched,4,NA,NA,3,2,1,NA,0,nico,NA,NA
20220625,2,3,gorillas,diara,sleep_room,0,no,no,18,3,"abeeku, kumili, kibara, kianga, kio",nico,inhibit_searched,5,NA,NA,3,2,1,NA,0,nico,NA,NA
20220625,2,3,gorillas,diara,sleep_room,0,no,no,18,3,"abeeku, kumili, kibara, kianga, kio",nico,inhibit_searched,6,NA,NA,3,2,1,NA,0,nico,NA,NA
20220625,2,3,gorillas,diara,sleep_room,0,no,no,18,3,"abeeku, kumili, kibara, kianga, kio",nico,inhibit_searched,7,NA,NA,3,2,1,NA,0,nico,NA,NA
20220625,2,3,gorillas,diara,sleep_room,0,no,no,18,3,"abeeku, kumili, kibara, kianga, kio",nico,inhibit_searched,8,NA,NA,3,2,1,NA,0,nico,NA,NA
20220625,2,3,gorillas,diara,sleep_room,0,no,no,18,3,"abeeku, kumili, kibara, kianga, kio",nico,inhibit_searched,9,NA,NA,3,2,1,NA,0,nico,NA,NA
20220625,2,3,gorillas,diara,sleep_room,0,no,no,18,3,"abeeku, kumili, kibara, kianga, kio",nico,inhibit_searched,10,NA,NA,3,2,1,NA,0,nico,NA,NA
20220625,2,3,gorillas,diara,sleep_room,0,no,no,18,3,"abeeku, kumili, kibara, kianga, kio",nico,inhibit_searched,11,NA,NA,3,2,1,NA,0,nico,NA,NA
20220625,2,3,gorillas,diara,sleep_room,0,no,no,18,3,"abeeku, kumili, kibara, kianga, kio",nico,inhibit_searched,12,NA,NA,3,2,1,NA,0,nico,NA,NA
20220625,2,3,gorillas,abeeku,sleep_room,0,no,no,18,1,"kumili, kio, kianga, kibara, diara",nico,inhibit_searched,1,NA,NA,2,3,1,NA,0,nico,NA,NA
20220625,2,3,gorillas,abeeku,sleep_room,0,no,no,18,1,"kumili, kio, kianga, kibara, diara",nico,inhibit_searched,3,NA,NA,2,3,1,NA,0,nico,NA,NA
20220625,2,3,gorillas,abeeku,sleep_room,0,no,no,18,1,"kumili, kio, kianga, kibara, diara",nico,inhibit_searched,4,NA,NA,2,3,1,NA,0,nico,NA,NA
20220625,2,3,gorillas,abeeku,sleep_room,0,no,no,18,1,"kumili, kio, kianga, kibara, diara",nico,inhibit_searched,5,NA,NA,2,1,3,NA,0,nico,NA,NA
20220625,2,3,gorillas,abeeku,sleep_room,0,no,no,18,1,"kumili, kio, kianga, kibara, diara",nico,inhibit_searched,6,NA,NA,2,1,3,NA,0,nico,NA,NA
20220625,2,3,gorillas,abeeku,sleep_room,0,no,no,18,1,"kumili, kio, kianga, kibara, diara",nico,inhibit_searched,7,NA,NA,1,3,2,NA,0,nico,NA,NA
20220625,2,3,gorillas,abeeku,sleep_room,0,no,no,18,1,"kumili, kio, kianga, kibara, diara",nico,inhibit_searched,8,NA,NA,2,1,3,NA,0,nico,NA,NA
20220625,2,3,gorillas,abeeku,sleep_room,0,no,no,18,1,"kumili, kio, kianga, kibara, diara",nico,inhibit_searched,9,NA,NA,3,2,1,NA,0,nico,NA,NA
20220625,2,3,gorillas,abeeku,sleep_room,0,no,no,18,1,"kumili, kio, kianga, kibara, diara",nico,inhibit_searched,10,NA,NA,1,3,2,NA,0,nico,NA,NA
20220625,2,3,gorillas,abeeku,sleep_room,0,no,no,18,1,"kumili, kio, kianga, kibara, diara",nico,inhibit_searched,11,NA,NA,3,2,1,NA,0,nico,NA,NA
20220625,2,3,gorillas,abeeku,sleep_room,0,no,no,18,1,"kumili, kio, kianga, kibara, diara",nico,inhibit_searched,12,NA,NA,3,2,1,NA,0,nico,NA,NA
20220625,2,3,gorillas,kianga,sleep_room,0,no,no,18,4,"kibara, abeeku",nico,inhibit_searched,1,NA,NA,1,1,2,NA,1,nico,NA,NA
20220625,2,3,gorillas,kianga,sleep_room,0,no,no,18,4,"kibara, abeeku",nico,inhibit_searched,2,NA,NA,1,2,2,NA,1,nico,NA,NA
20220625,2,3,gorillas,kianga,sleep_room,0,no,no,18,4,"kibara, abeeku",nico,inhibit_searched,3,NA,NA,1,2,2,NA,1,nico,finger in mesh,NA
20220625,2,3,gorillas,kianga,sleep_room,0,no,no,18,4,"kibara, abeeku",nico,inhibit_searched,4,NA,NA,1,2,2,NA,1,nico,finger in mesh,NA
20220625,2,3,gorillas,kianga,sleep_room,0,no,no,18,4,"kibara, abeeku",nico,inhibit_searched,5,NA,NA,1,1,2,NA,1,nico,NA,NA
20220625,2,3,gorillas,kianga,sleep_room,0,no,no,18,4,"kibara, abeeku",nico,inhibit_searched,6,NA,NA,1,2,2,NA,1,nico,NA,NA
20220625,2,3,gorillas,kianga,sleep_room,0,no,no,18,4,"kibara, abeeku",nico,inhibit_searched,7,NA,NA,3,2,2,NA,1,nico,NA,NA
20220625,2,3,gorillas,kianga,sleep_room,0,no,no,18,4,"kibara, abeeku",nico,inhibit_searched,8,NA,NA,1,2,2,NA,1,nico,finger in mesh,NA
20220625,2,3,gorillas,kianga,sleep_room,0,no,no,18,4,"kibara, abeeku",nico,inhibit_searched,9,NA,NA,3,2,2,NA,1,nico,NA,NA
20220625,2,3,gorillas,kianga,sleep_room,0,no,no,18,4,"kibara, abeeku",nico,inhibit_searched,10,NA,NA,2,2,1,NA,1,nico,ambiguous pointing,NA
20220625,2,3,gorillas,kianga,sleep_room,0,no,no,18,4,"kibara, abeeku",nico,inhibit_searched,11,NA,NA,1,2,2,NA,1,nico,NA,NA
20220625,2,3,gorillas,kianga,sleep_room,0,no,no,18,4,"kibara, abeeku",nico,inhibit_searched,12,NA,NA,2,3,2,NA,1,nico,NA,NA
20220625,2,3,gorillas,kibara,sleep_room,0,no,no,18,2,"abeeku, kianga",nico,inhibit_searched,1,NA,NA,3,1,2,NA,0,nico,NA,NA
20220625,2,3,gorillas,kibara,sleep_room,0,no,no,18,2,"abeeku, kianga",nico,inhibit_searched,2,NA,NA,3,1,2,NA,0,nico,NA,NA
20220625,2,3,gorillas,kibara,sleep_room,0,no,no,18,2,"abeeku, kianga",nico,inhibit_searched,3,NA,NA,3,1,2,NA,0,nico,NA,NA
20220625,2,3,gorillas,kibara,sleep_room,0,no,no,18,2,"abeeku, kianga",nico,inhibit_searched,4,NA,NA,1,2,3,NA,0,nico,NA,NA
20220625,2,3,gorillas,kibara,sleep_room,0,no,no,18,2,"abeeku, kianga",nico,inhibit_searched,5,NA,NA,1,2,3,NA,0,nico,NA,NA
20220625,2,3,gorillas,kibara,sleep_room,0,no,no,18,2,"abeeku, kianga",nico,inhibit_searched,6,NA,NA,3,1,2,NA,0,nico,NA,NA
20220625,2,3,gorillas,kibara,sleep_room,0,no,no,18,2,"abeeku, kianga",nico,inhibit_searched,7,NA,NA,1,2,3,NA,0,nico,NA,NA
20220625,2,3,gorillas,kibara,sleep_room,0,no,no,18,2,"abeeku, kianga",nico,inhibit_searched,8,NA,NA,3,1,2,NA,0,nico,NA,NA
20220625,2,3,gorillas,kibara,sleep_room,0,no,no,18,2,"abeeku, kianga",nico,inhibit_searched,9,NA,NA,1,2,3,NA,0,nico,NA,NA
20220625,2,3,gorillas,kibara,sleep_room,0,no,no,18,2,"abeeku, kianga",nico,inhibit_searched,10,NA,NA,1,2,3,NA,0,nico,NA,NA
20220625,2,3,gorillas,kibara,sleep_room,0,no,no,18,2,"abeeku, kianga",nico,inhibit_searched,11,NA,NA,1,2,3,NA,0,nico,NA,NA
20220625,2,3,gorillas,kibara,sleep_room,0,no,no,18,2,"abeeku, kianga",nico,inhibit_searched,12,NA,NA,1,2,3,NA,0,nico,NA,NA
20220819,3,3,gorillas,kio,sleep_room,0,no,no,13,4,"kumili, abeeku, kianga, kibara, diara",inga,inhibit_searched,1,NA,NA,3,2,1,NA,0,nico,NA,NA
20220819,3,3,gorillas,kio,sleep_room,0,no,no,13,4,"kumili, abeeku, kianga, kibara, diara",inga,inhibit_searched,2,NA,NA,3,2,1,NA,0,nico,NA,NA
20220819,3,3,gorillas,kio,sleep_room,0,no,no,13,4,"kumili, abeeku, kianga, kibara, diara",inga,inhibit_searched,3,NA,NA,3,2,1,NA,0,nico,NA,NA
20220819,3,3,gorillas,kio,sleep_room,0,no,no,13,4,"kumili, abeeku, kianga, kibara, diara",inga,inhibit_searched,4,NA,NA,3,2,1,NA,0,nico,NA,NA
20220819,3,3,gorillas,kio,sleep_room,0,no,no,13,4,"kumili, abeeku, kianga, kibara, diara",inga,inhibit_searched,5,NA,NA,3,2,1,NA,0,nico,NA,NA
20220819,3,3,gorillas,kio,sleep_room,0,no,no,13,4,"kumili, abeeku, kianga, kibara, diara",inga,inhibit_searched,6,NA,NA,1,2,3,NA,0,nico,NA,NA
20220819,3,3,gorillas,kio,sleep_room,0,no,no,13,4,"kumili, abeeku, kianga, kibara, diara",inga,inhibit_searched,7,NA,NA,1,2,3,NA,0,nico,NA,NA
20220819,3,3,gorillas,kio,sleep_room,0,no,no,13,4,"kumili, abeeku, kianga, kibara, diara",inga,inhibit_searched,8,NA,NA,1,2,3,NA,0,nico,NA,NA
20220819,3,3,gorillas,kio,sleep_room,0,no,no,13,4,"kumili, abeeku, kianga, kibara, diara",inga,inhibit_searched,9,NA,NA,1,2,3,NA,0,nico,NA,NA
20220819,3,3,gorillas,kio,sleep_room,0,no,no,13,4,"kumili, abeeku, kianga, kibara, diara",inga,inhibit_searched,10,NA,NA,1,2,3,NA,0,nico,NA,NA
20220819,3,3,gorillas,kio,sleep_room,0,no,no,13,4,"kumili, abeeku, kianga, kibara, diara",inga,inhibit_searched,11,NA,NA,3,2,1,NA,0,nico,NA,NA
20220819,3,3,gorillas,kio,sleep_room,0,no,no,13,4,"kumili, abeeku, kianga, kibara, diara",inga,inhibit_searched,12,NA,NA,1,2,3,NA,0,nico,NA,NA
20220819,3,3,gorillas,kumili,sleep_room,0,no,no,10,2,"abeeku, diara, kio, kianga, kibara",inga,inhibit_searched,1,NA,NA,3,1,2,NA,0,nico,NA,NA
20220819,3,3,gorillas,kumili,sleep_room,0,no,no,10,2,"abeeku, diara, kio, kianga, kibara",inga,inhibit_searched,2,NA,NA,3,2,1,NA,0,nico,NA,NA
20220819,3,3,gorillas,kumili,sleep_room,0,no,no,10,2,"abeeku, diara, kio, kianga, kibara",inga,inhibit_searched,3,NA,NA,3,2,1,NA,0,nico,NA,NA
20220819,3,3,gorillas,kumili,sleep_room,0,no,no,10,2,"abeeku, diara, kio, kianga, kibara",inga,inhibit_searched,4,NA,NA,3,2,1,NA,0,nico,NA,NA
20220819,3,3,gorillas,kumili,sleep_room,0,no,no,10,2,"abeeku, diara, kio, kianga, kibara",inga,inhibit_searched,5,NA,NA,3,2,1,NA,0,nico,NA,NA
20220819,3,3,gorillas,kumili,sleep_room,0,no,no,10,2,"abeeku, diara, kio, kianga, kibara",inga,inhibit_searched,6,NA,NA,3,2,1,NA,0,nico,NA,NA
20220819,3,3,gorillas,kumili,sleep_room,0,no,no,10,2,"abeeku, diara, kio, kianga, kibara",inga,inhibit_searched,7,NA,NA,3,2,1,NA,0,nico,NA,NA
20220819,3,3,gorillas,kumili,sleep_room,0,no,no,10,2,"abeeku, diara, kio, kianga, kibara",inga,inhibit_searched,8,NA,NA,3,2,1,NA,0,nico,NA,NA
20220819,3,3,gorillas,kumili,sleep_room,0,no,no,10,2,"abeeku, diara, kio, kianga, kibara",inga,inhibit_searched,9,NA,NA,3,2,1,NA,0,nico,NA,NA
20220819,3,3,gorillas,kumili,sleep_room,0,no,no,10,2,"abeeku, diara, kio, kianga, kibara",inga,inhibit_searched,10,NA,NA,3,2,1,NA,0,nico,NA,NA
20220819,3,3,gorillas,kumili,sleep_room,0,no,no,10,2,"abeeku, diara, kio, kianga, kibara",inga,inhibit_searched,11,NA,NA,3,2,1,NA,0,nico,NA,NA
20220819,3,3,gorillas,kumili,sleep_room,0,no,no,10,2,"abeeku, diara, kio, kianga, kibara",inga,inhibit_searched,12,NA,NA,3,2,1,NA,0,nico,NA,NA
20220819,3,3,gorillas,diara,sleep_room,0,no,no,13,3,"abeeku, kianga, kumili, kibara, kio",inga,inhibit_searched,1,NA,NA,3,2,1,NA,0,nico,NA,NA
20220819,3,3,gorillas,diara,sleep_room,0,no,no,13,3,"abeeku, kianga, kumili, kibara, kio",inga,inhibit_searched,2,NA,NA,3,2,1,NA,0,nico,NA,NA
20220819,3,3,gorillas,diara,sleep_room,0,no,no,13,3,"abeeku, kianga, kumili, kibara, kio",inga,inhibit_searched,3,NA,NA,3,2,1,NA,0,nico,NA,NA
20220819,3,3,gorillas,diara,sleep_room,0,no,no,13,3,"abeeku, kianga, kumili, kibara, kio",inga,inhibit_searched,4,NA,NA,3,2,1,NA,0,nico,NA,NA
20220819,3,3,gorillas,diara,sleep_room,0,no,no,13,3,"abeeku, kianga, kumili, kibara, kio",inga,inhibit_searched,5,NA,NA,3,2,1,NA,0,nico,NA,NA
20220819,3,3,gorillas,diara,sleep_room,0,no,no,13,3,"abeeku, kianga, kumili, kibara, kio",inga,inhibit_searched,6,NA,NA,3,2,1,NA,0,nico,NA,NA
20220819,3,3,gorillas,diara,sleep_room,0,no,no,13,3,"abeeku, kianga, kumili, kibara, kio",inga,inhibit_searched,7,NA,NA,3,2,1,NA,0,nico,NA,NA
20220819,3,3,gorillas,diara,sleep_room,0,no,no,13,3,"abeeku, kianga, kumili, kibara, kio",inga,inhibit_searched,8,NA,NA,3,2,1,NA,0,nico,NA,NA
20220819,3,3,gorillas,diara,sleep_room,0,no,no,13,3,"abeeku, kianga, kumili, kibara, kio",inga,inhibit_searched,9,NA,NA,3,2,1,NA,0,nico,NA,NA
20220819,3,3,gorillas,diara,sleep_room,0,no,no,13,3,"abeeku, kianga, kumili, kibara, kio",inga,inhibit_searched,10,NA,NA,3,2,1,NA,0,nico,NA,NA
20220819,3,3,gorillas,diara,sleep_room,0,no,no,13,3,"abeeku, kianga, kumili, kibara, kio",inga,inhibit_searched,11,NA,NA,3,2,1,NA,0,nico,NA,NA
20220819,3,3,gorillas,diara,sleep_room,0,no,no,13,3,"abeeku, kianga, kumili, kibara, kio",inga,inhibit_searched,12,NA,NA,3,2,1,NA,0,nico,NA,NA
20220819,3,3,gorillas,abeeku,sleep_room,0,no,no,10,1,"kianga, kibara, kio, kumili, diara",inga,inhibit_searched,1,NA,NA,1,3,2,NA,0,nico,finger in mesh,NA
20220819,3,3,gorillas,abeeku,sleep_room,0,no,no,10,1,"kianga, kibara, kio, kumili, diara",inga,inhibit_searched,2,NA,NA,1,3,2,NA,0,nico,NA,NA
20220819,3,3,gorillas,abeeku,sleep_room,0,no,no,10,1,"kianga, kibara, kio, kumili, diara",inga,inhibit_searched,3,NA,NA,1,3,2,NA,0,nico,NA,NA
20220819,3,3,gorillas,abeeku,sleep_room,0,no,no,10,1,"kianga, kibara, kio, kumili, diara",inga,inhibit_searched,4,NA,NA,1,3,2,NA,0,nico,NA,NA
20220819,3,3,gorillas,abeeku,sleep_room,0,no,no,10,1,"kianga, kibara, kio, kumili, diara",inga,inhibit_searched,5,NA,NA,3,1,2,NA,0,nico,NA,NA
20220819,3,3,gorillas,abeeku,sleep_room,0,no,no,10,1,"kianga, kibara, kio, kumili, diara",inga,inhibit_searched,6,NA,NA,2,1,3,NA,0,nico,NA,NA
20220819,3,3,gorillas,abeeku,sleep_room,0,no,no,10,1,"kianga, kibara, kio, kumili, diara",inga,inhibit_searched,7,NA,NA,1,3,2,NA,0,nico,NA,NA
20220819,3,3,gorillas,abeeku,sleep_room,0,no,no,10,1,"kianga, kibara, kio, kumili, diara",inga,inhibit_searched,8,NA,NA,2,1,3,NA,0,nico,NA,NA
20220819,3,3,gorillas,abeeku,sleep_room,0,no,no,10,1,"kianga, kibara, kio, kumili, diara",inga,inhibit_searched,9,NA,NA,3,2,1,NA,0,nico,NA,NA
20220819,3,3,gorillas,abeeku,sleep_room,0,no,no,10,1,"kianga, kibara, kio, kumili, diara",inga,inhibit_searched,10,NA,NA,1,3,2,NA,0,nico,NA,NA
20220819,3,3,gorillas,abeeku,sleep_room,0,no,no,10,1,"kianga, kibara, kio, kumili, diara",inga,inhibit_searched,11,NA,NA,2,1,3,NA,0,nico,NA,NA
20220819,3,3,gorillas,abeeku,sleep_room,0,no,no,10,1,"kianga, kibara, kio, kumili, diara",inga,inhibit_searched,12,NA,NA,3,2,1,NA,0,nico,NA,NA
20220819,3,3,gorillas,kianga,sleep_room,0,no,no,14,4,"kibara, abeeku",inga,inhibit_searched,1,NA,NA,1,1,2,NA,1,nico,NA,NA
20220819,3,3,gorillas,kianga,sleep_room,0,no,no,14,4,"kibara, abeeku",inga,inhibit_searched,2,NA,NA,1,1,2,NA,1,nico,NA,NA
20220819,3,3,gorillas,kianga,sleep_room,0,no,no,14,4,"kibara, abeeku",inga,inhibit_searched,3,NA,NA,1,1,2,NA,1,nico,NA,NA
20220819,3,3,gorillas,kianga,sleep_room,0,no,no,14,4,"kibara, abeeku",inga,inhibit_searched,4,NA,NA,3,2,2,NA,1,nico,NA,NA
20220819,3,3,gorillas,kianga,sleep_room,0,no,no,14,4,"kibara, abeeku",inga,inhibit_searched,5,NA,NA,1,2,1,NA,1,nico,NA,NA
20220819,3,3,gorillas,kianga,sleep_room,0,no,no,14,4,"kibara, abeeku",inga,inhibit_searched,6,NA,NA,1,2,2,NA,1,nico,NA,NA
20220819,3,3,gorillas,kianga,sleep_room,0,no,no,14,4,"kibara, abeeku",inga,inhibit_searched,7,NA,NA,1,2,3,NA,0,nico,NA,NA
20220819,3,3,gorillas,kianga,sleep_room,0,no,no,14,4,"kibara, abeeku",inga,inhibit_searched,8,NA,NA,2,3,2,NA,1,nico,NA,NA
20220819,3,3,gorillas,kianga,sleep_room,0,no,no,14,4,"kibara, abeeku",inga,inhibit_searched,9,NA,NA,1,2,2,NA,1,nico,NA,NA
20220819,3,3,gorillas,kianga,sleep_room,0,no,no,14,4,"kibara, abeeku",inga,inhibit_searched,10,NA,NA,2,2,3,NA,1,nico,NA,NA
20220819,3,3,gorillas,kianga,sleep_room,0,no,no,14,4,"kibara, abeeku",inga,inhibit_searched,11,NA,NA,2,2,3,NA,1,nico,NA,NA
20220819,3,3,gorillas,kianga,sleep_room,0,no,no,14,4,"kibara, abeeku",inga,inhibit_searched,12,NA,NA,2,1,2,NA,1,nico,NA,NA
20220819,3,3,gorillas,kibara,sleep_room,0,no,no,10,2,"kianga, abeeku",inga,inhibit_searched,1,NA,NA,3,1,2,NA,0,nico,NA,NA
20220819,3,3,gorillas,kibara,sleep_room,0,no,no,10,2,"kianga, abeeku",inga,inhibit_searched,2,NA,NA,3,2,1,NA,0,nico,NA,NA
20220819,3,3,gorillas,kibara,sleep_room,0,no,no,10,2,"kianga, abeeku",inga,inhibit_searched,3,NA,NA,3,2,1,NA,0,nico,NA,NA
20220819,3,3,gorillas,kibara,sleep_room,0,no,no,10,2,"kianga, abeeku",inga,inhibit_searched,4,NA,NA,3,2,1,NA,0,nico,NA,NA
20220819,3,3,gorillas,kibara,sleep_room,0,no,no,10,2,"kianga, abeeku",inga,inhibit_searched,5,NA,NA,1,3,2,NA,0,nico,NA,NA
20220819,3,3,gorillas,kibara,sleep_room,0,no,no,10,2,"kianga, abeeku",inga,inhibit_searched,6,NA,NA,1,3,2,NA,0,nico,NA,NA
20220819,3,3,gorillas,kibara,sleep_room,0,no,no,10,2,"kianga, abeeku",inga,inhibit_searched,7,NA,NA,1,3,2,NA,0,nico,NA,NA
20220819,3,3,gorillas,kibara,sleep_room,0,no,no,10,2,"kianga, abeeku",inga,inhibit_searched,8,NA,NA,2,1,3,NA,0,nico,NA,NA
20220819,3,3,gorillas,kibara,sleep_room,0,no,no,10,2,"kianga, abeeku",inga,inhibit_searched,9,NA,NA,1,2,3,NA,0,nico,NA,NA
20220819,3,3,gorillas,kibara,sleep_room,0,no,no,10,2,"kianga, abeeku",inga,inhibit_searched,10,NA,NA,1,2,3,NA,0,nico,NA,NA
20220819,3,3,gorillas,kibara,sleep_room,0,no,no,10,2,"kianga, abeeku",inga,inhibit_searched,11,NA,NA,2,1,3,NA,0,nico,NA,NA
20220819,3,3,gorillas,kibara,sleep_room,0,no,no,10,2,"kianga, abeeku",inga,inhibit_searched,12,NA,NA,1,3,2,NA,0,nico,NA,NA
20221009,4,3,gorillas,kio,sleep_room,0,no,no,4,4,"kumili, abeeku, kianga, kibara, diara",manuela,inhibit_searched,1,NA,NA,3,2,1,NA,0,nico,NA,NA
20221009,4,3,gorillas,kio,sleep_room,0,no,no,4,4,"kumili, abeeku, kianga, kibara, diara",manuela,inhibit_searched,2,NA,NA,1,2,3,NA,0,nico,NA,NA
20221009,4,3,gorillas,kio,sleep_room,0,no,no,4,4,"kumili, abeeku, kianga, kibara, diara",manuela,inhibit_searched,3,NA,NA,3,2,1,NA,0,nico,NA,NA
20221009,4,3,gorillas,kio,sleep_room,0,no,no,4,4,"kumili, abeeku, kianga, kibara, diara",manuela,inhibit_searched,4,NA,NA,3,2,1,NA,0,nico,NA,NA
20221009,4,3,gorillas,kio,sleep_room,0,no,no,4,4,"kumili, abeeku, kianga, kibara, diara",manuela,inhibit_searched,5,NA,NA,1,2,3,NA,0,nico,NA,NA
20221009,4,3,gorillas,kio,sleep_room,0,no,no,4,4,"kumili, abeeku, kianga, kibara, diara",manuela,inhibit_searched,6,NA,NA,1,2,3,NA,0,nico,NA,NA
20221009,4,3,gorillas,kio,sleep_room,0,no,no,4,4,"kumili, abeeku, kianga, kibara, diara",manuela,inhibit_searched,7,NA,NA,3,1,2,NA,0,nico,NA,NA
20221009,4,3,gorillas,kio,sleep_room,0,no,no,4,4,"kumili, abeeku, kianga, kibara, diara",manuela,inhibit_searched,8,NA,NA,1,2,3,NA,0,nico,NA,NA
20221009,4,3,gorillas,kio,sleep_room,0,no,no,4,4,"kumili, abeeku, kianga, kibara, diara",manuela,inhibit_searched,9,NA,NA,1,2,3,NA,0,nico,NA,NA
20221009,4,3,gorillas,kio,sleep_room,0,no,no,4,4,"kumili, abeeku, kianga, kibara, diara",manuela,inhibit_searched,10,NA,NA,3,1,2,NA,0,nico,NA,NA
20221009,4,3,gorillas,kio,sleep_room,0,no,no,4,4,"kumili, abeeku, kianga, kibara, diara",manuela,inhibit_searched,11,NA,NA,1,2,3,NA,0,nico,NA,NA
20221009,4,3,gorillas,kio,sleep_room,0,no,no,4,4,"kumili, abeeku, kianga, kibara, diara",manuela,inhibit_searched,12,NA,NA,1,2,3,NA,0,nico,NA,NA
20221009,4,3,gorillas,kumili,sleep_room,0,no,no,2,2,"abeeku, diara, kio, kianga, kibara",manuela,inhibit_searched,1,NA,NA,2,1,3,NA,0,nico,NA,NA
20221009,4,3,gorillas,kumili,sleep_room,0,no,no,2,2,"abeeku, diara, kio, kianga, kibara",manuela,inhibit_searched,2,NA,NA,3,2,1,NA,0,nico,NA,NA
20221009,4,3,gorillas,kumili,sleep_room,0,no,no,2,2,"abeeku, diara, kio, kianga, kibara",manuela,inhibit_searched,3,NA,NA,3,2,1,NA,0,nico,NA,NA
20221009,4,3,gorillas,kumili,sleep_room,0,no,no,2,2,"abeeku, diara, kio, kianga, kibara",manuela,inhibit_searched,4,NA,NA,3,2,1,NA,0,nico,NA,NA
20221009,4,3,gorillas,kumili,sleep_room,0,no,no,2,2,"abeeku, diara, kio, kianga, kibara",manuela,inhibit_searched,5,NA,NA,3,2,1,NA,0,nico,NA,NA
20221009,4,3,gorillas,kumili,sleep_room,0,no,no,2,2,"abeeku, diara, kio, kianga, kibara",manuela,inhibit_searched,6,NA,NA,2,3,1,NA,0,nico,NA,NA
20221009,4,3,gorillas,kumili,sleep_room,0,no,no,2,2,"abeeku, diara, kio, kianga, kibara",manuela,inhibit_searched,7,NA,NA,3,2,1,NA,0,nico,NA,NA
20221009,4,3,gorillas,kumili,sleep_room,0,no,no,2,2,"abeeku, diara, kio, kianga, kibara",manuela,inhibit_searched,8,NA,NA,3,2,1,NA,0,nico,NA,NA
20221009,4,3,gorillas,kumili,sleep_room,0,no,no,2,2,"abeeku, diara, kio, kianga, kibara",manuela,inhibit_searched,9,NA,NA,3,2,1,NA,0,nico,NA,NA
20221009,4,3,gorillas,kumili,sleep_room,0,no,no,2,2,"abeeku, diara, kio, kianga, kibara",manuela,inhibit_searched,10,NA,NA,3,2,1,NA,0,nico,NA,NA
20221009,4,3,gorillas,kumili,sleep_room,0,no,no,2,2,"abeeku, diara, kio, kianga, kibara",manuela,inhibit_searched,11,NA,NA,3,2,1,NA,0,nico,NA,NA
20221009,4,3,gorillas,kumili,sleep_room,0,no,no,2,2,"abeeku, diara, kio, kianga, kibara",manuela,inhibit_searched,12,NA,NA,3,2,1,NA,0,nico,NA,NA
20221009,4,3,gorillas,diara,sleep_room,0,no,no,4,3,"abeeku, kianga, kumili, kibara, kio",manuela,inhibit_searched,1,NA,NA,3,2,1,NA,0,nico,NA,NA
20221009,4,3,gorillas,diara,sleep_room,0,no,no,4,3,"abeeku, kianga, kumili, kibara, kio",manuela,inhibit_searched,2,NA,NA,3,2,1,NA,0,nico,NA,NA
20221009,4,3,gorillas,diara,sleep_room,0,no,no,4,3,"abeeku, kianga, kumili, kibara, kio",manuela,inhibit_searched,3,NA,NA,3,2,1,NA,0,nico,NA,NA
20221009,4,3,gorillas,diara,sleep_room,0,no,no,4,3,"abeeku, kianga, kumili, kibara, kio",manuela,inhibit_searched,4,NA,NA,3,2,1,NA,0,nico,NA,NA
20221009,4,3,gorillas,diara,sleep_room,0,no,no,4,3,"abeeku, kianga, kumili, kibara, kio",manuela,inhibit_searched,5,NA,NA,3,2,1,NA,0,nico,NA,NA
20221009,4,3,gorillas,diara,sleep_room,0,no,no,4,3,"abeeku, kianga, kumili, kibara, kio",manuela,inhibit_searched,6,NA,NA,3,2,1,NA,0,nico,NA,NA
20221009,4,3,gorillas,diara,sleep_room,0,no,no,4,3,"abeeku, kianga, kumili, kibara, kio",manuela,inhibit_searched,7,NA,NA,3,2,1,NA,0,nico,NA,NA
20221009,4,3,gorillas,diara,sleep_room,0,no,no,4,3,"abeeku, kianga, kumili, kibara, kio",manuela,inhibit_searched,8,NA,NA,3,2,1,NA,0,nico,NA,NA
20221009,4,3,gorillas,diara,sleep_room,0,no,no,4,3,"abeeku, kianga, kumili, kibara, kio",manuela,inhibit_searched,9,NA,NA,3,2,1,NA,0,nico,NA,NA
20221009,4,3,gorillas,diara,sleep_room,0,no,no,4,3,"abeeku, kianga, kumili, kibara, kio",manuela,inhibit_searched,10,NA,NA,3,2,1,NA,0,nico,NA,NA
20221009,4,3,gorillas,diara,sleep_room,0,no,no,4,3,"abeeku, kianga, kumili, kibara, kio",manuela,inhibit_searched,11,NA,NA,3,2,1,NA,0,nico,NA,NA
20221009,4,3,gorillas,diara,sleep_room,0,no,no,4,3,"abeeku, kianga, kumili, kibara, kio",manuela,inhibit_searched,12,NA,NA,3,2,1,NA,0,nico,NA,NA
20221009,4,3,gorillas,abeeku,sleep_room,0,no,no,0,1,"kianga, kibara",manuela,inhibit_searched,1,NA,NA,2,3,1,NA,0,nico,NA,NA
20221009,4,3,gorillas,abeeku,sleep_room,0,no,no,0,1,"kianga, kibara",manuela,inhibit_searched,2,NA,NA,2,1,3,NA,0,nico,NA,NA
20221009,4,3,gorillas,abeeku,sleep_room,0,no,no,0,1,"kianga, kibara",manuela,inhibit_searched,3,NA,NA,3,1,2,NA,0,nico,NA,NA
20221009,4,3,gorillas,abeeku,sleep_room,0,no,no,0,1,"kianga, kibara",manuela,inhibit_searched,4,NA,NA,2,1,3,NA,0,nico,NA,NA
20221009,4,3,gorillas,abeeku,sleep_room,0,no,no,0,1,"kianga, kibara",manuela,inhibit_searched,5,NA,NA,2,1,3,NA,0,nico,NA,NA
20221009,4,3,gorillas,abeeku,sleep_room,0,no,no,0,1,"kianga, kibara",manuela,inhibit_searched,6,NA,NA,2,1,3,NA,0,nico,NA,NA
20221009,4,3,gorillas,abeeku,sleep_room,0,no,no,0,1,"kianga, kibara",manuela,inhibit_searched,7,NA,NA,2,1,3,NA,0,nico,NA,NA
20221009,4,3,gorillas,abeeku,sleep_room,0,no,no,0,1,"kianga, kibara",manuela,inhibit_searched,8,NA,NA,2,1,3,NA,0,nico,NA,NA
20221009,4,3,gorillas,abeeku,sleep_room,0,no,no,0,1,"kianga, kibara",manuela,inhibit_searched,9,NA,NA,3,1,2,NA,0,nico,NA,NA
20221009,4,3,gorillas,abeeku,sleep_room,0,no,no,0,1,"kianga, kibara",manuela,inhibit_searched,10,NA,NA,3,2,2,NA,1,nico,NA,NA
20221009,4,3,gorillas,abeeku,sleep_room,0,no,no,0,1,"kianga, kibara",manuela,inhibit_searched,11,NA,NA,2,1,3,NA,0,nico,NA,NA
20221009,4,3,gorillas,abeeku,sleep_room,0,no,no,0,1,"kianga, kibara",manuela,inhibit_searched,12,NA,NA,3,2,1,NA,0,nico,NA,NA
20221009,4,3,gorillas,kianga,sleep_room,0,no,no,4,4,"kibara, abeeku",manuela,inhibit_searched,1,NA,NA,1,2,3,NA,0,nico,NA,NA
20221009,4,3,gorillas,kianga,sleep_room,0,no,no,4,4,"kibara, abeeku",manuela,inhibit_searched,2,NA,NA,1,2,3,NA,0,nico,NA,NA
20221009,4,3,gorillas,kianga,sleep_room,0,no,no,4,4,"kibara, abeeku",manuela,inhibit_searched,3,NA,NA,1,2,3,NA,0,nico,NA,NA
20221009,4,3,gorillas,kianga,sleep_room,0,no,no,4,4,"kibara, abeeku",manuela,inhibit_searched,4,NA,NA,2,3,1,NA,0,nico,NA,NA
20221009,4,3,gorillas,kianga,sleep_room,0,no,no,4,4,"kibara, abeeku",manuela,inhibit_searched,5,NA,NA,2,1,3,NA,0,nico,NA,NA
20221009,4,3,gorillas,kianga,sleep_room,0,no,no,4,4,"kibara, abeeku",manuela,inhibit_searched,6,NA,NA,2,1,2,NA,1,nico,NA,NA
20221009,4,3,gorillas,kianga,sleep_room,0,no,no,4,4,"kibara, abeeku",manuela,inhibit_searched,7,NA,NA,2,1,3,NA,0,nico,NA,NA
20221009,4,3,gorillas,kianga,sleep_room,0,no,no,4,4,"kibara, abeeku",manuela,inhibit_searched,8,NA,NA,2,3,1,NA,0,nico,NA,NA
20221009,4,3,gorillas,kianga,sleep_room,0,no,no,4,4,"kibara, abeeku",manuela,inhibit_searched,9,NA,NA,2,3,1,NA,0,nico,NA,NA
20221009,4,3,gorillas,kianga,sleep_room,0,no,no,4,4,"kibara, abeeku",manuela,inhibit_searched,10,NA,NA,1,2,3,NA,0,nico,NA,NA
20221009,4,3,gorillas,kianga,sleep_room,0,no,no,4,4,"kibara, abeeku",manuela,inhibit_searched,11,NA,NA,2,3,1,NA,0,nico,NA,NA
20221009,4,3,gorillas,kianga,sleep_room,0,no,no,4,4,"kibara, abeeku",manuela,inhibit_searched,12,NA,NA,1,2,3,NA,0,nico,NA,NA
20221009,4,3,gorillas,kibara,sleep_room,0,no,no,2,2,"kianga, abeeku",manuela,inhibit_searched,1,NA,NA,3,1,2,NA,0,nico,NA,NA
20221009,4,3,gorillas,kibara,sleep_room,0,no,no,2,2,"kianga, abeeku",manuela,inhibit_searched,2,NA,NA,3,1,2,NA,0,nico,NA,NA
20221009,4,3,gorillas,kibara,sleep_room,0,no,no,2,2,"kianga, abeeku",manuela,inhibit_searched,3,NA,NA,1,3,2,NA,0,nico,NA,NA
20221009,4,3,gorillas,kibara,sleep_room,0,no,no,2,2,"kianga, abeeku",manuela,inhibit_searched,4,NA,NA,1,3,2,NA,0,nico,NA,NA
20221009,4,3,gorillas,kibara,sleep_room,0,no,no,2,2,"kianga, abeeku",manuela,inhibit_searched,5,NA,NA,1,3,2,NA,0,nico,NA,NA
20221009,4,3,gorillas,kibara,sleep_room,0,no,no,2,2,"kianga, abeeku",manuela,inhibit_searched,6,NA,NA,1,3,2,NA,0,nico,NA,NA
20221009,4,3,gorillas,kibara,sleep_room,0,no,no,2,2,"kianga, abeeku",manuela,inhibit_searched,7,NA,NA,2,3,1,NA,0,nico,NA,NA
20221009,4,3,gorillas,kibara,sleep_room,0,no,no,2,2,"kianga, abeeku",manuela,inhibit_searched,8,NA,NA,1,3,2,NA,0,nico,NA,NA
20221009,4,3,gorillas,kibara,sleep_room,0,no,no,2,2,"kianga, abeeku",manuela,inhibit_searched,9,NA,NA,3,2,1,NA,0,nico,NA,NA
20221009,4,3,gorillas,kibara,sleep_room,0,no,no,2,2,"kianga, abeeku",manuela,inhibit_searched,10,NA,NA,2,3,1,NA,0,nico,NA,NA
20221009,4,3,gorillas,kibara,sleep_room,0,no,no,2,2,"kianga, abeeku",manuela,inhibit_searched,11,NA,NA,1,3,2,NA,0,nico,NA,NA
20221009,4,3,gorillas,kibara,sleep_room,0,no,no,2,2,"kianga, abeeku",manuela,inhibit_searched,12,NA,NA,2,3,1,NA,0,nico,NA,NA
20221130,5,3,gorillas,kio,sleep_room,0,no,no,2,4,"kumili, abeeku, kianga, kibara, diara",reinald,inhibit_searched,1,NA,NA,1,2,3,NA,0,nico,NA,NA
20221130,5,3,gorillas,kio,sleep_room,0,no,no,2,4,"kumili, abeeku, kianga, kibara, diara",reinald,inhibit_searched,2,NA,NA,1,2,3,NA,0,nico,NA,NA
20221130,5,3,gorillas,kio,sleep_room,0,no,no,2,4,"kumili, abeeku, kianga, kibara, diara",reinald,inhibit_searched,3,NA,NA,1,2,3,NA,0,nico,NA,NA
20221130,5,3,gorillas,kio,sleep_room,0,no,no,2,4,"kumili, abeeku, kianga, kibara, diara",reinald,inhibit_searched,4,NA,NA,1,2,3,NA,0,nico,NA,NA
20221130,5,3,gorillas,kio,sleep_room,0,no,no,2,4,"kumili, abeeku, kianga, kibara, diara",reinald,inhibit_searched,5,NA,NA,1,2,3,NA,0,nico,NA,NA
20221130,5,3,gorillas,kio,sleep_room,0,no,no,2,4,"kumili, abeeku, kianga, kibara, diara",reinald,inhibit_searched,6,NA,NA,1,2,3,NA,0,nico,NA,NA
20221130,5,3,gorillas,kio,sleep_room,0,no,no,2,4,"kumili, abeeku, kianga, kibara, diara",reinald,inhibit_searched,7,NA,NA,1,2,3,NA,0,nico,NA,NA
20221130,5,3,gorillas,kio,sleep_room,0,no,no,2,4,"kumili, abeeku, kianga, kibara, diara",reinald,inhibit_searched,8,NA,NA,1,2,3,NA,1,nico,NA,NA
20221130,5,3,gorillas,kio,sleep_room,0,no,no,2,4,"kumili, abeeku, kianga, kibara, diara",reinald,inhibit_searched,9,NA,NA,1,2,3,NA,0,nico,NA,NA
20221130,5,3,gorillas,kio,sleep_room,0,no,no,2,4,"kumili, abeeku, kianga, kibara, diara",reinald,inhibit_searched,10,NA,NA,1,2,3,NA,0,nico,NA,NA
20221130,5,3,gorillas,kio,sleep_room,0,no,no,2,4,"kumili, abeeku, kianga, kibara, diara",reinald,inhibit_searched,11,NA,NA,1,2,3,NA,0,nico,NA,NA
20221130,5,3,gorillas,kio,sleep_room,0,no,no,2,4,"kumili, abeeku, kianga, kibara, diara",reinald,inhibit_searched,12,NA,NA,1,2,3,NA,0,nico,NA,NA
20221130,5,3,gorillas,kumili,sleep_room,0,no,no,2,2,"kio, diara, abeeku, kianga, kibara",reinald,inhibit_searched,1,NA,NA,2,1,3,NA,0,nico,NA,NA
20221130,5,3,gorillas,kumili,sleep_room,0,no,no,2,2,"kio, diara, abeeku, kianga, kibara",reinald,inhibit_searched,2,NA,NA,3,2,1,NA,0,nico,NA,NA
20221130,5,3,gorillas,kumili,sleep_room,0,no,no,2,2,"kio, diara, abeeku, kianga, kibara",reinald,inhibit_searched,3,NA,NA,3,2,1,NA,0,nico,NA,NA
20221130,5,3,gorillas,kumili,sleep_room,0,no,no,2,2,"kio, diara, abeeku, kianga, kibara",reinald,inhibit_searched,4,NA,NA,3,2,1,NA,0,nico,both sides,NA
20221130,5,3,gorillas,kumili,sleep_room,0,no,no,2,2,"kio, diara, abeeku, kianga, kibara",reinald,inhibit_searched,5,NA,NA,3,2,1,NA,0,nico,NA,NA
20221130,5,3,gorillas,kumili,sleep_room,0,no,no,2,2,"kio, diara, abeeku, kianga, kibara",reinald,inhibit_searched,6,NA,NA,3,2,1,NA,0,nico,NA,NA
20221130,5,3,gorillas,kumili,sleep_room,0,no,no,2,2,"kio, diara, abeeku, kianga, kibara",reinald,inhibit_searched,7,NA,NA,3,2,1,NA,0,nico,NA,NA
20221130,5,3,gorillas,kumili,sleep_room,0,no,no,2,2,"kio, diara, abeeku, kianga, kibara",reinald,inhibit_searched,8,NA,NA,3,2,1,NA,0,nico,NA,NA
20221130,5,3,gorillas,kumili,sleep_room,0,no,no,2,2,"kio, diara, abeeku, kianga, kibara",reinald,inhibit_searched,9,NA,NA,3,2,1,NA,0,nico,NA,NA
20221130,5,3,gorillas,kumili,sleep_room,0,no,no,2,2,"kio, diara, abeeku, kianga, kibara",reinald,inhibit_searched,10,NA,NA,3,2,1,NA,0,nico,NA,NA
20221130,5,3,gorillas,kumili,sleep_room,0,no,no,2,2,"kio, diara, abeeku, kianga, kibara",reinald,inhibit_searched,11,NA,NA,3,2,1,NA,0,nico,NA,NA
20221130,5,3,gorillas,kumili,sleep_room,0,no,no,2,2,"kio, diara, abeeku, kianga, kibara",reinald,inhibit_searched,12,NA,NA,3,2,1,NA,0,nico,NA,NA
20221130,5,3,gorillas,diara,sleep_room,0,no,no,2,3,"kio, kumili, abeeku, kianga, kibara",reinald,inhibit_searched,1,NA,NA,3,2,1,NA,0,nico,NA,NA
20221130,5,3,gorillas,diara,sleep_room,0,no,no,2,3,"kio, kumili, abeeku, kianga, kibara",reinald,inhibit_searched,2,NA,NA,3,2,1,NA,0,nico,NA,NA
20221130,5,3,gorillas,diara,sleep_room,0,no,no,2,3,"kio, kumili, abeeku, kianga, kibara",reinald,inhibit_searched,3,NA,NA,3,2,1,NA,0,nico,NA,NA
20221130,5,3,gorillas,diara,sleep_room,0,no,no,2,3,"kio, kumili, abeeku, kianga, kibara",reinald,inhibit_searched,4,NA,NA,3,2,1,NA,0,nico,NA,NA
20221130,5,3,gorillas,diara,sleep_room,0,no,no,2,3,"kio, kumili, abeeku, kianga, kibara",reinald,inhibit_searched,5,NA,NA,3,2,1,NA,0,nico,NA,NA
20221130,5,3,gorillas,diara,sleep_room,0,no,no,2,3,"kio, kumili, abeeku, kianga, kibara",reinald,inhibit_searched,6,NA,NA,3,2,1,NA,0,nico,NA,NA
20221130,5,3,gorillas,diara,sleep_room,0,no,no,2,3,"kio, kumili, abeeku, kianga, kibara",reinald,inhibit_searched,7,NA,NA,3,2,1,NA,0,nico,NA,NA
20221130,5,3,gorillas,diara,sleep_room,0,no,no,2,3,"kio, kumili, abeeku, kianga, kibara",reinald,inhibit_searched,8,NA,NA,3,2,1,NA,0,nico,NA,NA
20221130,5,3,gorillas,diara,sleep_room,0,no,no,2,3,"kio, kumili, abeeku, kianga, kibara",reinald,inhibit_searched,9,NA,NA,3,2,1,NA,0,nico,NA,NA
20221130,5,3,gorillas,diara,sleep_room,0,no,no,2,3,"kio, kumili, abeeku, kianga, kibara",reinald,inhibit_searched,10,NA,NA,3,2,1,NA,0,nico,NA,NA
20221130,5,3,gorillas,diara,sleep_room,0,no,no,2,3,"kio, kumili, abeeku, kianga, kibara",reinald,inhibit_searched,11,NA,NA,3,2,1,NA,0,nico,NA,NA
20221130,5,3,gorillas,diara,sleep_room,0,no,no,2,3,"kio, kumili, abeeku, kianga, kibara",reinald,inhibit_searched,12,NA,NA,3,2,1,NA,0,nico,NA,NA
20221130,5,3,gorillas,abeeku,sleep_room,0,no,no,2,1,"kianga, kibara",reinald,inhibit_searched,1,NA,NA,3,2,1,NA,0,nico,NA,NA
20221130,5,3,gorillas,abeeku,sleep_room,0,no,no,2,1,"kianga, kibara",reinald,inhibit_searched,2,NA,NA,3,1,2,NA,0,nico,NA,NA
20221130,5,3,gorillas,abeeku,sleep_room,0,no,no,2,1,"kianga, kibara",reinald,inhibit_searched,3,NA,NA,1,3,2,NA,0,nico,NA,NA
20221130,5,3,gorillas,abeeku,sleep_room,0,no,no,2,1,"kianga, kibara",reinald,inhibit_searched,4,NA,NA,2,3,1,NA,0,nico,NA,NA
20221130,5,3,gorillas,abeeku,sleep_room,0,no,no,2,1,"kianga, kibara",reinald,inhibit_searched,5,NA,NA,3,1,2,NA,0,nico,NA,NA
20221130,5,3,gorillas,abeeku,sleep_room,0,no,no,2,1,"kianga, kibara",reinald,inhibit_searched,6,NA,NA,2,3,3,NA,1,nico,away,NA
20221130,5,3,gorillas,abeeku,sleep_room,0,no,no,2,1,"kianga, kibara",reinald,inhibit_searched,7,NA,NA,1,2,3,NA,0,nico,NA,NA
20221130,5,3,gorillas,abeeku,sleep_room,0,no,no,2,1,"kianga, kibara",reinald,inhibit_searched,8,NA,NA,1,2,3,NA,0,nico,NA,NA
20221130,5,3,gorillas,kianga,sleep_room,0,no,no,2,4,"kibara, abeeku",reinald,inhibit_searched,1,NA,NA,1,2,3,NA,0,nico,NA,NA
20221130,5,3,gorillas,kianga,sleep_room,0,no,no,2,4,"kibara, abeeku",reinald,inhibit_searched,2,NA,NA,1,2,3,NA,0,nico,NA,NA
20221130,5,3,gorillas,kianga,sleep_room,0,no,no,2,4,"kibara, abeeku",reinald,inhibit_searched,3,NA,NA,3,2,1,NA,0,nico,NA,NA
20221130,5,3,gorillas,kianga,sleep_room,0,no,no,2,4,"kibara, abeeku",reinald,inhibit_searched,4,NA,NA,3,2,1,NA,0,nico,NA,NA
20221130,5,3,gorillas,kianga,sleep_room,0,no,no,2,4,"kibara, abeeku",reinald,inhibit_searched,5,NA,NA,3,2,1,NA,0,nico,NA,NA
20221130,5,3,gorillas,kianga,sleep_room,0,no,no,2,4,"kibara, abeeku",reinald,inhibit_searched,6,NA,NA,2,3,1,NA,0,nico,NA,NA
20221130,5,3,gorillas,kianga,sleep_room,0,no,no,2,4,"kibara, abeeku",reinald,inhibit_searched,7,NA,NA,3,2,1,NA,0,nico,NA,NA
20221130,5,3,gorillas,kianga,sleep_room,0,no,no,2,4,"kibara, abeeku",reinald,inhibit_searched,8,NA,NA,3,2,1,NA,0,nico,NA,NA
20221130,5,3,gorillas,kianga,sleep_room,0,no,no,2,4,"kibara, abeeku",reinald,inhibit_searched,9,NA,NA,2,3,1,NA,0,nico,NA,NA
20221130,5,3,gorillas,kianga,sleep_room,0,no,no,2,4,"kibara, abeeku",reinald,inhibit_searched,10,NA,NA,2,3,2,NA,1,nico,unclear showing,NA
20221130,5,3,gorillas,kianga,sleep_room,0,no,no,2,4,"kibara, abeeku",reinald,inhibit_searched,11,NA,NA,2,3,1,NA,0,nico,NA,NA
20221130,5,3,gorillas,kianga,sleep_room,0,no,no,2,4,"kibara, abeeku",reinald,inhibit_searched,12,NA,NA,2,3,1,NA,0,nico,NA,NA
20221130,5,3,gorillas,kibara,sleep_room,0,no,no,2,2,"kianga, abeeku",reinald,inhibit_searched,1,NA,NA,1,3,2,NA,0,nico,NA,NA
20221130,5,3,gorillas,kibara,sleep_room,0,no,no,2,2,"kianga, abeeku",reinald,inhibit_searched,2,NA,NA,3,2,1,NA,0,nico,NA,NA
20221130,5,3,gorillas,kibara,sleep_room,0,no,no,2,2,"kianga, abeeku",reinald,inhibit_searched,3,NA,NA,1,3,2,NA,0,nico,NA,NA
20221130,5,3,gorillas,kibara,sleep_room,0,no,no,2,2,"kianga, abeeku",reinald,inhibit_searched,4,NA,NA,3,2,1,NA,0,nico,NA,NA
20221130,5,3,gorillas,kibara,sleep_room,0,no,no,2,2,"kianga, abeeku",reinald,inhibit_searched,5,NA,NA,3,2,1,NA,0,nico,NA,NA
20221130,5,3,gorillas,kibara,sleep_room,0,no,no,2,2,"kianga, abeeku",reinald,inhibit_searched,6,NA,NA,3,2,1,NA,0,nico,NA,NA
20221130,5,3,gorillas,kibara,sleep_room,0,no,no,2,2,"kianga, abeeku",reinald,inhibit_searched,7,NA,NA,2,1,3,NA,0,nico,NA,NA
20221130,5,3,gorillas,kibara,sleep_room,0,no,no,2,2,"kianga, abeeku",reinald,inhibit_searched,8,NA,NA,1,3,2,NA,0,nico,NA,NA
20221130,5,3,gorillas,kibara,sleep_room,0,no,no,2,2,"kianga, abeeku",reinald,inhibit_searched,9,NA,NA,3,2,1,NA,0,nico,NA,NA
20221130,5,3,gorillas,kibara,sleep_room,0,no,no,2,2,"kianga, abeeku",reinald,inhibit_searched,10,NA,NA,3,2,1,NA,0,nico,NA,NA
20221130,5,3,gorillas,kibara,sleep_room,0,no,no,2,2,"kianga, abeeku",reinald,inhibit_searched,11,NA,NA,3,2,1,NA,0,nico,NA,NA
20221130,5,3,gorillas,kibara,sleep_room,0,no,no,2,2,"kianga, abeeku",reinald,inhibit_searched,12,NA,NA,3,2,1,NA,0,nico,NA,NA
20230205,6,3,gorillas,kio,sleep_room,0,no,no,6,6,"kumili, abeeku, kianga, kibara, diara",manuela,inhibit_searched,1,NA,NA,1,2,3,NA,0,nico,NA,NA
20230205,6,3,gorillas,kio,sleep_room,0,no,no,6,6,"kumili, abeeku, kianga, kibara, diara",manuela,inhibit_searched,2,NA,NA,1,2,3,NA,0,nico,NA,NA
20230205,6,3,gorillas,kio,sleep_room,0,no,no,6,6,"kumili, abeeku, kianga, kibara, diara",manuela,inhibit_searched,3,NA,NA,1,2,3,NA,0,nico,NA,NA
20230205,6,3,gorillas,kio,sleep_room,0,no,no,6,6,"kumili, abeeku, kianga, kibara, diara",manuela,inhibit_searched,4,NA,NA,1,2,3,NA,0,nico,NA,NA
20230205,6,3,gorillas,kio,sleep_room,0,no,no,6,6,"kumili, abeeku, kianga, kibara, diara",manuela,inhibit_searched,5,NA,NA,1,2,3,NA,0,nico,NA,NA
20230205,6,3,gorillas,kio,sleep_room,0,no,no,6,6,"kumili, abeeku, kianga, kibara, diara",manuela,inhibit_searched,6,NA,NA,1,2,3,NA,0,nico,NA,NA
20230205,6,3,gorillas,kio,sleep_room,0,no,no,6,6,"kumili, abeeku, kianga, kibara, diara",manuela,inhibit_searched,7,NA,NA,1,2,3,NA,0,nico,NA,NA
20230205,6,3,gorillas,kio,sleep_room,0,no,no,6,6,"kumili, abeeku, kianga, kibara, diara",manuela,inhibit_searched,8,NA,NA,1,2,3,NA,0,nico,NA,NA
20230205,6,3,gorillas,kio,sleep_room,0,no,no,6,6,"kumili, abeeku, kianga, kibara, diara",manuela,inhibit_searched,9,NA,NA,1,1,3,NA,0,nico,NA,NA
20230205,6,3,gorillas,kio,sleep_room,0,no,no,6,6,"kumili, abeeku, kianga, kibara, diara",manuela,inhibit_searched,10,NA,NA,1,2,3,NA,0,nico,NA,NA
20230205,6,3,gorillas,kio,sleep_room,0,no,no,6,6,"kumili, abeeku, kianga, kibara, diara",manuela,inhibit_searched,11,NA,NA,1,2,3,NA,0,nico,NA,NA
20230205,6,3,gorillas,kio,sleep_room,0,no,no,6,6,"kumili, abeeku, kianga, kibara, diara",manuela,inhibit_searched,12,NA,NA,1,2,3,NA,0,nico,NA,NA
20230205,6,3,gorillas,kumili,sleep_room,0,no,no,3,3,"kio, diara, abeeku, kianga, kibara",manuela,inhibit_searched,1,NA,NA,3,2,1,NA,0,nico,NA,NA
20230205,6,3,gorillas,kumili,sleep_room,0,no,no,3,3,"kio, diara, abeeku, kianga, kibara",manuela,inhibit_searched,2,NA,NA,3,2,1,NA,0,nico,NA,NA
20230205,6,3,gorillas,kumili,sleep_room,0,no,no,3,3,"kio, diara, abeeku, kianga, kibara",manuela,inhibit_searched,3,NA,NA,3,2,1,NA,0,nico,NA,NA
20230205,6,3,gorillas,kumili,sleep_room,0,no,no,3,3,"kio, diara, abeeku, kianga, kibara",manuela,inhibit_searched,4,NA,NA,3,2,1,NA,0,nico,NA,NA
20230205,6,3,gorillas,kumili,sleep_room,0,no,no,3,3,"kio, diara, abeeku, kianga, kibara",manuela,inhibit_searched,5,NA,NA,3,2,1,NA,0,nico,NA,NA
20230205,6,3,gorillas,kumili,sleep_room,0,no,no,3,3,"kio, diara, abeeku, kianga, kibara",manuela,inhibit_searched,6,NA,NA,3,2,1,NA,0,nico,NA,NA
20230205,6,3,gorillas,kumili,sleep_room,0,no,no,3,3,"kio, diara, abeeku, kianga, kibara",manuela,inhibit_searched,7,NA,NA,3,2,1,NA,0,nico,NA,NA
20230205,6,3,gorillas,kumili,sleep_room,0,no,no,3,3,"kio, diara, abeeku, kianga, kibara",manuela,inhibit_searched,8,NA,NA,3,1,2,NA,0,nico,NA,NA
20230205,6,3,gorillas,kumili,sleep_room,0,no,no,3,3,"kio, diara, abeeku, kianga, kibara",manuela,inhibit_searched,9,NA,NA,3,2,1,NA,0,nico,NA,NA
20230205,6,3,gorillas,kumili,sleep_room,0,no,no,3,3,"kio, diara, abeeku, kianga, kibara",manuela,inhibit_searched,10,NA,NA,3,2,1,NA,0,nico,NA,NA
20230205,6,3,gorillas,kumili,sleep_room,0,no,no,3,3,"kio, diara, abeeku, kianga, kibara",manuela,inhibit_searched,11,NA,NA,3,2,1,NA,0,nico,NA,NA
20230205,6,3,gorillas,kumili,sleep_room,0,no,no,3,3,"kio, diara, abeeku, kianga, kibara",manuela,inhibit_searched,12,NA,NA,3,2,1,NA,0,nico,NA,NA
20230205,6,3,gorillas,diara,sleep_room,0,no,no,6,4,"kio, kumili, abeeku, kianga, kibara",manuela,inhibit_searched,1,NA,NA,3,2,1,NA,0,nico,NA,NA
20230205,6,3,gorillas,diara,sleep_room,0,no,no,6,4,"kio, kumili, abeeku, kianga, kibara",manuela,inhibit_searched,2,NA,NA,3,2,1,NA,0,nico,NA,NA
20230205,6,3,gorillas,diara,sleep_room,0,no,no,6,4,"kio, kumili, abeeku, kianga, kibara",manuela,inhibit_searched,3,NA,NA,3,2,1,NA,0,nico,NA,NA
20230205,6,3,gorillas,diara,sleep_room,0,no,no,6,4,"kio, kumili, abeeku, kianga, kibara",manuela,inhibit_searched,4,NA,NA,3,2,1,NA,0,nico,NA,NA
20230205,6,3,gorillas,diara,sleep_room,0,no,no,6,4,"kio, kumili, abeeku, kianga, kibara",manuela,inhibit_searched,5,NA,NA,3,2,1,NA,0,nico,NA,NA
20230205,6,3,gorillas,diara,sleep_room,0,no,no,6,4,"kio, kumili, abeeku, kianga, kibara",manuela,inhibit_searched,6,NA,NA,3,2,1,NA,0,nico,NA,NA
20230205,6,3,gorillas,diara,sleep_room,0,no,no,6,4,"kio, kumili, abeeku, kianga, kibara",manuela,inhibit_searched,7,NA,NA,3,2,1,NA,0,nico,NA,NA
20230205,6,3,gorillas,diara,sleep_room,0,no,no,6,4,"kio, kumili, abeeku, kianga, kibara",manuela,inhibit_searched,8,NA,NA,3,2,1,NA,0,nico,NA,NA
20230205,6,3,gorillas,diara,sleep_room,0,no,no,6,4,"kio, kumili, abeeku, kianga, kibara",manuela,inhibit_searched,9,NA,NA,3,2,1,NA,0,nico,NA,NA
20230205,6,3,gorillas,diara,sleep_room,0,no,no,6,4,"kio, kumili, abeeku, kianga, kibara",manuela,inhibit_searched,10,NA,NA,3,2,1,NA,0,nico,NA,NA
20230205,6,3,gorillas,diara,sleep_room,0,no,no,6,4,"kio, kumili, abeeku, kianga, kibara",manuela,inhibit_searched,11,NA,NA,3,2,1,NA,0,nico,NA,NA
20230205,6,3,gorillas,diara,sleep_room,0,no,no,6,4,"kio, kumili, abeeku, kianga, kibara",manuela,inhibit_searched,12,NA,NA,3,2,1,NA,0,nico,NA,NA
20230205,6,3,gorillas,abeeku,sleep_room,0,no,no,3,1,"kianga, kibara",manuela,inhibit_searched,1,NA,NA,2,1,3,NA,0,nico,NA,NA
20230205,6,3,gorillas,abeeku,sleep_room,0,no,no,3,1,"kianga, kibara",manuela,inhibit_searched,2,NA,NA,2,1,3,NA,0,nico,NA,NA
20230205,6,3,gorillas,abeeku,sleep_room,0,no,no,3,1,"kianga, kibara",manuela,inhibit_searched,3,NA,NA,3,2,1,NA,0,nico,NA,NA
20230205,6,3,gorillas,abeeku,sleep_room,0,no,no,3,1,"kianga, kibara",manuela,inhibit_searched,4,NA,NA,2,1,3,NA,0,nico,NA,NA
20230205,6,3,gorillas,abeeku,sleep_room,0,no,no,3,1,"kianga, kibara",manuela,inhibit_searched,5,NA,NA,2,1,3,NA,0,nico,NA,NA
20230205,6,3,gorillas,abeeku,sleep_room,0,no,no,3,1,"kianga, kibara",manuela,inhibit_searched,6,NA,NA,2,1,3,NA,0,nico,NA,NA
20230205,6,3,gorillas,abeeku,sleep_room,0,no,no,3,1,"kianga, kibara",manuela,inhibit_searched,7,NA,NA,2,1,3,NA,0,nico,NA,NA
20230205,6,3,gorillas,abeeku,sleep_room,0,no,no,3,1,"kianga, kibara",manuela,inhibit_searched,8,NA,NA,2,1,3,NA,0,nico,NA,NA
20230205,6,3,gorillas,abeeku,sleep_room,0,no,no,3,1,"kianga, kibara",manuela,inhibit_searched,9,NA,NA,1,2,3,NA,0,nico,NA,NA
20230205,6,3,gorillas,abeeku,sleep_room,0,no,no,3,1,"kianga, kibara",manuela,inhibit_searched,10,NA,NA,2,1,3,NA,0,nico,NA,NA
20230205,6,3,gorillas,abeeku,sleep_room,0,no,no,3,1,"kianga, kibara",manuela,inhibit_searched,11,NA,NA,2,1,3,NA,0,nico,NA,NA
20230205,6,3,gorillas,abeeku,sleep_room,0,no,no,3,1,"kianga, kibara",manuela,inhibit_searched,12,NA,NA,1,3,2,NA,0,nico,NA,NA
20230205,6,3,gorillas,kianga,sleep_room,0,no,no,6,5,"kibara, abeeku",manuela,inhibit_searched,1,NA,NA,2,1,3,NA,0,nico,NA,NA
20230205,6,3,gorillas,kianga,sleep_room,0,no,no,6,5,"kibara, abeeku",manuela,inhibit_searched,2,NA,NA,2,3,1,NA,0,nico,NA,NA
20230205,6,3,gorillas,kianga,sleep_room,0,no,no,6,5,"kibara, abeeku",manuela,inhibit_searched,3,NA,NA,3,2,1,NA,0,nico,NA,NA
20230205,6,3,gorillas,kianga,sleep_room,0,no,no,6,5,"kibara, abeeku",manuela,inhibit_searched,4,NA,NA,3,2,1,NA,0,nico,NA,NA
20230205,6,3,gorillas,kianga,sleep_room,0,no,no,6,5,"kibara, abeeku",manuela,inhibit_searched,5,NA,NA,2,3,2,NA,1,nico,indifferent the first time,NA
20230205,6,3,gorillas,kianga,sleep_room,0,no,no,6,5,"kibara, abeeku",manuela,inhibit_searched,6,NA,NA,1,2,3,NA,0,nico,NA,NA
20230205,6,3,gorillas,kianga,sleep_room,0,no,no,6,5,"kibara, abeeku",manuela,inhibit_searched,7,NA,NA,3,2,1,NA,0,nico,NA,NA
20230205,6,3,gorillas,kianga,sleep_room,0,no,no,6,5,"kibara, abeeku",manuela,inhibit_searched,8,NA,NA,3,2,1,NA,0,nico,NA,NA
20230205,6,3,gorillas,kianga,sleep_room,0,no,no,6,5,"kibara, abeeku",manuela,inhibit_searched,9,NA,NA,2,3,1,NA,0,nico,NA,NA
20230205,6,3,gorillas,kianga,sleep_room,0,no,no,6,5,"kibara, abeeku",manuela,inhibit_searched,10,NA,NA,2,3,1,NA,0,nico,NA,NA
20230205,6,3,gorillas,kianga,sleep_room,0,no,no,6,5,"kibara, abeeku",manuela,inhibit_searched,11,NA,NA,2,3,1,NA,0,nico,NA,NA
20230205,6,3,gorillas,kianga,sleep_room,0,no,no,6,5,"kibara, abeeku",manuela,inhibit_searched,12,NA,NA,3,2,1,NA,0,nico,NA,NA
20230205,6,3,gorillas,kibara,sleep_room,0,no,no,3,2,"kianga, abeeku",manuela,inhibit_searched,1,NA,NA,3,1,2,NA,0,nico,NA,NA
20230205,6,3,gorillas,kibara,sleep_room,0,no,no,3,2,"kianga, abeeku",manuela,inhibit_searched,2,NA,NA,3,2,1,NA,0,nico,NA,NA
20230205,6,3,gorillas,kibara,sleep_room,0,no,no,3,2,"kianga, abeeku",manuela,inhibit_searched,3,NA,NA,3,2,1,NA,0,nico,NA,NA
20230205,6,3,gorillas,kibara,sleep_room,0,no,no,3,2,"kianga, abeeku",manuela,inhibit_searched,4,NA,NA,2,1,3,NA,0,nico,NA,NA
20230205,6,3,gorillas,kibara,sleep_room,0,no,no,3,2,"kianga, abeeku",manuela,inhibit_searched,5,NA,NA,3,2,1,NA,0,nico,NA,NA
20230205,6,3,gorillas,kibara,sleep_room,0,no,no,3,2,"kianga, abeeku",manuela,inhibit_searched,6,NA,NA,3,2,1,NA,0,nico,NA,NA
20230205,6,3,gorillas,kibara,sleep_room,0,no,no,3,2,"kianga, abeeku",manuela,inhibit_searched,7,NA,NA,3,2,1,NA,0,nico,NA,NA
20230205,6,3,gorillas,kibara,sleep_room,0,no,no,3,2,"kianga, abeeku",manuela,inhibit_searched,8,NA,NA,3,2,1,NA,0,nico,NA,NA
20230205,6,3,gorillas,kibara,sleep_room,0,no,no,3,2,"kianga, abeeku",manuela,inhibit_searched,9,NA,NA,3,2,1,NA,0,nico,NA,NA
20230205,6,3,gorillas,kibara,sleep_room,0,no,no,3,2,"kianga, abeeku",manuela,inhibit_searched,10,NA,NA,3,2,1,NA,0,nico,NA,NA
20230205,6,3,gorillas,kibara,sleep_room,0,no,no,3,2,"kianga, abeeku",manuela,inhibit_searched,11,NA,NA,3,2,1,NA,0,nico,NA,NA
20230205,6,3,gorillas,kibara,sleep_room,0,no,no,3,2,"kianga, abeeku",manuela,inhibit_searched,12,NA,NA,3,2,1,NA,0,nico,NA,NA
20230323,7,3,gorillas,kio,sleep_room,0,no,no,0,5,"kumili, abeeku, kianga, kibara, diara",inga,inhibit_searched,1,NA,NA,1,2,3,NA,0,nico,NA,NA
20230323,7,3,gorillas,kio,sleep_room,0,no,no,0,5,"kumili, abeeku, kianga, kibara, diara",inga,inhibit_searched,2,NA,NA,1,2,3,NA,0,nico,NA,NA
20230323,7,3,gorillas,kio,sleep_room,0,no,no,0,5,"kumili, abeeku, kianga, kibara, diara",inga,inhibit_searched,3,NA,NA,1,2,3,NA,0,nico,NA,NA
20230323,7,3,gorillas,kio,sleep_room,0,no,no,0,5,"kumili, abeeku, kianga, kibara, diara",inga,inhibit_searched,4,NA,NA,1,2,3,NA,0,nico,NA,NA
20230323,7,3,gorillas,kio,sleep_room,0,no,no,0,5,"kumili, abeeku, kianga, kibara, diara",inga,inhibit_searched,5,NA,NA,1,2,3,NA,0,nico,NA,NA
20230323,7,3,gorillas,kio,sleep_room,0,no,no,0,5,"kumili, abeeku, kianga, kibara, diara",inga,inhibit_searched,6,NA,NA,1,2,3,NA,0,nico,NA,NA
20230323,7,3,gorillas,kio,sleep_room,0,no,no,0,5,"kumili, abeeku, kianga, kibara, diara",inga,inhibit_searched,7,NA,NA,1,2,3,NA,0,nico,NA,NA
20230323,7,3,gorillas,kio,sleep_room,0,no,no,0,5,"kumili, abeeku, kianga, kibara, diara",inga,inhibit_searched,8,NA,NA,1,2,3,NA,0,nico,NA,NA
20230323,7,3,gorillas,kio,sleep_room,0,no,no,0,5,"kumili, abeeku, kianga, kibara, diara",inga,inhibit_searched,9,NA,NA,1,2,3,NA,0,nico,NA,NA
20230323,7,3,gorillas,kio,sleep_room,0,no,no,0,5,"kumili, abeeku, kianga, kibara, diara",inga,inhibit_searched,10,NA,NA,1,2,3,NA,0,nico,NA,NA
20230323,7,3,gorillas,kio,sleep_room,0,no,no,0,5,"kumili, abeeku, kianga, kibara, diara",inga,inhibit_searched,11,NA,NA,1,2,3,NA,0,nico,NA,NA
20230323,7,3,gorillas,kio,sleep_room,0,no,no,0,5,"kumili, abeeku, kianga, kibara, diara",inga,inhibit_searched,12,NA,NA,1,2,3,NA,0,nico,NA,NA
20230323,7,3,gorillas,kumili,sleep_room,0,no,no,0,3,"kio, diara, abeeku, kianga, kibara",inga,inhibit_searched,1,NA,NA,3,1,2,NA,0,nico,NA,NA
20230323,7,3,gorillas,kumili,sleep_room,0,no,no,0,3,"kio, diara, abeeku, kianga, kibara",inga,inhibit_searched,2,NA,NA,3,2,1,NA,0,nico,NA,NA
20230323,7,3,gorillas,kumili,sleep_room,0,no,no,0,3,"kio, diara, abeeku, kianga, kibara",inga,inhibit_searched,3,NA,NA,3,2,1,NA,0,nico,NA,NA
20230323,7,3,gorillas,kumili,sleep_room,0,no,no,0,3,"kio, diara, abeeku, kianga, kibara",inga,inhibit_searched,4,NA,NA,3,2,1,NA,0,nico,NA,NA
20230323,7,3,gorillas,kumili,sleep_room,0,no,no,0,3,"kio, diara, abeeku, kianga, kibara",inga,inhibit_searched,5,NA,NA,3,2,1,NA,0,nico,NA,NA
20230323,7,3,gorillas,kumili,sleep_room,0,no,no,0,3,"kio, diara, abeeku, kianga, kibara",inga,inhibit_searched,6,NA,NA,3,2,1,NA,0,nico,NA,NA
20230323,7,3,gorillas,kumili,sleep_room,0,no,no,0,3,"kio, diara, abeeku, kianga, kibara",inga,inhibit_searched,7,NA,NA,3,2,1,NA,0,nico,NA,NA
20230323,7,3,gorillas,kumili,sleep_room,0,no,no,0,3,"kio, diara, abeeku, kianga, kibara",inga,inhibit_searched,8,NA,NA,3,2,1,NA,0,nico,NA,NA
20230323,7,3,gorillas,kumili,sleep_room,0,no,no,0,3,"kio, diara, abeeku, kianga, kibara",inga,inhibit_searched,9,NA,NA,3,2,1,NA,0,nico,NA,NA
20230323,7,3,gorillas,kumili,sleep_room,0,no,no,0,3,"kio, diara, abeeku, kianga, kibara",inga,inhibit_searched,10,NA,NA,3,2,1,NA,0,nico,NA,NA
20230323,7,3,gorillas,kumili,sleep_room,0,no,no,0,3,"kio, diara, abeeku, kianga, kibara",inga,inhibit_searched,11,NA,NA,3,2,1,NA,0,nico,NA,NA
20230323,7,3,gorillas,kumili,sleep_room,0,no,no,0,3,"kio, diara, abeeku, kianga, kibara",inga,inhibit_searched,12,NA,NA,3,2,1,NA,0,nico,NA,NA
20230323,7,3,gorillas,diara,sleep_room,0,no,no,0,4,"kio, kumili, abeeku, kianga, kibara",inga,inhibit_searched,1,NA,NA,3,2,1,NA,0,nico,NA,NA
20230323,7,3,gorillas,diara,sleep_room,0,no,no,0,4,"kio, kumili, abeeku, kianga, kibara",inga,inhibit_searched,2,NA,NA,3,2,1,NA,0,nico,NA,NA
20230323,7,3,gorillas,diara,sleep_room,0,no,no,0,4,"kio, kumili, abeeku, kianga, kibara",inga,inhibit_searched,3,NA,NA,3,2,1,NA,0,nico,NA,NA
20230323,7,3,gorillas,diara,sleep_room,0,no,no,0,4,"kio, kumili, abeeku, kianga, kibara",inga,inhibit_searched,4,NA,NA,3,2,1,NA,0,nico,NA,NA
20230323,7,3,gorillas,diara,sleep_room,0,no,no,0,4,"kio, kumili, abeeku, kianga, kibara",inga,inhibit_searched,5,NA,NA,3,2,1,NA,0,nico,NA,NA
20230323,7,3,gorillas,diara,sleep_room,0,no,no,0,4,"kio, kumili, abeeku, kianga, kibara",inga,inhibit_searched,6,NA,NA,3,2,1,NA,0,nico,NA,NA
20230323,7,3,gorillas,diara,sleep_room,0,no,no,0,4,"kio, kumili, abeeku, kianga, kibara",inga,inhibit_searched,7,NA,NA,3,2,1,NA,0,nico,NA,NA
20230323,7,3,gorillas,diara,sleep_room,0,no,no,0,4,"kio, kumili, abeeku, kianga, kibara",inga,inhibit_searched,8,NA,NA,3,2,1,NA,0,nico,NA,NA
20230323,7,3,gorillas,diara,sleep_room,0,no,no,0,4,"kio, kumili, abeeku, kianga, kibara",inga,inhibit_searched,9,NA,NA,3,2,1,NA,0,nico,NA,NA
20230323,7,3,gorillas,diara,sleep_room,0,no,no,0,4,"kio, kumili, abeeku, kianga, kibara",inga,inhibit_searched,10,NA,NA,3,2,1,NA,0,nico,NA,NA
20230323,7,3,gorillas,diara,sleep_room,0,no,no,0,4,"kio, kumili, abeeku, kianga, kibara",inga,inhibit_searched,11,NA,NA,3,2,1,NA,0,nico,NA,NA
20230323,7,3,gorillas,diara,sleep_room,0,no,no,0,4,"kio, kumili, abeeku, kianga, kibara",inga,inhibit_searched,12,NA,NA,3,2,1,NA,0,nico,NA,NA
20230323,7,3,gorillas,abeeku,sleep_room,0,no,no,0,1,"kianga, kibara",inga,inhibit_searched,1,NA,NA,1,3,1,NA,1,nico,NA,NA
20230323,7,3,gorillas,abeeku,sleep_room,0,no,no,0,1,"kianga, kibara",inga,inhibit_searched,2,NA,NA,2,1,3,NA,0,nico,two times,NA
20230323,7,3,gorillas,abeeku,sleep_room,0,no,no,0,1,"kianga, kibara",inga,inhibit_searched,3,NA,NA,1,2,3,NA,0,nico,abeeku watched from backround,NA
20230323,7,3,gorillas,abeeku,sleep_room,0,no,no,0,1,"kianga, kibara",inga,inhibit_searched,4,NA,NA,3,2,1,NA,0,nico,NA,NA
20230323,7,3,gorillas,abeeku,sleep_room,0,no,no,0,1,"kianga, kibara",inga,inhibit_searched,5,NA,NA,2,1,3,NA,0,nico,NA,NA
20230323,7,3,gorillas,kianga,sleep_room,0,no,no,0,5,"kibara, abeeku",inga,inhibit_searched,1,NA,NA,3,1,2,NA,0,nico,NA,NA
20230323,7,3,gorillas,kianga,sleep_room,0,no,no,0,5,"kibara, abeeku",inga,inhibit_searched,2,NA,NA,3,1,2,NA,0,nico,NA,NA
20230323,7,3,gorillas,kianga,sleep_room,0,no,no,0,5,"kibara, abeeku",inga,inhibit_searched,3,NA,NA,3,2,1,NA,0,nico,NA,NA
20230323,7,3,gorillas,kianga,sleep_room,0,no,no,0,5,"kibara, abeeku",inga,inhibit_searched,4,NA,NA,3,2,1,NA,0,nico,NA,NA
20230323,7,3,gorillas,kianga,sleep_room,0,no,no,0,5,"kibara, abeeku",inga,inhibit_searched,5,NA,NA,3,2,1,NA,0,nico,NA,NA
20230323,7,3,gorillas,kianga,sleep_room,0,no,no,0,5,"kibara, abeeku",inga,inhibit_searched,6,NA,NA,3,2,1,NA,0,nico,NA,NA
20230323,7,3,gorillas,kianga,sleep_room,0,no,no,0,5,"kibara, abeeku",inga,inhibit_searched,7,NA,NA,3,2,1,NA,0,nico,NA,NA
20230323,7,3,gorillas,kianga,sleep_room,0,no,no,0,5,"kibara, abeeku",inga,inhibit_searched,8,NA,NA,3,1,2,NA,0,nico,NA,NA
20230323,7,3,gorillas,kianga,sleep_room,0,no,no,0,5,"kibara, abeeku",inga,inhibit_searched,9,NA,NA,3,2,1,NA,0,nico,NA,NA
20230323,7,3,gorillas,kianga,sleep_room,0,no,no,0,5,"kibara, abeeku",inga,inhibit_searched,10,NA,NA,3,2,1,NA,0,nico,NA,NA
20230323,7,3,gorillas,kianga,sleep_room,0,no,no,0,5,"kibara, abeeku",inga,inhibit_searched,11,NA,NA,1,3,2,NA,0,nico,NA,NA
20230323,7,3,gorillas,kianga,sleep_room,0,no,no,0,5,"kibara, abeeku",inga,inhibit_searched,12,NA,NA,3,2,1,NA,0,nico,NA,NA
20230323,7,3,gorillas,kibara,sleep_room,0,no,no,0,2,"kianga, abeeku",inga,inhibit_searched,1,NA,NA,1,3,2,NA,0,nico,NA,NA
20230323,7,3,gorillas,kibara,sleep_room,0,no,no,0,2,"kianga, abeeku",inga,inhibit_searched,2,NA,NA,3,2,1,NA,0,nico,NA,NA
20230323,7,3,gorillas,kibara,sleep_room,0,no,no,0,2,"kianga, abeeku",inga,inhibit_searched,3,NA,NA,3,2,1,NA,0,nico,NA,NA
20230323,7,3,gorillas,kibara,sleep_room,0,no,no,0,2,"kianga, abeeku",inga,inhibit_searched,4,NA,NA,3,2,1,NA,0,nico,NA,NA
20230323,7,3,gorillas,kibara,sleep_room,0,no,no,0,2,"kianga, abeeku",inga,inhibit_searched,5,NA,NA,3,2,1,NA,0,nico,NA,NA
20230323,7,3,gorillas,kibara,sleep_room,0,no,no,0,2,"kianga, abeeku",inga,inhibit_searched,6,NA,NA,3,2,1,NA,0,nico,NA,NA
20230323,7,3,gorillas,kibara,sleep_room,0,no,no,0,2,"kianga, abeeku",inga,inhibit_searched,7,NA,NA,3,2,1,NA,0,nico,NA,NA
20230323,7,3,gorillas,kibara,sleep_room,0,no,no,0,2,"kianga, abeeku",inga,inhibit_searched,8,NA,NA,3,2,1,NA,0,nico,NA,NA
20230323,7,3,gorillas,kibara,sleep_room,0,no,no,0,2,"kianga, abeeku",inga,inhibit_searched,9,NA,NA,3,2,1,NA,0,nico,NA,NA
20230323,7,3,gorillas,kibara,sleep_room,0,no,no,0,2,"kianga, abeeku",inga,inhibit_searched,10,NA,NA,3,2,1,NA,0,nico,NA,NA
20230323,7,3,gorillas,kibara,sleep_room,0,no,no,0,2,"kianga, abeeku",inga,inhibit_searched,11,NA,NA,3,2,1,NA,0,nico,NA,NA
20230323,7,3,gorillas,kibara,sleep_room,0,no,no,0,2,"kianga, abeeku",inga,inhibit_searched,12,NA,NA,3,2,1,NA,0,nico,NA,NA
20230526,8,3,gorillas,kio,sleep_room,0,no,no,5,5,"kumili, abeeku, kianga, kibara, diara",inga,inhibit_searched,1,NA,NA,1,2,3,NA,0,nico,NA,NA
20230526,8,3,gorillas,kio,sleep_room,0,no,no,5,5,"kumili, abeeku, kianga, kibara, diara",inga,inhibit_searched,2,NA,NA,1,2,3,NA,0,nico,NA,NA
20230526,8,3,gorillas,kio,sleep_room,0,no,no,5,5,"kumili, abeeku, kianga, kibara, diara",inga,inhibit_searched,3,NA,NA,1,2,3,NA,0,nico,NA,NA
20230526,8,3,gorillas,kio,sleep_room,0,no,no,5,5,"kumili, abeeku, kianga, kibara, diara",inga,inhibit_searched,4,NA,NA,1,2,3,NA,0,nico,NA,NA
20230526,8,3,gorillas,kio,sleep_room,0,no,no,5,5,"kumili, abeeku, kianga, kibara, diara",inga,inhibit_searched,5,NA,NA,1,2,3,NA,0,nico,NA,NA
20230526,8,3,gorillas,kio,sleep_room,0,no,no,5,5,"kumili, abeeku, kianga, kibara, diara",inga,inhibit_searched,6,NA,NA,1,2,3,NA,0,nico,NA,NA
20230526,8,3,gorillas,kio,sleep_room,0,no,no,5,5,"kumili, abeeku, kianga, kibara, diara",inga,inhibit_searched,7,NA,NA,1,2,3,NA,0,nico,NA,NA
20230526,8,3,gorillas,kio,sleep_room,0,no,no,5,5,"kumili, abeeku, kianga, kibara, diara",inga,inhibit_searched,8,NA,NA,1,2,3,NA,0,nico,NA,NA
20230526,8,3,gorillas,kio,sleep_room,0,no,no,5,5,"kumili, abeeku, kianga, kibara, diara",inga,inhibit_searched,9,NA,NA,1,2,3,NA,0,nico,NA,NA
20230526,8,3,gorillas,kio,sleep_room,0,no,no,5,5,"kumili, abeeku, kianga, kibara, diara",inga,inhibit_searched,10,NA,NA,1,2,3,NA,0,nico,NA,NA
20230526,8,3,gorillas,kio,sleep_room,0,no,no,5,5,"kumili, abeeku, kianga, kibara, diara",inga,inhibit_searched,11,NA,NA,1,2,3,NA,0,nico,NA,NA
20230526,8,3,gorillas,kio,sleep_room,0,no,no,5,5,"kumili, abeeku, kianga, kibara, diara",inga,inhibit_searched,12,NA,NA,1,2,3,NA,0,nico,NA,NA
20230526,8,3,gorillas,kumili,sleep_room,0,no,no,3,3,"kio, diara, abeeku, kianga, kibara",inga,inhibit_searched,1,NA,NA,3,2,1,NA,0,nico,NA,NA
20230526,8,3,gorillas,kumili,sleep_room,0,no,no,3,3,"kio, diara, abeeku, kianga, kibara",inga,inhibit_searched,2,NA,NA,3,2,1,NA,0,nico,NA,NA
20230526,8,3,gorillas,kumili,sleep_room,0,no,no,3,3,"kio, diara, abeeku, kianga, kibara",inga,inhibit_searched,3,NA,NA,3,2,1,NA,0,nico,NA,NA
20230526,8,3,gorillas,kumili,sleep_room,0,no,no,3,3,"kio, diara, abeeku, kianga, kibara",inga,inhibit_searched,4,NA,NA,3,2,1,NA,0,nico,NA,NA
20230526,8,3,gorillas,kumili,sleep_room,0,no,no,3,3,"kio, diara, abeeku, kianga, kibara",inga,inhibit_searched,5,NA,NA,3,2,1,NA,0,nico,NA,NA
20230526,8,3,gorillas,kumili,sleep_room,0,no,no,3,3,"kio, diara, abeeku, kianga, kibara",inga,inhibit_searched,6,NA,NA,3,2,1,NA,0,nico,NA,NA
20230526,8,3,gorillas,kumili,sleep_room,0,no,no,3,3,"kio, diara, abeeku, kianga, kibara",inga,inhibit_searched,7,NA,NA,3,2,1,NA,0,nico,NA,NA
20230526,8,3,gorillas,kumili,sleep_room,0,no,no,3,3,"kio, diara, abeeku, kianga, kibara",inga,inhibit_searched,8,NA,NA,3,2,1,NA,0,nico,NA,NA
20230526,8,3,gorillas,kumili,sleep_room,0,no,no,3,3,"kio, diara, abeeku, kianga, kibara",inga,inhibit_searched,9,NA,NA,3,2,1,NA,0,nico,NA,NA
20230526,8,3,gorillas,kumili,sleep_room,0,no,no,3,3,"kio, diara, abeeku, kianga, kibara",inga,inhibit_searched,10,NA,NA,3,2,1,NA,0,nico,NA,NA
20230526,8,3,gorillas,kumili,sleep_room,0,no,no,3,3,"kio, diara, abeeku, kianga, kibara",inga,inhibit_searched,11,NA,NA,3,2,1,NA,0,nico,NA,NA
20230526,8,3,gorillas,kumili,sleep_room,0,no,no,3,3,"kio, diara, abeeku, kianga, kibara",inga,inhibit_searched,12,NA,NA,3,2,1,NA,0,nico,NA,NA
20230526,8,3,gorillas,diara,sleep_room,0,no,no,5,4,"kio, kumili, abeeku, kianga, kibara",inga,inhibit_searched,1,NA,NA,3,2,1,NA,0,nico,NA,NA
20230526,8,3,gorillas,diara,sleep_room,0,no,no,5,4,"kio, kumili, abeeku, kianga, kibara",inga,inhibit_searched,2,NA,NA,3,2,1,NA,0,nico,NA,NA
20230526,8,3,gorillas,diara,sleep_room,0,no,no,5,4,"kio, kumili, abeeku, kianga, kibara",inga,inhibit_searched,3,NA,NA,3,2,1,NA,0,nico,NA,NA
20230526,8,3,gorillas,diara,sleep_room,0,no,no,5,4,"kio, kumili, abeeku, kianga, kibara",inga,inhibit_searched,4,NA,NA,3,2,1,NA,0,nico,NA,NA
20230526,8,3,gorillas,diara,sleep_room,0,no,no,5,4,"kio, kumili, abeeku, kianga, kibara",inga,inhibit_searched,5,NA,NA,3,2,1,NA,0,nico,NA,NA
20230526,8,3,gorillas,diara,sleep_room,0,no,no,5,4,"kio, kumili, abeeku, kianga, kibara",inga,inhibit_searched,6,NA,NA,3,2,1,NA,0,nico,NA,NA
20230526,8,3,gorillas,diara,sleep_room,0,no,no,5,4,"kio, kumili, abeeku, kianga, kibara",inga,inhibit_searched,7,NA,NA,3,2,1,NA,0,nico,NA,NA
20230526,8,3,gorillas,diara,sleep_room,0,no,no,5,4,"kio, kumili, abeeku, kianga, kibara",inga,inhibit_searched,8,NA,NA,3,2,1,NA,0,nico,NA,NA
20230526,8,3,gorillas,diara,sleep_room,0,no,no,5,4,"kio, kumili, abeeku, kianga, kibara",inga,inhibit_searched,9,NA,NA,3,2,1,NA,0,nico,NA,NA
20230526,8,3,gorillas,diara,sleep_room,0,no,no,5,4,"kio, kumili, abeeku, kianga, kibara",inga,inhibit_searched,10,NA,NA,3,2,1,NA,0,nico,NA,NA
20230526,8,3,gorillas,diara,sleep_room,0,no,no,5,4,"kio, kumili, abeeku, kianga, kibara",inga,inhibit_searched,11,NA,NA,3,2,1,NA,0,nico,NA,NA
20230526,8,3,gorillas,diara,sleep_room,0,no,no,5,4,"kio, kumili, abeeku, kianga, kibara",inga,inhibit_searched,12,NA,NA,3,2,1,NA,0,nico,NA,NA
20230526,8,3,gorillas,abeeku,sleep_room,0,no,no,3,1,"kianga, kibara, diara, kumili, kio",inga,inhibit_searched,1,NA,NA,2,1,3,NA,0,nico,NA,NA
20230526,8,3,gorillas,abeeku,sleep_room,0,no,no,3,1,"kianga, kibara, diara, kumili, kio",inga,inhibit_searched,2,NA,NA,2,3,1,NA,0,nico,NA,NA
20230526,8,3,gorillas,abeeku,sleep_room,0,no,no,3,1,"kianga, kibara, diara, kumili, kio",inga,inhibit_searched,3,NA,NA,1,2,3,NA,0,nico,NA,NA
20230526,8,3,gorillas,abeeku,sleep_room,0,no,no,3,1,"kianga, kibara, diara, kumili, kio",inga,inhibit_searched,4,NA,NA,1,3,2,NA,0,nico,NA,NA
20230526,8,3,gorillas,abeeku,sleep_room,0,no,no,3,1,"kianga, kibara, diara, kumili, kio",inga,inhibit_searched,5,NA,NA,1,3,2,NA,0,nico,NA,NA
20230526,8,3,gorillas,abeeku,sleep_room,0,no,no,3,1,"kianga, kibara, diara, kumili, kio",inga,inhibit_searched,6,NA,NA,3,2,1,NA,0,nico,NA,NA
20230526,8,3,gorillas,abeeku,sleep_room,0,no,no,3,1,"kianga, kibara, diara, kumili, kio",inga,inhibit_searched,7,NA,NA,1,3,2,NA,0,nico,NA,NA
20230526,8,3,gorillas,abeeku,sleep_room,0,no,no,3,1,"kianga, kibara, diara, kumili, kio",inga,inhibit_searched,8,NA,NA,1,3,2,NA,0,nico,NA,NA
20230526,8,3,gorillas,abeeku,sleep_room,0,no,no,3,1,"kianga, kibara, diara, kumili, kio",inga,inhibit_searched,9,NA,NA,1,3,2,NA,0,nico,NA,NA
20230526,8,3,gorillas,abeeku,sleep_room,0,no,no,3,1,"kianga, kibara, diara, kumili, kio",inga,inhibit_searched,10,NA,NA,2,1,3,NA,0,nico,NA,NA
20230526,8,3,gorillas,abeeku,sleep_room,0,no,no,3,1,"kianga, kibara, diara, kumili, kio",inga,inhibit_searched,11,NA,NA,3,2,1,NA,0,nico,NA,NA
20230526,8,3,gorillas,abeeku,sleep_room,0,no,no,3,1,"kianga, kibara, diara, kumili, kio",inga,inhibit_searched,12,NA,NA,1,3,2,NA,0,nico,NA,NA
20230526,8,3,gorillas,kianga,sleep_room,0,no,no,5,5,"kibara, abeeku",inga,inhibit_searched,1,NA,NA,3,1,2,NA,0,nico,NA,NA
20230526,8,3,gorillas,kianga,sleep_room,0,no,no,5,5,"kibara, abeeku",inga,inhibit_searched,2,NA,NA,3,1,2,NA,0,nico,NA,NA
20230526,8,3,gorillas,kianga,sleep_room,0,no,no,5,5,"kibara, abeeku",inga,inhibit_searched,3,NA,NA,3,2,1,NA,0,nico,NA,NA
20230526,8,3,gorillas,kianga,sleep_room,0,no,no,5,5,"kibara, abeeku",inga,inhibit_searched,4,NA,NA,3,2,1,NA,0,nico,NA,NA
20230526,8,3,gorillas,kianga,sleep_room,0,no,no,5,5,"kibara, abeeku",inga,inhibit_searched,5,NA,NA,3,2,1,NA,0,nico,NA,NA
20230526,8,3,gorillas,kianga,sleep_room,0,no,no,5,5,"kibara, abeeku",inga,inhibit_searched,6,NA,NA,3,2,1,NA,0,nico,NA,NA
20230526,8,3,gorillas,kianga,sleep_room,0,no,no,5,5,"kibara, abeeku",inga,inhibit_searched,7,NA,NA,3,2,1,NA,0,nico,finger in mesh,NA
20230526,8,3,gorillas,kianga,sleep_room,0,no,no,5,5,"kibara, abeeku",inga,inhibit_searched,8,NA,NA,3,2,1,NA,0,nico,NA,NA
20230526,8,3,gorillas,kianga,sleep_room,0,no,no,5,5,"kibara, abeeku",inga,inhibit_searched,9,NA,NA,3,2,1,NA,0,nico,NA,NA
20230526,8,3,gorillas,kianga,sleep_room,0,no,no,5,5,"kibara, abeeku",inga,inhibit_searched,10,NA,NA,3,2,1,NA,0,nico,NA,NA
20230526,8,3,gorillas,kianga,sleep_room,0,no,no,5,5,"kibara, abeeku",inga,inhibit_searched,11,NA,NA,1,2,3,NA,0,nico,NA,NA
20230526,8,3,gorillas,kianga,sleep_room,0,no,no,5,5,"kibara, abeeku",inga,inhibit_searched,12,NA,NA,1,2,3,NA,0,nico,finger in mesh,NA
20230526,8,3,gorillas,kibara,sleep_room,0,no,no,3,2,"kianga, abeeku",inga,inhibit_searched,1,NA,NA,3,2,1,NA,0,nico,NA,NA
20230526,8,3,gorillas,kibara,sleep_room,0,no,no,3,2,"kianga, abeeku",inga,inhibit_searched,2,NA,NA,3,2,1,NA,0,nico,NA,NA
20230526,8,3,gorillas,kibara,sleep_room,0,no,no,3,2,"kianga, abeeku",inga,inhibit_searched,3,NA,NA,3,2,1,NA,0,nico,NA,NA
20230526,8,3,gorillas,kibara,sleep_room,0,no,no,3,2,"kianga, abeeku",inga,inhibit_searched,4,NA,NA,3,2,1,NA,0,nico,NA,NA
20230526,8,3,gorillas,kibara,sleep_room,0,no,no,3,2,"kianga, abeeku",inga,inhibit_searched,5,NA,NA,3,2,1,NA,0,nico,NA,NA
20230526,8,3,gorillas,kibara,sleep_room,0,no,no,3,2,"kianga, abeeku",inga,inhibit_searched,6,NA,NA,2,1,3,NA,0,nico,NA,NA
20230526,8,3,gorillas,kibara,sleep_room,0,no,no,3,2,"kianga, abeeku",inga,inhibit_searched,7,NA,NA,3,2,1,NA,0,nico,NA,NA
20230526,8,3,gorillas,kibara,sleep_room,0,no,no,3,2,"kianga, abeeku",inga,inhibit_searched,8,NA,NA,3,2,1,NA,0,nico,NA,NA
20230526,8,3,gorillas,kibara,sleep_room,0,no,no,3,2,"kianga, abeeku",inga,inhibit_searched,9,NA,NA,3,2,1,NA,0,nico,NA,NA
20230526,8,3,gorillas,kibara,sleep_room,0,no,no,3,2,"kianga, abeeku",inga,inhibit_searched,10,NA,NA,3,2,1,NA,0,nico,NA,NA
20230526,8,3,gorillas,kibara,sleep_room,0,no,no,3,2,"kianga, abeeku",inga,inhibit_searched,11,NA,NA,3,2,1,NA,0,nico,NA,NA
20230526,8,3,gorillas,kibara,sleep_room,0,no,no,3,2,"kianga, abeeku",inga,inhibit_searched,12,NA,NA,3,2,1,NA,0,nico,NA,NA
20230804,9,3,gorillas,kio,sleep_room,0,no,no,5,5,"kumili, abeeku, kianga, kibara, diara",inga,inhibit_searched,1,NA,NA,1,2,3,NA,0,nico,NA,NA
20230804,9,3,gorillas,kio,sleep_room,0,no,no,5,5,"kumili, abeeku, kianga, kibara, diara",inga,inhibit_searched,2,NA,NA,1,2,3,NA,0,nico,NA,NA
20230804,9,3,gorillas,kio,sleep_room,0,no,no,5,5,"kumili, abeeku, kianga, kibara, diara",inga,inhibit_searched,3,NA,NA,1,2,3,NA,0,nico,NA,NA
20230804,9,3,gorillas,kio,sleep_room,0,no,no,5,5,"kumili, abeeku, kianga, kibara, diara",inga,inhibit_searched,4,NA,NA,1,2,3,NA,0,nico,NA,NA
20230804,9,3,gorillas,kio,sleep_room,0,no,no,5,5,"kumili, abeeku, kianga, kibara, diara",inga,inhibit_searched,5,NA,NA,1,2,3,NA,0,nico,NA,NA
20230804,9,3,gorillas,kio,sleep_room,0,no,no,5,5,"kumili, abeeku, kianga, kibara, diara",inga,inhibit_searched,6,NA,NA,1,2,3,NA,0,nico,NA,NA
20230804,9,3,gorillas,kio,sleep_room,0,no,no,5,5,"kumili, abeeku, kianga, kibara, diara",inga,inhibit_searched,7,NA,NA,1,2,3,NA,0,nico,NA,NA
20230804,9,3,gorillas,kio,sleep_room,0,no,no,5,5,"kumili, abeeku, kianga, kibara, diara",inga,inhibit_searched,8,NA,NA,1,2,3,NA,0,nico,NA,NA
20230804,9,3,gorillas,kio,sleep_room,0,no,no,5,5,"kumili, abeeku, kianga, kibara, diara",inga,inhibit_searched,9,NA,NA,1,2,3,NA,0,nico,NA,NA
20230804,9,3,gorillas,kio,sleep_room,0,no,no,5,5,"kumili, abeeku, kianga, kibara, diara",inga,inhibit_searched,10,NA,NA,1,2,3,NA,0,nico,NA,NA
20230804,9,3,gorillas,kio,sleep_room,0,no,no,5,5,"kumili, abeeku, kianga, kibara, diara",inga,inhibit_searched,11,NA,NA,1,2,3,NA,0,nico,NA,NA
20230804,9,3,gorillas,kio,sleep_room,0,no,no,5,5,"kumili, abeeku, kianga, kibara, diara",inga,inhibit_searched,12,NA,NA,1,2,3,NA,0,nico,NA,NA
20230804,9,3,gorillas,kumili,sleep_room,0,no,no,3,3,"kio, diara, abeeku, kianga, kibara",inga,inhibit_searched,1,NA,NA,3,2,1,NA,0,nico,NA,NA
20230804,9,3,gorillas,kumili,sleep_room,0,no,no,3,3,"kio, diara, abeeku, kianga, kibara",inga,inhibit_searched,2,NA,NA,3,2,1,NA,0,nico,finger in mesh,NA
20230804,9,3,gorillas,kumili,sleep_room,0,no,no,3,3,"kio, diara, abeeku, kianga, kibara",inga,inhibit_searched,3,NA,NA,3,2,1,NA,0,nico,NA,NA
20230804,9,3,gorillas,kumili,sleep_room,0,no,no,3,3,"kio, diara, abeeku, kianga, kibara",inga,inhibit_searched,4,NA,NA,3,2,1,NA,0,nico,NA,NA
20230804,9,3,gorillas,kumili,sleep_room,0,no,no,3,3,"kio, diara, abeeku, kianga, kibara",inga,inhibit_searched,5,NA,NA,3,2,1,NA,0,nico,NA,NA
20230804,9,3,gorillas,kumili,sleep_room,0,no,no,3,3,"kio, diara, abeeku, kianga, kibara",inga,inhibit_searched,6,NA,NA,3,2,1,NA,0,nico,NA,NA
20230804,9,3,gorillas,kumili,sleep_room,0,no,no,3,3,"kio, diara, abeeku, kianga, kibara",inga,inhibit_searched,7,NA,NA,3,2,1,NA,0,nico,NA,NA
20230804,9,3,gorillas,kumili,sleep_room,0,no,no,3,3,"kio, diara, abeeku, kianga, kibara",inga,inhibit_searched,8,NA,NA,3,2,1,NA,0,nico,NA,NA
20230804,9,3,gorillas,kumili,sleep_room,0,no,no,3,3,"kio, diara, abeeku, kianga, kibara",inga,inhibit_searched,9,NA,NA,1,3,2,NA,0,nico,finger in mesh,NA
20230804,9,3,gorillas,kumili,sleep_room,0,no,no,3,3,"kio, diara, abeeku, kianga, kibara",inga,inhibit_searched,10,NA,NA,3,2,1,NA,0,nico,NA,NA
20230804,9,3,gorillas,kumili,sleep_room,0,no,no,3,3,"kio, diara, abeeku, kianga, kibara",inga,inhibit_searched,11,NA,NA,3,2,1,NA,0,nico,NA,NA
20230804,9,3,gorillas,kumili,sleep_room,0,no,no,3,3,"kio, diara, abeeku, kianga, kibara",inga,inhibit_searched,12,NA,NA,3,2,1,NA,0,nico,NA,NA
20230804,9,3,gorillas,diara,sleep_room,0,no,no,5,4,"kio, kumili, abeeku, kianga, kibara",inga,inhibit_searched,1,NA,NA,3,2,1,NA,0,nico,NA,NA
20230804,9,3,gorillas,diara,sleep_room,0,no,no,5,4,"kio, kumili, abeeku, kianga, kibara",inga,inhibit_searched,2,NA,NA,3,2,1,NA,0,nico,NA,NA
20230804,9,3,gorillas,diara,sleep_room,0,no,no,5,4,"kio, kumili, abeeku, kianga, kibara",inga,inhibit_searched,3,NA,NA,3,2,1,NA,0,nico,NA,NA
20230804,9,3,gorillas,diara,sleep_room,0,no,no,5,4,"kio, kumili, abeeku, kianga, kibara",inga,inhibit_searched,4,NA,NA,3,2,1,NA,0,nico,NA,NA
20230804,9,3,gorillas,diara,sleep_room,0,no,no,5,4,"kio, kumili, abeeku, kianga, kibara",inga,inhibit_searched,5,NA,NA,3,2,1,NA,0,nico,NA,NA
20230804,9,3,gorillas,diara,sleep_room,0,no,no,5,4,"kio, kumili, abeeku, kianga, kibara",inga,inhibit_searched,6,NA,NA,3,2,1,NA,0,nico,NA,NA
20230804,9,3,gorillas,diara,sleep_room,0,no,no,5,4,"kio, kumili, abeeku, kianga, kibara",inga,inhibit_searched,7,NA,NA,3,2,1,NA,0,nico,NA,NA
20230804,9,3,gorillas,diara,sleep_room,0,no,no,5,4,"kio, kumili, abeeku, kianga, kibara",inga,inhibit_searched,8,NA,NA,3,2,1,NA,0,nico,NA,NA
20230804,9,3,gorillas,diara,sleep_room,0,no,no,5,4,"kio, kumili, abeeku, kianga, kibara",inga,inhibit_searched,9,NA,NA,3,2,1,NA,0,nico,NA,NA
20230804,9,3,gorillas,diara,sleep_room,0,no,no,5,4,"kio, kumili, abeeku, kianga, kibara",inga,inhibit_searched,10,NA,NA,3,2,1,NA,0,nico,NA,NA
20230804,9,3,gorillas,diara,sleep_room,0,no,no,5,4,"kio, kumili, abeeku, kianga, kibara",inga,inhibit_searched,11,NA,NA,3,2,1,NA,0,nico,NA,NA
20230804,9,3,gorillas,diara,sleep_room,0,no,no,5,4,"kio, kumili, abeeku, kianga, kibara",inga,inhibit_searched,12,NA,NA,3,2,1,NA,0,nico,NA,NA
20230804,9,3,gorillas,abeeku,sleep_room,0,no,no,3,1,"kianga, kibara",inga,inhibit_searched,1,NA,NA,2,3,1,NA,0,nico,NA,NA
20230804,9,3,gorillas,abeeku,sleep_room,0,no,no,3,1,"kianga, kibara",inga,inhibit_searched,2,NA,NA,1,3,2,NA,0,nico,NA,NA
20230804,9,3,gorillas,abeeku,sleep_room,0,no,no,3,1,"kianga, kibara",inga,inhibit_searched,3,NA,NA,2,1,3,NA,0,nico,NA,NA
20230804,9,3,gorillas,abeeku,sleep_room,0,no,no,3,1,"kianga, kibara",inga,inhibit_searched,4,NA,NA,2,1,3,NA,0,nico,NA,NA
20230804,9,3,gorillas,abeeku,sleep_room,0,no,no,3,1,"kianga, kibara",inga,inhibit_searched,5,NA,NA,3,2,1,NA,0,nico,NA,NA
20230804,9,3,gorillas,abeeku,sleep_room,0,no,no,3,1,"kianga, kibara",inga,inhibit_searched,6,NA,NA,3,2,1,NA,0,nico,NA,NA
20230804,9,3,gorillas,abeeku,sleep_room,0,no,no,3,1,"kianga, kibara",inga,inhibit_searched,7,NA,NA,3,1,2,NA,0,nico,NA,NA
20230804,9,3,gorillas,abeeku,sleep_room,0,no,no,3,1,"kianga, kibara",inga,inhibit_searched,8,NA,NA,3,2,1,NA,0,nico,NA,NA
20230804,9,3,gorillas,abeeku,sleep_room,0,no,no,3,1,"kianga, kibara",inga,inhibit_searched,9,NA,NA,1,3,2,NA,0,nico,NA,NA
20230804,9,3,gorillas,abeeku,sleep_room,0,no,no,3,1,"kianga, kibara",inga,inhibit_searched,10,NA,NA,3,1,2,NA,0,nico,NA,NA
20230804,9,3,gorillas,abeeku,sleep_room,0,no,no,3,1,"kianga, kibara",inga,inhibit_searched,11,NA,NA,1,3,2,NA,0,nico,NA,NA
20230804,9,3,gorillas,abeeku,sleep_room,0,no,no,3,1,"kianga, kibara",inga,inhibit_searched,12,NA,NA,3,2,1,NA,0,nico,NA,NA
20230804,9,3,gorillas,kianga,sleep_room,0,no,no,5,5,"kibara, abeeku",inga,inhibit_searched,1,NA,NA,3,2,2,NA,1,nico,NA,NA
20230804,9,3,gorillas,kianga,sleep_room,0,no,no,5,5,"kibara, abeeku",inga,inhibit_searched,2,NA,NA,3,2,1,NA,0,nico,NA,NA
20230804,9,3,gorillas,kianga,sleep_room,0,no,no,5,5,"kibara, abeeku",inga,inhibit_searched,3,NA,NA,3,2,1,NA,0,nico,NA,NA
20230804,9,3,gorillas,kianga,sleep_room,0,no,no,5,5,"kibara, abeeku",inga,inhibit_searched,4,NA,NA,3,2,2,NA,1,nico,NA,NA
20230804,9,3,gorillas,kianga,sleep_room,0,no,no,5,5,"kibara, abeeku",inga,inhibit_searched,5,NA,NA,3,2,1,NA,0,nico,NA,NA
20230804,9,3,gorillas,kianga,sleep_room,0,no,no,5,5,"kibara, abeeku",inga,inhibit_searched,6,NA,NA,3,2,1,NA,0,nico,NA,NA
20230804,9,3,gorillas,kianga,sleep_room,0,no,no,5,5,"kibara, abeeku",inga,inhibit_searched,7,NA,NA,3,2,1,NA,0,nico,NA,NA
20230804,9,3,gorillas,kianga,sleep_room,0,no,no,5,5,"kibara, abeeku",inga,inhibit_searched,8,NA,NA,3,2,1,NA,0,nico,NA,NA
20230804,9,3,gorillas,kianga,sleep_room,0,no,no,5,5,"kibara, abeeku",inga,inhibit_searched,9,NA,NA,3,2,1,NA,0,nico,NA,NA
20230804,9,3,gorillas,kianga,sleep_room,0,no,no,5,5,"kibara, abeeku",inga,inhibit_searched,10,NA,NA,3,2,1,NA,0,nico,NA,NA
20230804,9,3,gorillas,kianga,sleep_room,0,no,no,5,5,"kibara, abeeku",inga,inhibit_searched,11,NA,NA,3,2,2,NA,1,nico,NA,NA
20230804,9,3,gorillas,kianga,sleep_room,0,no,no,5,5,"kibara, abeeku",inga,inhibit_searched,12,NA,NA,3,2,2,NA,1,nico,NA,NA
20230804,9,3,gorillas,kibara,sleep_room,0,no,no,3,2,"kianga, abeeku",inga,inhibit_searched,1,NA,NA,3,2,1,NA,0,nico,NA,NA
20230804,9,3,gorillas,kibara,sleep_room,0,no,no,3,2,"kianga, abeeku",inga,inhibit_searched,2,NA,NA,3,2,1,NA,0,nico,NA,NA
20230804,9,3,gorillas,kibara,sleep_room,0,no,no,3,2,"kianga, abeeku",inga,inhibit_searched,3,NA,NA,3,2,1,NA,0,nico,NA,NA
20230804,9,3,gorillas,kibara,sleep_room,0,no,no,3,2,"kianga, abeeku",inga,inhibit_searched,4,NA,NA,3,2,1,NA,0,nico,NA,NA
20230804,9,3,gorillas,kibara,sleep_room,0,no,no,3,2,"kianga, abeeku",inga,inhibit_searched,5,NA,NA,3,2,1,NA,0,nico,NA,NA
20230804,9,3,gorillas,kibara,sleep_room,0,no,no,3,2,"kianga, abeeku",inga,inhibit_searched,6,NA,NA,3,2,1,NA,0,nico,NA,NA
20230804,9,3,gorillas,kibara,sleep_room,0,no,no,3,2,"kianga, abeeku",inga,inhibit_searched,7,NA,NA,3,2,1,NA,0,nico,NA,NA
20230804,9,3,gorillas,kibara,sleep_room,0,no,no,3,2,"kianga, abeeku",inga,inhibit_searched,8,NA,NA,3,2,1,NA,0,nico,NA,NA
20230804,9,3,gorillas,kibara,sleep_room,0,no,no,3,2,"kianga, abeeku",inga,inhibit_searched,9,NA,NA,3,2,1,NA,0,nico,NA,NA
20230804,9,3,gorillas,kibara,sleep_room,0,no,no,3,2,"kianga, abeeku",inga,inhibit_searched,10,NA,NA,3,2,1,NA,0,nico,NA,NA
20230804,9,3,gorillas,kibara,sleep_room,0,no,no,3,2,"kianga, abeeku",inga,inhibit_searched,11,NA,NA,3,2,1,NA,0,nico,NA,NA
20230804,9,3,gorillas,kibara,sleep_room,0,no,no,3,2,"kianga, abeeku",inga,inhibit_searched,12,NA,NA,3,2,1,NA,0,nico,NA,NA
20231009,10,3,gorillas,kio,sleep_room,0,no,no,3,5,"kumili, abeeku, kianga, kibara, diara",inga,inhibit_searched,1,NA,NA,1,2,3,NA,0,nico,NA,NA
20231009,10,3,gorillas,kio,sleep_room,0,no,no,3,5,"kumili, abeeku, kianga, kibara, diara",inga,inhibit_searched,2,NA,NA,1,2,3,NA,0,nico,NA,NA
20231009,10,3,gorillas,kio,sleep_room,0,no,no,3,5,"kumili, abeeku, kianga, kibara, diara",inga,inhibit_searched,3,NA,NA,1,2,3,NA,0,nico,both sides,NA
20231009,10,3,gorillas,kio,sleep_room,0,no,no,3,5,"kumili, abeeku, kianga, kibara, diara",inga,inhibit_searched,4,NA,NA,1,2,3,NA,0,nico,NA,NA
20231009,10,3,gorillas,kio,sleep_room,0,no,no,3,5,"kumili, abeeku, kianga, kibara, diara",inga,inhibit_searched,5,NA,NA,1,2,3,NA,0,nico,NA,NA
20231009,10,3,gorillas,kio,sleep_room,0,no,no,3,5,"kumili, abeeku, kianga, kibara, diara",inga,inhibit_searched,6,NA,NA,1,2,3,NA,0,nico,NA,NA
20231009,10,3,gorillas,kio,sleep_room,0,no,no,3,5,"kumili, abeeku, kianga, kibara, diara",inga,inhibit_searched,7,NA,NA,1,2,3,NA,0,nico,NA,NA
20231009,10,3,gorillas,kio,sleep_room,0,no,no,3,5,"kumili, abeeku, kianga, kibara, diara",inga,inhibit_searched,8,NA,NA,1,2,3,NA,0,nico,NA,NA
20231009,10,3,gorillas,kio,sleep_room,0,no,no,3,5,"kumili, abeeku, kianga, kibara, diara",inga,inhibit_searched,9,NA,NA,1,2,3,NA,0,nico,NA,NA
20231009,10,3,gorillas,kio,sleep_room,0,no,no,3,5,"kumili, abeeku, kianga, kibara, diara",inga,inhibit_searched,10,NA,NA,1,2,3,NA,0,nico,NA,NA
20231009,10,3,gorillas,kio,sleep_room,0,no,no,3,5,"kumili, abeeku, kianga, kibara, diara",inga,inhibit_searched,11,NA,NA,1,2,3,NA,0,nico,NA,NA
20231009,10,3,gorillas,kio,sleep_room,0,no,no,3,5,"kumili, abeeku, kianga, kibara, diara",inga,inhibit_searched,12,NA,NA,1,2,3,NA,0,nico,NA,NA
20231009,10,3,gorillas,kumili,sleep_room,0,no,no,3,3,"kio, diara, abeeku, kianga, kibara",inga,inhibit_searched,1,NA,NA,3,2,1,NA,0,nico,NA,NA
20231009,10,3,gorillas,kumili,sleep_room,0,no,no,3,3,"kio, diara, abeeku, kianga, kibara",inga,inhibit_searched,2,NA,NA,3,2,1,NA,0,nico,NA,NA
20231009,10,3,gorillas,kumili,sleep_room,0,no,no,3,3,"kio, diara, abeeku, kianga, kibara",inga,inhibit_searched,3,NA,NA,3,2,1,NA,0,nico,NA,NA
20231009,10,3,gorillas,kumili,sleep_room,0,no,no,3,3,"kio, diara, abeeku, kianga, kibara",inga,inhibit_searched,4,NA,NA,3,2,1,NA,0,nico,NA,NA
20231009,10,3,gorillas,kumili,sleep_room,0,no,no,3,3,"kio, diara, abeeku, kianga, kibara",inga,inhibit_searched,5,NA,NA,3,2,1,NA,0,nico,NA,NA
20231009,10,3,gorillas,kumili,sleep_room,0,no,no,3,3,"kio, diara, abeeku, kianga, kibara",inga,inhibit_searched,6,NA,NA,3,2,1,NA,0,nico,NA,NA
20231009,10,3,gorillas,kumili,sleep_room,0,no,no,3,3,"kio, diara, abeeku, kianga, kibara",inga,inhibit_searched,7,NA,NA,3,2,1,NA,0,nico,NA,NA
20231009,10,3,gorillas,kumili,sleep_room,0,no,no,3,3,"kio, diara, abeeku, kianga, kibara",inga,inhibit_searched,8,NA,NA,3,2,1,NA,0,nico,NA,NA
20231009,10,3,gorillas,kumili,sleep_room,0,no,no,3,3,"kio, diara, abeeku, kianga, kibara",inga,inhibit_searched,9,NA,NA,3,2,1,NA,0,nico,NA,NA
20231009,10,3,gorillas,kumili,sleep_room,0,no,no,3,3,"kio, diara, abeeku, kianga, kibara",inga,inhibit_searched,10,NA,NA,3,2,1,NA,0,nico,NA,NA
20231009,10,3,gorillas,kumili,sleep_room,0,no,no,3,3,"kio, diara, abeeku, kianga, kibara",inga,inhibit_searched,11,NA,NA,3,2,1,NA,0,nico,NA,NA
20231009,10,3,gorillas,kumili,sleep_room,0,no,no,3,3,"kio, diara, abeeku, kianga, kibara",inga,inhibit_searched,12,NA,NA,3,2,1,NA,0,nico,NA,NA
20231009,10,3,gorillas,diara,sleep_room,0,no,no,3,4,"kio, kumili, abeeku, kianga, kibara",inga,inhibit_searched,1,NA,NA,3,2,1,NA,0,nico,NA,NA
20231009,10,3,gorillas,diara,sleep_room,0,no,no,3,4,"kio, kumili, abeeku, kianga, kibara",inga,inhibit_searched,2,NA,NA,3,2,1,NA,0,nico,NA,NA
20231009,10,3,gorillas,diara,sleep_room,0,no,no,3,4,"kio, kumili, abeeku, kianga, kibara",inga,inhibit_searched,3,NA,NA,3,2,1,NA,0,nico,NA,NA
20231009,10,3,gorillas,diara,sleep_room,0,no,no,3,4,"kio, kumili, abeeku, kianga, kibara",inga,inhibit_searched,4,NA,NA,3,2,1,NA,0,nico,NA,NA
20231009,10,3,gorillas,diara,sleep_room,0,no,no,3,4,"kio, kumili, abeeku, kianga, kibara",inga,inhibit_searched,5,NA,NA,3,2,1,NA,0,nico,NA,NA
20231009,10,3,gorillas,diara,sleep_room,0,no,no,3,4,"kio, kumili, abeeku, kianga, kibara",inga,inhibit_searched,6,NA,NA,3,2,1,NA,0,nico,NA,NA
20231009,10,3,gorillas,diara,sleep_room,0,no,no,3,4,"kio, kumili, abeeku, kianga, kibara",inga,inhibit_searched,7,NA,NA,3,2,1,NA,0,nico,NA,NA
20231009,10,3,gorillas,diara,sleep_room,0,no,no,3,4,"kio, kumili, abeeku, kianga, kibara",inga,inhibit_searched,8,NA,NA,3,2,1,NA,0,nico,NA,NA
20231009,10,3,gorillas,diara,sleep_room,0,no,no,3,4,"kio, kumili, abeeku, kianga, kibara",inga,inhibit_searched,9,NA,NA,3,2,1,NA,0,nico,NA,NA
20231009,10,3,gorillas,diara,sleep_room,0,no,no,3,4,"kio, kumili, abeeku, kianga, kibara",inga,inhibit_searched,10,NA,NA,3,2,1,NA,0,nico,NA,NA
20231009,10,3,gorillas,diara,sleep_room,0,no,no,3,4,"kio, kumili, abeeku, kianga, kibara",inga,inhibit_searched,11,NA,NA,3,2,1,NA,0,nico,NA,NA
20231009,10,3,gorillas,diara,sleep_room,0,no,no,3,4,"kio, kumili, abeeku, kianga, kibara",inga,inhibit_searched,12,NA,NA,3,2,1,NA,0,nico,NA,NA
20231009,10,3,gorillas,abeeku,sleep_room,0,no,no,3,1,"kianga, kibara",inga,inhibit_searched,1,NA,NA,2,1,3,NA,0,nico,NA,NA
20231009,10,3,gorillas,abeeku,sleep_room,0,no,no,3,1,"kianga, kibara",inga,inhibit_searched,2,NA,NA,2,3,1,NA,0,nico,NA,NA
20231009,10,3,gorillas,abeeku,sleep_room,0,no,no,3,1,"kianga, kibara",inga,inhibit_searched,3,NA,NA,3,1,2,NA,0,nico,NA,NA
20231009,10,3,gorillas,abeeku,sleep_room,0,no,no,3,1,"kianga, kibara",inga,inhibit_searched,4,NA,NA,2,1,3,NA,0,nico,NA,NA
20231009,10,3,gorillas,abeeku,sleep_room,0,no,no,3,1,"kianga, kibara",inga,inhibit_searched,5,NA,NA,3,2,1,NA,0,nico,NA,NA
20231009,10,3,gorillas,abeeku,sleep_room,0,no,no,3,1,"kianga, kibara",inga,inhibit_searched,6,NA,NA,3,2,1,NA,0,nico,NA,NA
20231009,10,3,gorillas,abeeku,sleep_room,0,no,no,3,1,"kianga, kibara",inga,inhibit_searched,7,NA,NA,3,2,1,NA,0,nico,NA,NA
20231009,10,3,gorillas,abeeku,sleep_room,0,no,no,3,1,"kianga, kibara",inga,inhibit_searched,8,NA,NA,3,2,1,NA,0,nico,NA,NA
20231009,10,3,gorillas,abeeku,sleep_room,0,no,no,3,1,"kianga, kibara",inga,inhibit_searched,9,NA,NA,3,2,1,NA,0,nico,NA,NA
20231009,10,3,gorillas,abeeku,sleep_room,0,no,no,3,1,"kianga, kibara",inga,inhibit_searched,10,NA,NA,2,1,3,NA,0,nico,NA,NA
20231009,10,3,gorillas,abeeku,sleep_room,0,no,no,3,1,"kianga, kibara",inga,inhibit_searched,11,NA,NA,3,2,1,NA,0,nico,NA,NA
20231009,10,3,gorillas,abeeku,sleep_room,0,no,no,3,1,"kianga, kibara",inga,inhibit_searched,12,NA,NA,3,2,1,NA,0,nico,NA,NA
20231009,10,3,gorillas,kibara,sleep_room,0,no,no,3,2,"kianga, abeeku",inga,inhibit_searched,1,NA,NA,3,2,1,NA,0,nico,NA,NA
20231009,10,3,gorillas,kibara,sleep_room,0,no,no,3,2,"kianga, abeeku",inga,inhibit_searched,2,NA,NA,3,2,1,NA,0,nico,NA,NA
20231009,10,3,gorillas,kibara,sleep_room,0,no,no,3,2,"kianga, abeeku",inga,inhibit_searched,3,NA,NA,3,2,1,NA,0,nico,NA,NA
20231009,10,3,gorillas,kibara,sleep_room,0,no,no,3,2,"kianga, abeeku",inga,inhibit_searched,4,NA,NA,3,2,1,NA,0,nico,NA,NA
20231009,10,3,gorillas,kibara,sleep_room,0,no,no,3,2,"kianga, abeeku",inga,inhibit_searched,5,NA,NA,1,2,2,NA,1,nico,NA,NA
20231009,10,3,gorillas,kibara,sleep_room,0,no,no,3,2,"kianga, abeeku",inga,inhibit_searched,6,NA,NA,3,2,1,NA,0,nico,NA,NA
20231009,10,3,gorillas,kibara,sleep_room,0,no,no,3,2,"kianga, abeeku",inga,inhibit_searched,7,NA,NA,3,1,2,NA,0,nico,NA,NA
20231009,10,3,gorillas,kibara,sleep_room,0,no,no,3,2,"kianga, abeeku",inga,inhibit_searched,8,NA,NA,3,2,1,NA,0,nico,NA,NA
20231009,10,3,gorillas,kibara,sleep_room,0,no,no,3,2,"kianga, abeeku",inga,inhibit_searched,9,NA,NA,3,2,1,NA,0,nico,NA,NA
20231009,10,3,gorillas,kibara,sleep_room,0,no,no,3,2,"kianga, abeeku",inga,inhibit_searched,10,NA,NA,3,2,1,NA,0,nico,NA,NA
20231009,10,3,gorillas,kibara,sleep_room,0,no,no,3,2,"kianga, abeeku",inga,inhibit_searched,11,NA,NA,3,2,1,NA,0,nico,NA,NA
20231009,10,3,gorillas,kibara,sleep_room,0,no,no,3,2,"kianga, abeeku",inga,inhibit_searched,12,NA,NA,2,1,3,NA,0,nico,NA,NA
20231009,10,3,gorillas,kianga,sleep_room,0,no,no,3,5,"kibara, abeeku",inga,inhibit_searched,1,NA,NA,3,2,1,NA,0,nico,NA,NA
20231009,10,3,gorillas,kianga,sleep_room,0,no,no,3,5,"kibara, abeeku",inga,inhibit_searched,2,NA,NA,3,2,1,NA,0,nico,NA,NA
20231009,10,3,gorillas,kianga,sleep_room,0,no,no,3,5,"kibara, abeeku",inga,inhibit_searched,3,NA,NA,3,2,1,NA,0,nico,NA,NA
20231009,10,3,gorillas,kianga,sleep_room,0,no,no,3,5,"kibara, abeeku",inga,inhibit_searched,4,NA,NA,3,2,1,NA,0,nico,NA,NA
20231009,10,3,gorillas,kianga,sleep_room,0,no,no,3,5,"kibara, abeeku",inga,inhibit_searched,5,NA,NA,3,2,1,NA,0,nico,NA,NA
20231009,10,3,gorillas,kianga,sleep_room,0,no,no,3,5,"kibara, abeeku",inga,inhibit_searched,6,NA,NA,2,3,1,NA,0,nico,NA,NA
20231009,10,3,gorillas,kianga,sleep_room,0,no,no,3,5,"kibara, abeeku",inga,inhibit_searched,7,NA,NA,2,3,1,NA,0,nico,NA,NA
20231009,10,3,gorillas,kianga,sleep_room,0,no,no,3,5,"kibara, abeeku",inga,inhibit_searched,8,NA,NA,2,3,1,NA,0,nico,NA,NA
20231009,10,3,gorillas,kianga,sleep_room,0,no,no,3,5,"kibara, abeeku",inga,inhibit_searched,9,NA,NA,2,3,1,NA,0,nico,NA,NA
20231009,10,3,gorillas,kianga,sleep_room,0,no,no,3,5,"kibara, abeeku",inga,inhibit_searched,10,NA,NA,3,2,1,NA,0,nico,NA,NA
20231009,10,3,gorillas,kianga,sleep_room,0,no,no,3,5,"kibara, abeeku",inga,inhibit_searched,11,NA,NA,2,3,1,NA,0,nico,NA,NA
20231009,10,3,gorillas,kianga,sleep_room,0,no,no,3,5,"kibara, abeeku",inga,inhibit_searched,12,NA,NA,2,3,1,NA,0,nico,NA,NA
20220506,1,2,orangs,pini,sleep_room,3,no,no,36,2,NA,mark,inhibit_searched,1,NA,NA,2,1,2,NA,1,nico,NA,NA
20220506,1,2,orangs,pini,sleep_room,3,no,no,36,2,NA,mark,inhibit_searched,2,NA,NA,3,1,2,NA,0,nico,NA,NA
20220506,1,2,orangs,pini,sleep_room,3,no,no,36,2,NA,mark,inhibit_searched,3,NA,NA,3,2,1,NA,0,nico,NA,NA
20220506,1,2,orangs,pini,sleep_room,3,no,no,36,2,NA,mark,inhibit_searched,4,NA,NA,2,3,1,NA,0,nico,NA,NA
20220506,1,2,orangs,pini,sleep_room,3,no,no,36,2,NA,mark,inhibit_searched,5,NA,NA,2,3,1,NA,0,nico,NA,NA
20220506,1,2,orangs,pini,sleep_room,3,no,no,36,2,NA,mark,inhibit_searched,6,NA,NA,3,2,1,NA,0,nico,NA,NA
20220506,1,2,orangs,pini,sleep_room,3,no,no,36,2,NA,mark,inhibit_searched,7,NA,NA,3,2,1,NA,0,nico,NA,NA
20220506,1,2,orangs,pini,sleep_room,3,no,no,36,2,NA,mark,inhibit_searched,8,NA,NA,3,2,1,NA,0,nico,NA,NA
20220506,1,2,orangs,pini,sleep_room,3,no,no,36,2,NA,mark,inhibit_searched,9,NA,NA,3,1,2,NA,0,nico,NA,NA
20220506,1,2,orangs,pini,sleep_room,3,no,no,36,2,NA,mark,inhibit_searched,10,NA,NA,3,2,1,NA,0,nico,NA,NA
20220506,1,2,orangs,pini,sleep_room,3,no,no,36,2,NA,mark,inhibit_searched,11,NA,NA,3,2,1,NA,0,nico,NA,NA
20220506,1,2,orangs,pini,sleep_room,3,no,no,36,2,NA,mark,inhibit_searched,12,NA,NA,3,2,1,NA,0,nico,NA,NA
20220506,1,2,orangs,dokana,sleep_room,5,no,no,36,3,NA,mark,inhibit_searched,1,NA,NA,3,2,1,NA,0,nico,NA,NA
20220506,1,2,orangs,dokana,sleep_room,5,no,no,36,3,NA,mark,inhibit_searched,2,NA,NA,2,3,2,NA,1,nico,NA,NA
20220506,1,2,orangs,dokana,sleep_room,5,no,no,36,3,NA,mark,inhibit_searched,3,NA,NA,2,3,1,NA,0,nico,NA,NA
20220506,1,2,orangs,dokana,sleep_room,5,no,no,36,3,NA,mark,inhibit_searched,4,NA,NA,2,3,1,NA,0,nico,NA,NA
20220506,1,2,orangs,dokana,sleep_room,5,no,no,36,3,NA,mark,inhibit_searched,5,NA,NA,2,3,1,NA,0,nico,NA,NA
20220506,1,2,orangs,dokana,sleep_room,5,no,no,36,3,NA,mark,inhibit_searched,6,NA,NA,2,3,1,NA,0,nico,NA,NA
20220506,1,2,orangs,dokana,sleep_room,5,no,no,36,3,NA,mark,inhibit_searched,7,NA,NA,2,3,1,NA,0,nico,NA,NA
20220506,1,2,orangs,dokana,sleep_room,5,no,no,36,3,NA,mark,inhibit_searched,8,NA,NA,2,3,1,NA,0,nico,NA,NA
20220506,1,2,orangs,dokana,sleep_room,5,no,no,36,3,NA,mark,inhibit_searched,9,NA,NA,1,3,2,NA,0,nico,NA,NA
20220506,1,2,orangs,dokana,sleep_room,5,no,no,36,3,NA,mark,inhibit_searched,10,NA,NA,2,3,1,NA,0,nico,NA,NA
20220506,1,2,orangs,dokana,sleep_room,5,no,no,36,3,NA,mark,inhibit_searched,11,NA,NA,2,3,1,NA,0,nico,NA,NA
20220506,1,2,orangs,dokana,sleep_room,5,no,no,36,3,NA,mark,inhibit_searched,12,NA,NA,2,3,1,NA,0,nico,NA,NA
20220506,1,2,orangs,padana,sleep_room,0,no,no,36,4,sari,mark,inhibit_searched,1,NA,NA,1,3,2,NA,0,nico,NA,NA
20220506,1,2,orangs,padana,sleep_room,0,no,no,36,4,sari,mark,inhibit_searched,2,NA,NA,1,2,3,NA,0,nico,NA,NA
20220506,1,2,orangs,padana,sleep_room,0,no,no,36,4,sari,mark,inhibit_searched,3,NA,NA,2,3,1,NA,0,nico,NA,NA
20220506,1,2,orangs,padana,sleep_room,0,no,no,36,4,sari,mark,inhibit_searched,4,NA,NA,1,2,3,NA,0,nico,NA,NA
20220506,1,2,orangs,padana,sleep_room,0,no,no,36,4,sari,mark,inhibit_searched,5,NA,NA,1,3,2,NA,0,nico,NA,NA
20220506,1,2,orangs,padana,sleep_room,0,no,no,36,4,sari,mark,inhibit_searched,6,NA,NA,3,2,1,NA,0,nico,NA,NA
20220506,1,2,orangs,padana,sleep_room,0,no,no,36,4,sari,mark,inhibit_searched,7,NA,NA,1,2,3,NA,0,nico,NA,NA
20220506,1,2,orangs,padana,sleep_room,0,no,no,36,4,sari,mark,inhibit_searched,8,NA,NA,3,2,1,NA,0,nico,NA,NA
20220506,1,2,orangs,padana,sleep_room,0,no,no,36,4,sari,mark,inhibit_searched,9,NA,NA,1,3,2,NA,0,nico,NA,NA
20220506,1,2,orangs,padana,sleep_room,0,no,no,36,4,sari,mark,inhibit_searched,10,NA,NA,3,2,1,NA,0,nico,NA,NA
20220506,1,2,orangs,padana,sleep_room,0,no,no,36,4,sari,mark,inhibit_searched,11,NA,NA,2,1,3,NA,0,nico,NA,NA
20220506,1,2,orangs,padana,sleep_room,0,no,no,36,4,sari,mark,inhibit_searched,12,NA,NA,3,2,1,NA,0,nico,NA,NA
20220506,1,2,orangs,raja,sleep_room,0,no,no,36,5,lursa,mark,inhibit_searched,1,NA,NA,1,2,1,NA,1,nico,very long breaks between the pushes,NA
20220506,1,2,orangs,raja,sleep_room,0,no,no,36,5,lursa,mark,inhibit_searched,2,NA,NA,3,1,2,NA,0,nico,very long breaks between the pushes,NA
20220506,1,2,orangs,raja,sleep_room,0,no,no,36,5,lursa,mark,inhibit_searched,3,NA,NA,3,2,1,NA,0,nico,very long breaks between the pushes,NA
20220506,1,2,orangs,raja,sleep_room,0,no,no,36,5,lursa,mark,inhibit_searched,4,NA,NA,3,2,1,NA,0,nico,very long breaks between the pushes,NA
20220506,1,2,orangs,raja,sleep_room,0,no,no,36,5,lursa,mark,inhibit_searched,5,NA,NA,3,2,1,NA,0,nico,very long breaks between the pushes,NA
20220506,1,2,orangs,raja,sleep_room,0,no,no,36,5,lursa,mark,inhibit_searched,6,NA,NA,3,2,1,NA,0,nico,NA,NA
20220506,1,2,orangs,raja,sleep_room,0,no,no,36,5,lursa,mark,inhibit_searched,7,NA,NA,3,2,1,NA,0,nico,NA,NA
20220506,1,2,orangs,raja,sleep_room,0,no,no,36,5,lursa,mark,inhibit_searched,8,NA,NA,3,2,1,NA,0,nico,NA,NA
20220506,1,2,orangs,raja,sleep_room,0,no,no,36,5,lursa,mark,inhibit_searched,9,NA,NA,3,2,1,NA,0,nico,NA,NA
20220506,1,2,orangs,raja,sleep_room,0,no,no,36,5,lursa,mark,inhibit_searched,10,NA,NA,3,2,1,NA,0,nico,NA,NA
20220506,1,2,orangs,raja,sleep_room,0,no,no,36,5,lursa,mark,inhibit_searched,11,NA,NA,3,2,1,NA,0,nico,NA,NA
20220506,1,2,orangs,raja,sleep_room,0,no,no,36,5,lursa,mark,inhibit_searched,12,NA,NA,3,2,1,NA,0,nico,NA,NA
20220506,1,2,orangs,bimbo,sleep_room,0,no,no,22,1,"raja, lursa",mark,inhibit_searched,1,NA,NA,3,2,1,NA,0,nico,NA,NA
20220506,1,2,orangs,bimbo,sleep_room,0,no,no,22,1,"raja, lursa",mark,inhibit_searched,2,NA,NA,3,2,1,NA,0,nico,NA,NA
20220506,1,2,orangs,bimbo,sleep_room,0,no,no,22,1,"raja, lursa",mark,inhibit_searched,3,NA,NA,3,2,1,NA,0,nico,NA,NA
20220506,1,2,orangs,bimbo,sleep_room,0,no,no,22,1,"raja, lursa",mark,inhibit_searched,4,NA,NA,3,2,1,NA,0,nico,NA,NA
20220506,1,2,orangs,bimbo,sleep_room,0,no,no,22,1,"raja, lursa",mark,inhibit_searched,5,NA,NA,3,2,1,NA,0,nico,NA,NA
20220506,1,2,orangs,bimbo,sleep_room,0,no,no,22,1,"raja, lursa",mark,inhibit_searched,6,NA,NA,3,2,1,NA,0,nico,NA,NA
20220506,1,2,orangs,bimbo,sleep_room,0,no,no,22,1,"raja, lursa",mark,inhibit_searched,7,NA,NA,3,2,1,NA,0,nico,NA,NA
20220506,1,2,orangs,bimbo,sleep_room,0,no,no,22,1,"raja, lursa",mark,inhibit_searched,8,NA,NA,3,2,1,NA,0,nico,NA,NA
20220506,1,2,orangs,bimbo,sleep_room,0,no,no,22,1,"raja, lursa",mark,inhibit_searched,9,NA,NA,3,2,1,NA,0,nico,NA,NA
20220506,1,2,orangs,bimbo,sleep_room,0,no,no,22,1,"raja, lursa",mark,inhibit_searched,10,NA,NA,3,2,1,NA,0,nico,NA,NA
20220506,1,2,orangs,bimbo,sleep_room,0,no,no,22,1,"raja, lursa",mark,inhibit_searched,11,NA,NA,3,2,1,NA,0,nico,NA,NA
20220506,1,2,orangs,bimbo,sleep_room,0,no,no,22,1,"raja, lursa",mark,inhibit_searched,12,NA,NA,3,2,1,NA,0,nico,NA,NA
20220702,2,3,orangs,bimbo,sleep_room,0,no,no,22,1,NA,mark,inhibit_searched,1,NA,NA,3,2,3,NA,1,nico,NA,NA
20220702,2,3,orangs,bimbo,sleep_room,0,no,no,22,1,NA,mark,inhibit_searched,2,NA,NA,3,2,2,NA,1,nico,NA,NA
20220702,2,3,orangs,bimbo,sleep_room,0,no,no,22,1,NA,mark,inhibit_searched,3,NA,NA,3,3,2,NA,1,nico,NA,NA
20220702,2,3,orangs,bimbo,sleep_room,0,no,no,22,1,NA,mark,inhibit_searched,4,NA,NA,1,3,3,NA,1,nico,NA,NA
20220702,2,3,orangs,bimbo,sleep_room,0,no,no,22,1,NA,mark,inhibit_searched,5,NA,NA,2,1,2,NA,1,nico,NA,NA
20220702,2,3,orangs,bimbo,sleep_room,0,no,no,22,1,NA,mark,inhibit_searched,6,NA,NA,2,1,3,NA,0,nico,NA,NA
20220702,2,3,orangs,bimbo,sleep_room,0,no,no,22,1,NA,mark,inhibit_searched,7,NA,NA,3,3,1,NA,1,nico,NA,NA
20220702,2,3,orangs,bimbo,sleep_room,0,no,no,22,1,NA,mark,inhibit_searched,8,NA,NA,2,1,3,NA,0,nico,NA,NA
20220702,2,3,orangs,bimbo,sleep_room,0,no,no,22,1,NA,mark,inhibit_searched,9,NA,NA,1,1,2,NA,0,nico,NA,NA
20220702,2,3,orangs,pini,sleep_room,0,no,no,29,2,NA,mark,inhibit_searched,1,NA,NA,3,1,2,NA,0,nico,NA,NA
20220702,2,3,orangs,pini,sleep_room,0,no,no,29,2,NA,mark,inhibit_searched,2,NA,NA,1,2,3,NA,0,nico,NA,NA
20220702,2,3,orangs,pini,sleep_room,0,no,no,29,2,NA,mark,inhibit_searched,3,NA,NA,2,1,2,NA,0,nico,NA,NA
20220702,2,3,orangs,pini,sleep_room,0,no,no,29,2,NA,mark,inhibit_searched,4,NA,NA,2,3,1,NA,0,nico,NA,NA
20220702,2,3,orangs,pini,sleep_room,0,no,no,29,2,NA,mark,inhibit_searched,5,NA,NA,2,3,1,NA,0,nico,NA,NA
20220702,2,3,orangs,pini,sleep_room,0,no,no,29,2,NA,mark,inhibit_searched,6,NA,NA,3,2,1,NA,0,nico,NA,NA
20220702,2,3,orangs,pini,sleep_room,0,no,no,29,2,NA,mark,inhibit_searched,7,NA,NA,2,3,1,NA,0,nico,finger in mesh,NA
20220702,2,3,orangs,pini,sleep_room,0,no,no,29,2,NA,mark,inhibit_searched,8,NA,NA,1,2,3,NA,0,nico,NA,NA
20220702,2,3,orangs,pini,sleep_room,0,no,no,29,2,NA,mark,inhibit_searched,9,NA,NA,2,3,1,NA,0,nico,NA,NA
20220702,2,3,orangs,pini,sleep_room,0,no,no,29,2,NA,mark,inhibit_searched,10,NA,NA,3,2,1,NA,0,nico,NA,NA
20220702,2,3,orangs,pini,sleep_room,0,no,no,29,2,NA,mark,inhibit_searched,11,NA,NA,3,2,1,NA,0,nico,NA,NA
20220702,2,3,orangs,pini,sleep_room,0,no,no,29,2,NA,mark,inhibit_searched,12,NA,NA,3,2,1,NA,0,nico,NA,NA
20220702,2,3,orangs,raja,sleep_room,0,no,no,30,5,lursa,mark,inhibit_searched,1,NA,NA,1,2,3,NA,0,nico,NA,NA
20220702,2,3,orangs,raja,sleep_room,0,no,no,30,5,lursa,mark,inhibit_searched,2,NA,NA,3,2,1,NA,0,nico,NA,NA
20220702,2,3,orangs,raja,sleep_room,0,no,no,30,5,lursa,mark,inhibit_searched,3,NA,NA,2,3,1,NA,0,nico,NA,NA
20220702,2,3,orangs,raja,sleep_room,0,no,no,30,5,lursa,mark,inhibit_searched,4,NA,NA,3,2,1,NA,0,nico,NA,NA
20220702,2,3,orangs,raja,sleep_room,0,no,no,30,5,lursa,mark,inhibit_searched,5,NA,NA,3,2,1,NA,0,nico,NA,NA
20220702,2,3,orangs,raja,sleep_room,0,no,no,30,5,lursa,mark,inhibit_searched,6,NA,NA,1,2,3,NA,0,nico,NA,NA
20220702,2,3,orangs,raja,sleep_room,0,no,no,30,5,lursa,mark,inhibit_searched,7,NA,NA,2,1,3,NA,0,nico,NA,NA
20220702,2,3,orangs,raja,sleep_room,0,no,no,30,5,lursa,mark,inhibit_searched,8,NA,NA,1,2,3,NA,0,nico,NA,NA
20220702,2,3,orangs,raja,sleep_room,0,no,no,30,5,lursa,mark,inhibit_searched,9,NA,NA,3,2,1,NA,0,nico,NA,NA
20220702,2,3,orangs,raja,sleep_room,0,no,no,30,5,lursa,mark,inhibit_searched,10,NA,NA,1,2,3,NA,0,nico,NA,NA
20220702,2,3,orangs,raja,sleep_room,0,no,no,30,5,lursa,mark,inhibit_searched,11,NA,NA,3,2,1,NA,0,nico,NA,NA
20220702,2,3,orangs,raja,sleep_room,0,no,no,30,5,lursa,mark,inhibit_searched,12,NA,NA,1,2,3,NA,0,nico,NA,NA
20220702,2,3,orangs,padana,sleep_room,0,no,no,30,4,sari,mark,inhibit_searched,1,NA,NA,3,2,1,NA,0,nico,NA,NA
20220702,2,3,orangs,padana,sleep_room,0,no,no,30,4,sari,mark,inhibit_searched,2,NA,NA,2,3,2,NA,1,nico,NA,NA
20220702,2,3,orangs,padana,sleep_room,0,no,no,30,4,sari,mark,inhibit_searched,3,NA,NA,3,2,1,NA,0,nico,NA,NA
20220702,2,3,orangs,padana,sleep_room,0,no,no,30,4,sari,mark,inhibit_searched,4,NA,NA,2,1,3,NA,0,nico,NA,NA
20220702,2,3,orangs,padana,sleep_room,0,no,no,30,4,sari,mark,inhibit_searched,5,NA,NA,3,2,1,NA,0,nico,NA,NA
20220702,2,3,orangs,padana,sleep_room,0,no,no,30,4,sari,mark,inhibit_searched,6,NA,NA,3,2,1,NA,0,nico,NA,NA
20220702,2,3,orangs,padana,sleep_room,0,no,no,30,4,sari,mark,inhibit_searched,7,NA,NA,3,2,1,NA,0,nico,NA,NA
20220702,2,3,orangs,padana,sleep_room,0,no,no,30,4,sari,mark,inhibit_searched,8,NA,NA,2,1,3,NA,0,nico,NA,NA
20220702,2,3,orangs,padana,sleep_room,0,no,no,30,4,sari,mark,inhibit_searched,9,NA,NA,3,2,1,NA,0,nico,NA,NA
20220702,2,3,orangs,padana,sleep_room,0,no,no,30,4,sari,mark,inhibit_searched,10,NA,NA,3,2,1,NA,0,nico,NA,NA
20220702,2,3,orangs,padana,sleep_room,0,no,no,30,4,sari,mark,inhibit_searched,11,NA,NA,2,1,3,NA,0,nico,NA,NA
20220702,2,3,orangs,padana,sleep_room,0,no,no,30,4,sari,mark,inhibit_searched,12,NA,NA,2,3,1,NA,0,nico,NA,NA
20220702,2,3,orangs,dokana,sleep_room,6,no,no,30,3,NA,mark,inhibit_searched,1,NA,NA,1,2,3,NA,0,nico,NA,NA
20220702,2,3,orangs,dokana,sleep_room,6,no,no,30,3,NA,mark,inhibit_searched,2,NA,NA,3,1,2,NA,0,nico,NA,NA
20220702,2,3,orangs,dokana,sleep_room,6,no,no,30,3,NA,mark,inhibit_searched,3,NA,NA,3,2,1,NA,0,nico,NA,NA
20220702,2,3,orangs,dokana,sleep_room,6,no,no,30,3,NA,mark,inhibit_searched,4,NA,NA,2,3,1,NA,0,nico,NA,NA
20220702,2,3,orangs,dokana,sleep_room,6,no,no,30,3,NA,mark,inhibit_searched,5,NA,NA,1,2,3,NA,0,nico,NA,NA
20220702,2,3,orangs,dokana,sleep_room,6,no,no,30,3,NA,mark,inhibit_searched,6,NA,NA,3,1,2,NA,0,nico,NA,NA
20220702,2,3,orangs,dokana,sleep_room,6,no,no,30,3,NA,mark,inhibit_searched,7,NA,NA,2,1,3,NA,0,nico,NA,NA
20220702,2,3,orangs,dokana,sleep_room,6,no,no,30,3,NA,mark,inhibit_searched,8,NA,NA,2,1,3,NA,0,nico,NA,NA
20220702,2,3,orangs,dokana,sleep_room,6,no,no,30,3,NA,mark,inhibit_searched,9,NA,NA,2,1,3,NA,0,nico,NA,NA
20220702,2,3,orangs,dokana,sleep_room,6,no,no,30,3,NA,mark,inhibit_searched,10,NA,NA,2,1,2,NA,1,nico,NA,NA
20220702,2,3,orangs,dokana,sleep_room,6,no,no,30,3,NA,mark,inhibit_searched,11,NA,NA,1,3,2,NA,0,nico,NA,NA
20220702,2,3,orangs,dokana,sleep_room,6,no,no,30,3,NA,mark,inhibit_searched,12,NA,NA,1,2,3,NA,0,nico,NA,NA
20220826,3,3,orangs,raja,sleep_room,0,no,no,25,5,lursa,nicole,inhibit_searched,1,NA,NA,2,3,1,NA,0,nico,NA,NA
20220826,3,3,orangs,raja,sleep_room,0,no,no,25,5,lursa,nicole,inhibit_searched,2,NA,NA,3,2,1,NA,0,nico,NA,NA
20220826,3,3,orangs,raja,sleep_room,0,no,no,25,5,lursa,nicole,inhibit_searched,3,NA,NA,2,1,3,NA,0,nico,NA,NA
20220826,3,3,orangs,raja,sleep_room,0,no,no,25,5,lursa,nicole,inhibit_searched,4,NA,NA,1,2,3,NA,0,nico,NA,NA
20220826,3,3,orangs,raja,sleep_room,0,no,no,25,5,lursa,nicole,inhibit_searched,5,NA,NA,2,3,1,NA,0,nico,NA,NA
20220826,3,3,orangs,raja,sleep_room,0,no,no,25,5,lursa,nicole,inhibit_searched,6,NA,NA,2,3,1,NA,0,nico,NA,NA
20220826,3,3,orangs,raja,sleep_room,0,no,no,25,5,lursa,nicole,inhibit_searched,7,NA,NA,1,2,3,NA,0,nico,NA,NA
20220826,3,3,orangs,raja,sleep_room,0,no,no,25,5,lursa,nicole,inhibit_searched,8,NA,NA,1,2,3,NA,0,nico,NA,NA
20220826,3,3,orangs,raja,sleep_room,0,no,no,25,5,lursa,nicole,inhibit_searched,9,NA,NA,3,2,1,NA,0,nico,NA,NA
20220826,3,3,orangs,raja,sleep_room,0,no,no,25,5,lursa,nicole,inhibit_searched,10,NA,NA,1,2,3,NA,0,nico,NA,NA
20220826,3,3,orangs,raja,sleep_room,0,no,no,25,5,lursa,nicole,inhibit_searched,11,NA,NA,3,2,1,NA,0,nico,NA,NA
20220826,3,3,orangs,raja,sleep_room,0,no,no,25,5,lursa,nicole,inhibit_searched,12,NA,NA,1,2,3,NA,0,nico,NA,NA
20220826,3,3,orangs,dokana,sleep_room,6,no,no,26,3,NA,nicole,inhibit_searched,1,NA,NA,2,3,1,NA,0,nico,NA,NA
20220826,3,3,orangs,dokana,sleep_room,6,no,no,26,3,NA,nicole,inhibit_searched,2,NA,NA,2,3,1,NA,0,nico,NA,NA
20220826,3,3,orangs,dokana,sleep_room,6,no,no,26,3,NA,nicole,inhibit_searched,3,NA,NA,1,3,2,NA,0,nico,NA,NA
20220826,3,3,orangs,dokana,sleep_room,6,no,no,26,3,NA,nicole,inhibit_searched,4,NA,NA,2,3,1,NA,0,nico,NA,NA
20220826,3,3,orangs,dokana,sleep_room,6,no,no,26,3,NA,nicole,inhibit_searched,5,NA,NA,2,3,2,NA,1,nico,NA,NA
20220826,3,3,orangs,dokana,sleep_room,6,no,no,26,3,NA,nicole,inhibit_searched,6,NA,NA,2,1,3,NA,0,nico,NA,NA
20220826,3,3,orangs,dokana,sleep_room,6,no,no,26,3,NA,nicole,inhibit_searched,7,NA,NA,1,2,3,NA,0,nico,NA,NA
20220826,3,3,orangs,dokana,sleep_room,6,no,no,26,3,NA,nicole,inhibit_searched,8,NA,NA,2,3,1,NA,0,nico,NA,NA
20220826,3,3,orangs,dokana,sleep_room,6,no,no,26,3,NA,nicole,inhibit_searched,9,NA,NA,2,3,1,NA,0,nico,NA,NA
20220826,3,3,orangs,dokana,sleep_room,6,no,no,26,3,NA,nicole,inhibit_searched,10,NA,NA,3,2,1,NA,0,nico,NA,NA
20220826,3,3,orangs,dokana,sleep_room,6,no,no,26,3,NA,nicole,inhibit_searched,11,NA,NA,1,3,2,NA,0,nico,NA,NA
20220826,3,3,orangs,dokana,sleep_room,6,no,no,26,3,NA,nicole,inhibit_searched,12,NA,NA,2,3,1,NA,0,nico,NA,NA
20220826,3,3,orangs,padana,sleep_room,0,no,no,25,4,padana,nicole,inhibit_searched,1,NA,NA,3,1,2,NA,0,nico,NA,NA
20220826,3,3,orangs,padana,sleep_room,0,no,no,25,4,padana,nicole,inhibit_searched,2,NA,NA,2,1,3,NA,0,nico,NA,NA
20220826,3,3,orangs,padana,sleep_room,0,no,no,25,4,padana,nicole,inhibit_searched,3,NA,NA,3,2,1,NA,0,nico,NA,NA
20220826,3,3,orangs,padana,sleep_room,0,no,no,25,4,padana,nicole,inhibit_searched,4,NA,NA,2,1,3,NA,0,nico,NA,NA
20220826,3,3,orangs,padana,sleep_room,0,no,no,25,4,padana,nicole,inhibit_searched,5,NA,NA,1,3,2,NA,0,nico,NA,NA
20220826,3,3,orangs,padana,sleep_room,0,no,no,25,4,padana,nicole,inhibit_searched,6,NA,NA,3,2,1,NA,0,nico,NA,NA
20220826,3,3,orangs,padana,sleep_room,0,no,no,25,4,padana,nicole,inhibit_searched,7,NA,NA,3,2,1,NA,0,nico,NA,NA
20220826,3,3,orangs,padana,sleep_room,0,no,no,25,4,padana,nicole,inhibit_searched,8,NA,NA,3,2,1,NA,0,nico,NA,NA
20220826,3,3,orangs,padana,sleep_room,0,no,no,25,4,padana,nicole,inhibit_searched,9,NA,NA,2,3,1,NA,0,nico,NA,NA
20220826,3,3,orangs,padana,sleep_room,0,no,no,25,4,padana,nicole,inhibit_searched,10,NA,NA,3,2,1,NA,0,nico,NA,NA
20220826,3,3,orangs,padana,sleep_room,0,no,no,25,4,padana,nicole,inhibit_searched,11,NA,NA,3,2,1,NA,0,nico,NA,NA
20220826,3,3,orangs,padana,sleep_room,0,no,no,25,4,padana,nicole,inhibit_searched,12,NA,NA,3,2,1,NA,0,nico,NA,NA
20220826,3,3,orangs,sari,sleep_room,0,no,no,19,6,NA,nicole,inhibit_searched,1,NA,NA,3,1,2,NA,0,nico,away,NA
20220826,3,3,orangs,sari,sleep_room,0,no,no,19,6,NA,nicole,inhibit_searched,2,NA,NA,2,3,1,NA,0,nico,away,NA
20220826,3,3,orangs,sari,sleep_room,0,no,no,19,6,NA,nicole,inhibit_searched,3,NA,NA,2,2,3,NA,1,nico,away,NA
20220826,3,3,orangs,sari,sleep_room,0,no,no,19,6,NA,nicole,inhibit_searched,4,NA,NA,2,2,1,NA,1,nico,away,NA
20220826,3,3,orangs,sari,sleep_room,0,no,no,19,6,NA,nicole,inhibit_searched,5,NA,NA,2,2,3,NA,1,nico,away,NA
20220826,3,3,orangs,sari,sleep_room,0,no,no,19,6,NA,nicole,inhibit_searched,6,NA,NA,2,1,2,NA,1,nico,away,NA
20220826,3,3,orangs,pini,sleep_room,0,no,no,25,2,NA,nicole,inhibit_searched,1,NA,NA,1,3,2,NA,0,nico,NA,NA
20220826,3,3,orangs,pini,sleep_room,0,no,no,25,2,NA,nicole,inhibit_searched,2,NA,NA,1,2,3,NA,0,nico,NA,NA
20220826,3,3,orangs,pini,sleep_room,0,no,no,25,2,NA,nicole,inhibit_searched,3,NA,NA,3,2,1,NA,0,nico,NA,NA
20220826,3,3,orangs,pini,sleep_room,0,no,no,25,2,NA,nicole,inhibit_searched,4,NA,NA,3,1,2,NA,0,nico,NA,NA
20220826,3,3,orangs,pini,sleep_room,0,no,no,25,2,NA,nicole,inhibit_searched,5,NA,NA,1,2,3,NA,0,nico,NA,NA
20220826,3,3,orangs,pini,sleep_room,0,no,no,25,2,NA,nicole,inhibit_searched,6,NA,NA,3,2,1,NA,0,nico,NA,NA
20220826,3,3,orangs,pini,sleep_room,0,no,no,25,2,NA,nicole,inhibit_searched,7,NA,NA,2,1,3,NA,0,nico,NA,NA
20220826,3,3,orangs,pini,sleep_room,0,no,no,25,2,NA,nicole,inhibit_searched,8,NA,NA,3,2,1,NA,0,nico,NA,NA
20220826,3,3,orangs,pini,sleep_room,0,no,no,25,2,NA,nicole,inhibit_searched,9,NA,NA,3,2,1,NA,0,nico,NA,NA
20220826,3,3,orangs,pini,sleep_room,0,no,no,25,2,NA,nicole,inhibit_searched,10,NA,NA,3,2,1,NA,0,nico,NA,NA
20220826,3,3,orangs,pini,sleep_room,0,no,no,25,2,NA,nicole,inhibit_searched,11,NA,NA,3,2,1,NA,0,nico,NA,NA
20220826,3,3,orangs,pini,sleep_room,0,no,no,25,2,NA,nicole,inhibit_searched,12,NA,NA,2,3,1,NA,0,nico,NA,NA
20220826,3,3,orangs,bimbo,sleep_room,0,no,no,18,1,"raja, lursa",nicole,inhibit_searched,1,NA,NA,2,3,2,NA,1,nico,NA,NA
20221209,5,3,orangs,pini,sleep_room,3,no,yes,20,2,NA,robert,inhibit_searched,1,NA,NA,1,3,2,NA,0,nico,NA,NA
20221209,5,3,orangs,pini,sleep_room,3,no,yes,20,2,NA,robert,inhibit_searched,2,NA,NA,2,1,3,NA,0,nico,NA,NA
20221209,5,3,orangs,pini,sleep_room,3,no,yes,20,2,NA,robert,inhibit_searched,3,NA,NA,2,1,3,NA,0,nico,NA,NA
20221209,5,3,orangs,pini,sleep_room,3,no,yes,20,2,NA,robert,inhibit_searched,4,NA,NA,2,1,3,NA,0,nico,NA,NA
20221209,5,3,orangs,pini,sleep_room,3,no,yes,20,2,NA,robert,inhibit_searched,5,NA,NA,1,2,3,NA,0,nico,NA,NA
20221209,5,3,orangs,pini,sleep_room,3,no,yes,20,2,NA,robert,inhibit_searched,6,NA,NA,1,2,3,NA,0,nico,NA,NA
20221209,5,3,orangs,raja,sleep_room,0,no,yes,20,5,lursa,robert,inhibit_searched,1,NA,NA,3,2,1,NA,0,nico,NA,NA
20221209,5,3,orangs,raja,sleep_room,0,no,yes,20,5,lursa,robert,inhibit_searched,2,NA,NA,3,2,1,NA,0,nico,NA,NA
20221209,5,3,orangs,raja,sleep_room,0,no,yes,20,5,lursa,robert,inhibit_searched,3,NA,NA,3,2,1,NA,0,nico,NA,NA
20221209,5,3,orangs,raja,sleep_room,0,no,yes,20,5,lursa,robert,inhibit_searched,4,NA,NA,2,3,1,NA,0,nico,NA,NA
20221209,5,3,orangs,raja,sleep_room,0,no,yes,20,5,lursa,robert,inhibit_searched,5,NA,NA,2,1,3,NA,0,nico,NA,NA
20221209,5,3,orangs,raja,sleep_room,0,no,yes,20,5,lursa,robert,inhibit_searched,6,NA,NA,1,2,3,NA,0,nico,NA,NA
20221209,5,3,orangs,raja,sleep_room,0,no,yes,20,5,lursa,robert,inhibit_searched,7,NA,NA,1,2,3,NA,0,nico,finger in mesh,NA
20221209,5,3,orangs,dokana,sleep_room,7,no,yes,20,3,NA,robert,inhibit_searched,1,NA,NA,1,3,2,NA,0,nico,NA,NA
20221209,5,3,orangs,dokana,sleep_room,7,no,yes,20,3,NA,robert,inhibit_searched,2,NA,NA,1,2,3,NA,0,nico,NA,NA
20221209,5,3,orangs,dokana,sleep_room,7,no,yes,20,3,NA,robert,inhibit_searched,3,NA,NA,2,1,3,NA,0,nico,NA,NA
20221209,5,3,orangs,dokana,sleep_room,7,no,yes,20,3,NA,robert,inhibit_searched,4,NA,NA,3,1,2,NA,0,nico,NA,NA
20221209,5,3,orangs,dokana,sleep_room,7,no,yes,20,3,NA,robert,inhibit_searched,5,NA,NA,3,1,2,NA,0,nico,NA,NA
20221209,5,3,orangs,dokana,sleep_room,7,no,yes,20,3,NA,robert,inhibit_searched,6,NA,NA,2,1,3,NA,0,nico,NA,NA
20221209,5,3,orangs,dokana,sleep_room,7,no,yes,20,3,NA,robert,inhibit_searched,7,NA,NA,2,3,1,NA,0,nico,NA,NA
20221209,5,3,orangs,dokana,sleep_room,7,no,yes,20,3,NA,robert,inhibit_searched,8,NA,NA,2,3,1,NA,0,nico,NA,NA
20221209,5,3,orangs,dokana,sleep_room,7,no,yes,20,3,NA,robert,inhibit_searched,9,NA,NA,3,2,1,NA,0,nico,NA,NA
20221209,5,3,orangs,dokana,sleep_room,7,no,yes,20,3,NA,robert,inhibit_searched,10,NA,NA,3,2,1,NA,0,nico,NA,NA
20221209,5,3,orangs,dokana,sleep_room,7,no,yes,20,3,NA,robert,inhibit_searched,11,NA,NA,1,2,3,NA,0,nico,NA,NA
20221209,5,3,orangs,dokana,sleep_room,7,no,yes,20,3,NA,robert,inhibit_searched,12,NA,NA,3,1,2,NA,0,nico,NA,NA
20221209,5,3,orangs,padana,sleep_room,0,no,yes,20,4,sari,robert,inhibit_searched,1,NA,NA,2,1,3,NA,0,nico,NA,NA
20221209,5,3,orangs,padana,sleep_room,0,no,yes,20,4,sari,robert,inhibit_searched,2,NA,NA,3,2,1,NA,0,nico,NA,NA
20221209,5,3,orangs,padana,sleep_room,0,no,yes,20,4,sari,robert,inhibit_searched,3,NA,NA,2,1,3,NA,0,nico,NA,NA
20221209,5,3,orangs,padana,sleep_room,0,no,yes,20,4,sari,robert,inhibit_searched,4,NA,NA,2,1,3,NA,0,nico,NA,NA
20221209,5,3,orangs,padana,sleep_room,0,no,yes,20,4,sari,robert,inhibit_searched,5,NA,NA,3,2,1,NA,0,nico,NA,NA
20221209,5,3,orangs,padana,sleep_room,0,no,yes,20,4,sari,robert,inhibit_searched,6,NA,NA,3,2,1,NA,0,nico,NA,NA
20221209,5,3,orangs,sari,sleep_room,0,no,yes,21,6,padana,robert,inhibit_searched,1,NA,NA,1,2,2,NA,1,nico,NA,NA
20221209,5,3,orangs,sari,sleep_room,0,no,yes,21,6,padana,robert,inhibit_searched,2,NA,NA,1,2,3,NA,0,nico,NA,NA
20221209,5,3,orangs,sari,sleep_room,0,no,yes,21,6,padana,robert,inhibit_searched,3,NA,NA,1,2,3,NA,0,nico,NA,NA
20221209,5,3,orangs,sari,sleep_room,0,no,yes,21,6,padana,robert,inhibit_searched,4,NA,NA,1,2,2,NA,1,nico,NA,NA
20221209,5,3,orangs,sari,sleep_room,0,no,yes,21,6,padana,robert,inhibit_searched,5,NA,NA,2,1,2,NA,1,nico,NA,NA
20221209,5,3,orangs,sari,sleep_room,0,no,yes,21,6,padana,robert,inhibit_searched,6,NA,NA,3,2,3,NA,1,nico,NA,NA
20221209,5,3,orangs,bimbo,sleep_room,0,no,no,2,1,"raja, lursa",robert,inhibit_searched,1,NA,NA,3,2,1,NA,0,nico,NA,NA
20221209,5,3,orangs,bimbo,sleep_room,0,no,no,2,1,"raja, lursa",robert,inhibit_searched,2,NA,NA,2,3,1,NA,0,nico,NA,NA
20221209,5,3,orangs,bimbo,sleep_room,0,no,no,2,1,"raja, lursa",robert,inhibit_searched,3,NA,NA,2,3,1,NA,0,nico,NA,NA
20221209,5,3,orangs,bimbo,sleep_room,0,no,no,2,1,"raja, lursa",robert,inhibit_searched,4,NA,NA,2,3,1,NA,0,nico,NA,NA
20221209,5,3,orangs,bimbo,sleep_room,0,no,no,2,1,"raja, lursa",robert,inhibit_searched,5,NA,NA,1,3,2,NA,0,nico,NA,NA
20221209,5,3,orangs,bimbo,sleep_room,0,no,no,2,1,"raja, lursa",robert,inhibit_searched,6,NA,NA,3,1,2,NA,0,nico,NA,NA
20221209,5,3,orangs,bimbo,sleep_room,0,no,no,2,1,"raja, lursa",robert,inhibit_searched,7,NA,NA,3,2,1,NA,0,nico,NA,NA
20221209,5,3,orangs,bimbo,sleep_room,0,no,no,2,1,"raja, lursa",robert,inhibit_searched,8,NA,NA,3,2,1,NA,0,nico,NA,NA
20221209,5,3,orangs,bimbo,sleep_room,0,no,no,2,1,"raja, lursa",robert,inhibit_searched,9,NA,NA,1,2,3,NA,0,nico,NA,NA
20221209,5,3,orangs,bimbo,sleep_room,0,no,no,2,1,"raja, lursa",robert,inhibit_searched,10,NA,NA,2,1,3,NA,0,nico,NA,NA
20221209,5,3,orangs,bimbo,sleep_room,0,no,no,2,1,"raja, lursa",robert,inhibit_searched,11,NA,NA,3,2,1,NA,0,nico,NA,NA
20221209,5,3,orangs,bimbo,sleep_room,0,no,no,2,1,"raja, lursa",robert,inhibit_searched,12,NA,NA,3,2,1,NA,0,nico,NA,NA
20230212,6,3,orangs,dokana,sleep_room,7,no,no,42,3,NA,nicole,inhibit_searched,1,NA,NA,3,1,2,NA,0,nico,NA,NA
20230212,6,3,orangs,dokana,sleep_room,7,no,no,42,3,NA,nicole,inhibit_searched,2,NA,NA,2,3,1,NA,0,nico,NA,NA
20230212,6,3,orangs,dokana,sleep_room,7,no,no,42,3,NA,nicole,inhibit_searched,3,NA,NA,3,2,1,NA,0,nico,NA,NA
20230212,6,3,orangs,dokana,sleep_room,7,no,no,42,3,NA,nicole,inhibit_searched,4,NA,NA,2,3,1,NA,0,nico,NA,NA
20230212,6,3,orangs,dokana,sleep_room,7,no,no,42,3,NA,nicole,inhibit_searched,5,NA,NA,1,3,2,NA,0,nico,NA,NA
20230212,6,3,orangs,dokana,sleep_room,7,no,no,42,3,NA,nicole,inhibit_searched,6,NA,NA,3,2,1,NA,0,nico,NA,NA
20230212,6,3,orangs,dokana,sleep_room,7,no,no,42,3,NA,nicole,inhibit_searched,7,NA,NA,1,3,2,NA,0,nico,NA,NA
20230212,6,3,orangs,dokana,sleep_room,7,no,no,42,3,NA,nicole,inhibit_searched,8,NA,NA,2,3,1,NA,0,nico,NA,NA
20230212,6,3,orangs,dokana,sleep_room,7,no,no,42,3,NA,nicole,inhibit_searched,9,NA,NA,1,2,3,NA,0,nico,NA,NA
20230212,6,3,orangs,dokana,sleep_room,7,no,no,42,3,NA,nicole,inhibit_searched,10,NA,NA,1,3,2,NA,0,nico,NA,NA
20230212,6,3,orangs,dokana,sleep_room,7,no,no,42,3,NA,nicole,inhibit_searched,11,NA,NA,1,3,2,NA,0,nico,NA,NA
20230212,6,3,orangs,dokana,sleep_room,7,no,no,42,3,NA,nicole,inhibit_searched,12,NA,NA,3,2,1,NA,0,nico,NA,NA
20230212,6,3,orangs,padana,sleep_room,0,no,no,41,4,sari,nicole,inhibit_searched,1,NA,NA,3,2,1,NA,0,nico,NA,NA
20230212,6,3,orangs,padana,sleep_room,0,no,no,41,4,sari,nicole,inhibit_searched,2,NA,NA,2,1,3,NA,0,nico,NA,NA
20230212,6,3,orangs,padana,sleep_room,0,no,no,41,4,sari,nicole,inhibit_searched,3,NA,NA,3,2,1,NA,0,nico,NA,NA
20230212,6,3,orangs,padana,sleep_room,0,no,no,41,4,sari,nicole,inhibit_searched,4,NA,NA,2,1,3,NA,0,nico,NA,NA
20230212,6,3,orangs,padana,sleep_room,0,no,no,41,4,sari,nicole,inhibit_searched,5,NA,NA,2,1,3,NA,0,nico,NA,NA
20230212,6,3,orangs,padana,sleep_room,0,no,no,41,4,sari,nicole,inhibit_searched,6,NA,NA,3,1,2,NA,0,nico,NA,NA
20230212,6,3,orangs,padana,sleep_room,0,no,no,41,4,sari,nicole,inhibit_searched,7,NA,NA,3,2,1,NA,0,nico,NA,NA
20230212,6,3,orangs,padana,sleep_room,0,no,no,41,4,sari,nicole,inhibit_searched,8,NA,NA,3,2,1,NA,0,nico,NA,NA
20230212,6,3,orangs,padana,sleep_room,0,no,no,41,4,sari,nicole,inhibit_searched,9,NA,NA,2,3,1,NA,0,nico,NA,NA
20230212,6,3,orangs,padana,sleep_room,0,no,no,41,4,sari,nicole,inhibit_searched,10,NA,NA,3,2,1,NA,0,nico,NA,NA
20230212,6,3,orangs,padana,sleep_room,0,no,no,41,4,sari,nicole,inhibit_searched,11,NA,NA,3,2,1,NA,0,nico,NA,NA
20230212,6,3,orangs,padana,sleep_room,0,no,no,41,4,sari,nicole,inhibit_searched,12,NA,NA,2,3,1,NA,0,nico,NA,NA
20230212,6,3,orangs,sari,sleep_room,0,no,no,31,6,padana,nicole,inhibit_searched,1,NA,NA,3,1,1,NA,1,nico,away,NA
20230212,6,3,orangs,sari,sleep_room,0,no,no,31,6,padana,nicole,inhibit_searched,2,NA,NA,2,2,3,NA,1,nico,away,NA
20230212,6,3,orangs,sari,sleep_room,0,no,no,31,6,padana,nicole,inhibit_searched,3,NA,NA,1,2,2,NA,1,nico,away,NA
20230212,6,3,orangs,sari,sleep_room,0,no,no,31,6,padana,nicole,inhibit_searched,4,NA,NA,1,2,3,NA,0,nico,NA,NA
20230212,6,3,orangs,sari,sleep_room,0,no,no,31,6,padana,nicole,inhibit_searched,5,NA,NA,3,1,2,NA,0,nico,NA,NA
20230212,6,3,orangs,raja,sleep_room,0,no,no,35,5,lursa,nicole,inhibit_searched,1,NA,NA,3,2,1,NA,0,nico,NA,NA
20230212,6,3,orangs,raja,sleep_room,0,no,no,35,5,lursa,nicole,inhibit_searched,2,NA,NA,1,2,3,NA,0,nico,NA,NA
20230212,6,3,orangs,raja,sleep_room,0,no,no,35,5,lursa,nicole,inhibit_searched,3,NA,NA,2,1,3,NA,0,nico,NA,NA
20230212,6,3,orangs,raja,sleep_room,0,no,no,35,5,lursa,nicole,inhibit_searched,4,NA,NA,3,2,1,NA,0,nico,NA,NA
20230212,6,3,orangs,raja,sleep_room,0,no,no,35,5,lursa,nicole,inhibit_searched,5,NA,NA,3,2,1,NA,0,nico,NA,NA
20230212,6,3,orangs,raja,sleep_room,0,no,no,35,5,lursa,nicole,inhibit_searched,6,NA,NA,2,1,3,NA,0,nico,NA,NA
20230212,6,3,orangs,raja,sleep_room,0,no,no,35,5,lursa,nicole,inhibit_searched,7,NA,NA,3,2,1,NA,0,nico,NA,NA
20230212,6,3,orangs,bimbo,sleep_room,0,no,no,5,1,"raja, lursa",nicole,inhibit_searched,1,NA,NA,2,2,3,NA,1,nico,kb auf die äpfel,NA
20230212,6,3,orangs,pini,sleep_room,2,no,no,32,2,NA,nicole,inhibit_searched,1,NA,NA,2,3,1,NA,0,nico,NA,NA
20230212,6,3,orangs,pini,sleep_room,2,no,no,32,2,NA,nicole,inhibit_searched,2,NA,NA,2,3,1,NA,0,nico,finger in mesh,NA
20230212,6,3,orangs,pini,sleep_room,2,no,no,32,2,NA,nicole,inhibit_searched,3,NA,NA,2,3,1,NA,0,nico,NA,NA
20230212,6,3,orangs,pini,sleep_room,2,no,no,32,2,NA,nicole,inhibit_searched,4,NA,NA,2,1,3,NA,0,nico,NA,NA
20230212,6,3,orangs,pini,sleep_room,2,no,no,32,2,NA,nicole,inhibit_searched,5,NA,NA,2,3,1,NA,0,nico,finger in mesh,NA
20230212,6,3,orangs,pini,sleep_room,2,no,no,32,2,NA,nicole,inhibit_searched,6,NA,NA,1,2,3,NA,0,nico,NA,NA
20230212,6,3,orangs,pini,sleep_room,2,no,no,32,2,NA,nicole,inhibit_searched,7,NA,NA,2,3,1,NA,0,nico,NA,NA
20230212,6,3,orangs,pini,sleep_room,2,no,no,32,2,NA,nicole,inhibit_searched,8,NA,NA,2,3,1,NA,0,nico,NA,NA
20230212,6,3,orangs,pini,sleep_room,2,no,no,32,2,NA,nicole,inhibit_searched,9,NA,NA,2,3,1,NA,0,nico,NA,NA
20230212,6,3,orangs,pini,sleep_room,2,no,no,32,2,NA,nicole,inhibit_searched,10,NA,NA,2,1,3,NA,0,nico,NA,NA
20230212,6,3,orangs,pini,sleep_room,2,no,no,32,2,NA,nicole,inhibit_searched,11,NA,NA,2,1,3,NA,0,nico,NA,NA
20230212,6,3,orangs,pini,sleep_room,2,no,no,32,2,NA,nicole,inhibit_searched,12,NA,NA,2,3,1,NA,0,nico,NA,NA
20230330,7,3,orangs,dokana,sleep_room,NA,no,no,3,3,NA,robert,inhibit_searched,1,NA,NA,2,1,2,NA,1,nico,NA,NA
20230330,7,3,orangs,dokana,sleep_room,NA,no,no,3,3,NA,robert,inhibit_searched,2,NA,NA,2,3,1,NA,0,nico,NA,NA
20230330,7,3,orangs,dokana,sleep_room,NA,no,no,3,3,NA,robert,inhibit_searched,3,NA,NA,1,3,2,NA,0,nico,NA,NA
20230330,7,3,orangs,dokana,sleep_room,NA,no,no,3,3,NA,robert,inhibit_searched,4,NA,NA,2,3,1,NA,0,nico,NA,NA
20230330,7,3,orangs,dokana,sleep_room,NA,no,no,3,3,NA,robert,inhibit_searched,5,NA,NA,2,1,3,NA,0,nico,NA,NA
20230330,7,3,orangs,dokana,sleep_room,NA,no,no,3,3,NA,robert,inhibit_searched,6,NA,NA,1,3,2,NA,0,nico,NA,NA
20230330,7,3,orangs,dokana,sleep_room,NA,no,no,3,3,NA,robert,inhibit_searched,7,NA,NA,2,3,1,NA,0,nico,NA,NA
20230330,7,3,orangs,dokana,sleep_room,NA,no,no,3,3,NA,robert,inhibit_searched,8,NA,NA,1,3,2,NA,0,nico,NA,NA
20230330,7,3,orangs,dokana,sleep_room,NA,no,no,3,3,NA,robert,inhibit_searched,9,NA,NA,3,1,2,NA,0,nico,NA,NA
20230330,7,3,orangs,dokana,sleep_room,NA,no,no,3,3,NA,robert,inhibit_searched,10,NA,NA,1,3,2,NA,1,nico,NA,NA
20230330,7,3,orangs,dokana,sleep_room,NA,no,no,3,3,NA,robert,inhibit_searched,11,NA,NA,3,2,1,NA,1,nico,NA,NA
20230330,7,3,orangs,dokana,sleep_room,NA,no,no,3,3,NA,robert,inhibit_searched,12,NA,NA,2,1,3,NA,1,nico,NA,NA
20230330,7,3,orangs,sari,sleep_room,NA,no,no,3,6,padana,robert,inhibit_searched,1,NA,NA,3,1,2,NA,0,nico,both sides,NA
20230330,7,3,orangs,sari,sleep_room,NA,no,no,3,6,padana,robert,inhibit_searched,2,NA,NA,2,3,1,NA,0,nico,both sides,NA
20230330,7,3,orangs,sari,sleep_room,NA,no,no,3,6,padana,robert,inhibit_searched,3,NA,NA,2,3,1,NA,0,nico,NA,NA
20230330,7,3,orangs,sari,sleep_room,NA,no,no,3,6,padana,robert,inhibit_searched,4,NA,NA,2,1,3,NA,0,nico,both sides,NA
20230330,7,3,orangs,sari,sleep_room,NA,no,no,3,6,padana,robert,inhibit_searched,5,NA,NA,1,3,2,NA,0,nico,NA,NA
20230330,7,3,orangs,sari,sleep_room,NA,no,no,3,6,padana,robert,inhibit_searched,6,NA,NA,3,2,1,NA,0,nico,NA,NA
20230330,7,3,orangs,sari,sleep_room,NA,no,no,3,6,padana,robert,inhibit_searched,7,NA,NA,1,2,3,NA,0,nico,NA,NA
20230330,7,3,orangs,sari,sleep_room,NA,no,no,3,6,padana,robert,inhibit_searched,8,NA,NA,3,2,1,NA,0,nico,NA,NA
20230330,7,3,orangs,sari,sleep_room,NA,no,no,3,6,padana,robert,inhibit_searched,9,NA,NA,2,3,3,NA,1,nico,both sides,NA
20230330,7,3,orangs,sari,sleep_room,NA,no,no,3,6,padana,robert,inhibit_searched,10,NA,NA,1,2,3,NA,0,nico,NA,NA
20230330,7,3,orangs,sari,sleep_room,NA,no,no,3,6,padana,robert,inhibit_searched,11,NA,NA,1,2,2,NA,1,nico,"away, both sides",NA
20230330,7,3,orangs,sari,sleep_room,NA,no,no,3,6,padana,robert,inhibit_searched,12,NA,NA,3,1,2,NA,0,nico,NA,NA
20230330,7,3,orangs,raja,sleep_room,NA,no,no,3,5,lursa,robert,inhibit_searched,1,NA,NA,2,1,3,NA,0,nico,NA,NA
20230330,7,3,orangs,raja,sleep_room,NA,no,no,3,5,lursa,robert,inhibit_searched,2,NA,NA,2,1,3,NA,0,nico,NA,NA
20230330,7,3,orangs,raja,sleep_room,NA,no,no,3,5,lursa,robert,inhibit_searched,3,NA,NA,2,1,3,NA,0,nico,NA,NA
20230330,7,3,orangs,raja,sleep_room,NA,no,no,3,5,lursa,robert,inhibit_searched,4,NA,NA,2,1,3,NA,0,nico,NA,NA
20230330,7,3,orangs,raja,sleep_room,NA,no,no,3,5,lursa,robert,inhibit_searched,5,NA,NA,2,1,3,NA,0,nico,NA,NA
20230330,7,3,orangs,raja,sleep_room,NA,no,no,3,5,lursa,robert,inhibit_searched,6,NA,NA,2,3,1,NA,0,nico,NA,NA
20230330,7,3,orangs,raja,sleep_room,NA,no,no,3,5,lursa,robert,inhibit_searched,7,NA,NA,2,1,3,NA,0,nico,NA,NA
20230330,7,3,orangs,raja,sleep_room,NA,no,no,3,5,lursa,robert,inhibit_searched,8,NA,NA,2,1,3,NA,0,nico,NA,NA
20230330,7,3,orangs,raja,sleep_room,NA,no,no,3,5,lursa,robert,inhibit_searched,9,NA,NA,2,1,3,NA,0,nico,NA,NA
20230330,7,3,orangs,raja,sleep_room,NA,no,no,3,5,lursa,robert,inhibit_searched,10,NA,NA,2,2,1,NA,0,nico,NA,NA
20230330,7,3,orangs,raja,sleep_room,NA,no,no,3,5,lursa,robert,inhibit_searched,11,NA,NA,2,1,3,NA,0,nico,NA,NA
20230330,7,3,orangs,raja,sleep_room,NA,no,no,3,5,lursa,robert,inhibit_searched,12,NA,NA,3,2,1,NA,0,nico,NA,NA
20230330,7,3,orangs,bimbo,sleep_room,NA,no,no,3,1,"lursa, raja",robert,inhibit_searched,1,NA,NA,3,2,1,NA,0,nico,NA,NA
20230330,7,3,orangs,bimbo,sleep_room,NA,no,no,3,1,"lursa, raja",robert,inhibit_searched,2,NA,NA,1,2,3,NA,0,nico,NA,NA
20230531,8,3,orangs,pini,sleep_room,7,no,no,10,2,NA,nicole,inhibit_searched,1,NA,NA,1,3,2,NA,0,nico,NA,NA
20230531,8,3,orangs,pini,sleep_room,7,no,no,10,2,NA,nicole,inhibit_searched,2,NA,NA,2,1,3,NA,0,nico,NA,NA
20230531,8,3,orangs,pini,sleep_room,7,no,no,10,2,NA,nicole,inhibit_searched,3,NA,NA,2,3,1,NA,0,nico,NA,NA
20230531,8,3,orangs,pini,sleep_room,7,no,no,10,2,NA,nicole,inhibit_searched,4,NA,NA,2,3,1,NA,0,nico,NA,NA
20230531,8,3,orangs,pini,sleep_room,7,no,no,10,2,NA,nicole,inhibit_searched,5,NA,NA,1,2,3,NA,0,nico,NA,NA
20230531,8,3,orangs,pini,sleep_room,7,no,no,10,2,NA,nicole,inhibit_searched,6,NA,NA,2,3,1,NA,0,nico,NA,NA
20230531,8,3,orangs,pini,sleep_room,7,no,no,10,2,NA,nicole,inhibit_searched,7,NA,NA,1,2,3,NA,0,nico,NA,NA
20230531,8,3,orangs,pini,sleep_room,7,no,no,10,2,NA,nicole,inhibit_searched,8,NA,NA,2,3,1,NA,0,nico,NA,NA
20230531,8,3,orangs,pini,sleep_room,7,no,no,10,2,NA,nicole,inhibit_searched,9,NA,NA,2,3,1,NA,0,nico,NA,NA
20230531,8,3,orangs,pini,sleep_room,7,no,no,10,2,NA,nicole,inhibit_searched,10,NA,NA,1,3,2,NA,0,nico,NA,NA
20230531,8,3,orangs,pini,sleep_room,7,no,no,10,2,NA,nicole,inhibit_searched,11,NA,NA,3,2,1,NA,0,nico,NA,NA
20230531,8,3,orangs,pini,sleep_room,7,no,no,10,2,NA,nicole,inhibit_searched,12,NA,NA,2,3,1,NA,0,nico,NA,NA
20230531,8,3,orangs,dokana,sleep_room,7,no,no,0,3,NA,nicole,inhibit_searched,1,NA,NA,2,1,3,NA,0,nico,NA,NA
20230531,8,3,orangs,dokana,sleep_room,7,no,no,0,3,NA,nicole,inhibit_searched,2,NA,NA,2,3,1,NA,0,nico,NA,NA
20230531,8,3,orangs,dokana,sleep_room,7,no,no,0,3,NA,nicole,inhibit_searched,3,NA,NA,2,1,3,NA,0,nico,NA,NA
20230531,8,3,orangs,dokana,sleep_room,7,no,no,0,3,NA,nicole,inhibit_searched,4,NA,NA,2,1,3,NA,0,nico,NA,NA
20230531,8,3,orangs,dokana,sleep_room,7,no,no,0,3,NA,nicole,inhibit_searched,5,NA,NA,3,2,1,NA,0,nico,NA,NA
20230531,8,3,orangs,dokana,sleep_room,7,no,no,0,3,NA,nicole,inhibit_searched,6,NA,NA,3,2,1,NA,0,nico,NA,NA
20230531,8,3,orangs,dokana,sleep_room,7,no,no,0,3,NA,nicole,inhibit_searched,7,NA,NA,2,1,3,NA,0,nico,NA,NA
20230531,8,3,orangs,dokana,sleep_room,7,no,no,0,3,NA,nicole,inhibit_searched,8,NA,NA,2,3,1,NA,0,nico,NA,NA
20230531,8,3,orangs,dokana,sleep_room,7,no,no,0,3,NA,nicole,inhibit_searched,9,NA,NA,1,2,3,NA,0,nico,NA,NA
20230531,8,3,orangs,dokana,sleep_room,7,no,no,0,3,NA,nicole,inhibit_searched,10,NA,NA,2,3,1,NA,0,nico,NA,NA
20230531,8,3,orangs,dokana,sleep_room,7,no,no,0,3,NA,nicole,inhibit_searched,11,NA,NA,1,3,2,NA,0,nico,NA,NA
20230531,8,3,orangs,dokana,sleep_room,7,no,no,0,3,NA,nicole,inhibit_searched,12,NA,NA,2,1,3,NA,0,nico,NA,NA
20230531,8,3,orangs,padana,sleep_room,0,no,no,10,4,sari,nicole,inhibit_searched,1,NA,NA,3,2,1,NA,0,nico,NA,NA
20230531,8,3,orangs,padana,sleep_room,0,no,no,10,4,sari,nicole,inhibit_searched,2,NA,NA,1,2,3,NA,0,nico,NA,NA
20230531,8,3,orangs,padana,sleep_room,0,no,no,10,4,sari,nicole,inhibit_searched,3,NA,NA,3,2,1,NA,0,nico,NA,NA
20230531,8,3,orangs,padana,sleep_room,0,no,no,10,4,sari,nicole,inhibit_searched,4,NA,NA,3,2,1,NA,0,nico,NA,NA
20230531,8,3,orangs,padana,sleep_room,0,no,no,10,4,sari,nicole,inhibit_searched,5,NA,NA,3,2,1,NA,0,nico,NA,NA
20230531,8,3,orangs,padana,sleep_room,0,no,no,10,4,sari,nicole,inhibit_searched,6,NA,NA,1,2,3,NA,0,nico,NA,NA
20230531,8,3,orangs,padana,sleep_room,0,no,no,10,4,sari,nicole,inhibit_searched,7,NA,NA,3,2,1,NA,0,nico,NA,NA
20230531,8,3,orangs,padana,sleep_room,0,no,no,10,4,sari,nicole,inhibit_searched,8,NA,NA,3,2,1,NA,0,nico,NA,NA
20230531,8,3,orangs,padana,sleep_room,0,no,no,10,4,sari,nicole,inhibit_searched,9,NA,NA,3,1,2,NA,0,nico,NA,NA
20230531,8,3,orangs,padana,sleep_room,0,no,no,10,4,sari,nicole,inhibit_searched,10,NA,NA,3,2,1,NA,0,nico,NA,NA
20230531,8,3,orangs,padana,sleep_room,0,no,no,10,4,sari,nicole,inhibit_searched,11,NA,NA,3,2,1,NA,0,nico,NA,NA
20230531,8,3,orangs,padana,sleep_room,0,no,no,10,4,sari,nicole,inhibit_searched,12,NA,NA,3,2,1,NA,0,nico,NA,NA
20230531,8,3,orangs,raja,sleep_room,0,no,no,1,5,lursa,nicole,inhibit_searched,1,NA,NA,1,2,3,NA,0,nico,NA,NA
20230531,8,3,orangs,raja,sleep_room,0,no,no,1,5,lursa,nicole,inhibit_searched,2,NA,NA,2,3,1,NA,0,nico,NA,NA
20230531,8,3,orangs,raja,sleep_room,0,no,no,1,5,lursa,nicole,inhibit_searched,3,NA,NA,3,2,1,NA,0,nico,NA,NA
20230531,8,3,orangs,raja,sleep_room,0,no,no,1,5,lursa,nicole,inhibit_searched,4,NA,NA,1,2,3,NA,0,nico,NA,NA
20230531,8,3,orangs,raja,sleep_room,0,no,no,1,5,lursa,nicole,inhibit_searched,5,NA,NA,3,2,1,NA,0,nico,NA,NA
20230531,8,3,orangs,raja,sleep_room,0,no,no,1,5,lursa,nicole,inhibit_searched,6,NA,NA,2,1,3,NA,0,nico,NA,NA
20230531,8,3,orangs,raja,sleep_room,0,no,no,1,5,lursa,nicole,inhibit_searched,7,NA,NA,2,1,3,NA,0,nico,NA,NA
20230531,8,3,orangs,raja,sleep_room,0,no,no,1,5,lursa,nicole,inhibit_searched,8,NA,NA,1,2,3,NA,0,nico,NA,NA
20230531,8,3,orangs,raja,sleep_room,0,no,no,1,5,lursa,nicole,inhibit_searched,9,NA,NA,1,2,3,NA,0,nico,NA,NA
20230531,8,3,orangs,bimbo,sleep_room,0,no,no,2,1,"lursa, raja",nicole,inhibit_searched,1,NA,NA,3,1,2,NA,0,nico,NA,NA
20230531,8,3,orangs,bimbo,sleep_room,0,no,no,2,1,"lursa, raja",nicole,inhibit_searched,2,NA,NA,3,2,1,NA,0,nico,NA,NA
20230531,8,3,orangs,bimbo,sleep_room,0,no,no,2,1,"lursa, raja",nicole,inhibit_searched,3,NA,NA,3,2,1,NA,0,nico,NA,NA
20230531,8,3,orangs,bimbo,sleep_room,0,no,no,2,1,"lursa, raja",nicole,inhibit_searched,4,NA,NA,3,2,1,NA,0,nico,NA,NA
20230531,8,3,orangs,bimbo,sleep_room,0,no,no,2,1,"lursa, raja",nicole,inhibit_searched,5,NA,NA,3,2,1,NA,0,nico,NA,NA
20230531,8,3,orangs,bimbo,sleep_room,0,no,no,2,1,"lursa, raja",nicole,inhibit_searched,6,NA,NA,3,2,1,NA,0,nico,NA,NA
20230531,8,3,orangs,bimbo,sleep_room,0,no,no,2,1,"lursa, raja",nicole,inhibit_searched,7,NA,NA,2,1,2,NA,1,nico,NA,NA
20230531,8,3,orangs,bimbo,sleep_room,0,no,no,2,1,"lursa, raja",nicole,inhibit_searched,8,NA,NA,2,1,3,NA,0,nico,NA,NA
20230531,8,3,orangs,bimbo,sleep_room,0,no,no,2,1,"lursa, raja",nicole,inhibit_searched,9,NA,NA,3,2,1,NA,0,nico,NA,NA
20230531,8,3,orangs,bimbo,sleep_room,0,no,no,2,1,"lursa, raja",nicole,inhibit_searched,10,NA,NA,2,3,1,NA,0,nico,NA,NA
20230531,8,3,orangs,bimbo,sleep_room,0,no,no,2,1,"lursa, raja",nicole,inhibit_searched,11,NA,NA,1,2,1,NA,1,nico,NA,NA
20230531,8,3,orangs,bimbo,sleep_room,0,no,no,2,1,"lursa, raja",nicole,inhibit_searched,12,NA,NA,3,2,1,NA,0,nico,NA,NA
20230531,8,3,orangs,sari,sleep_room,0,no,no,2,6,padana,nicole,inhibit_searched,1,NA,NA,3,2,1,NA,0,nico,NA,NA
20230531,8,3,orangs,sari,sleep_room,0,no,no,2,6,padana,nicole,inhibit_searched,2,NA,NA,3,2,1,NA,0,nico,NA,NA
20230531,8,3,orangs,sari,sleep_room,0,no,no,2,6,padana,nicole,inhibit_searched,3,NA,NA,3,2,1,NA,0,nico,NA,NA
20230531,8,3,orangs,sari,sleep_room,0,no,no,2,6,padana,nicole,inhibit_searched,4,NA,NA,3,2,3,NA,1,nico,both sides,NA
20230531,8,3,orangs,sari,sleep_room,0,no,no,2,6,padana,nicole,inhibit_searched,5,NA,NA,2,1,3,NA,0,nico,NA,NA
20230531,8,3,orangs,sari,sleep_room,0,no,no,2,6,padana,nicole,inhibit_searched,6,NA,NA,3,2,1,NA,0,nico,NA,NA
20230531,8,3,orangs,sari,sleep_room,0,no,no,2,6,padana,nicole,inhibit_searched,7,NA,NA,3,2,1,NA,0,nico,NA,NA
20230531,8,3,orangs,sari,sleep_room,0,no,no,2,6,padana,nicole,inhibit_searched,8,NA,NA,3,1,2,NA,0,nico,away,NA
20230531,8,3,orangs,sari,sleep_room,0,no,no,2,6,padana,nicole,inhibit_searched,9,NA,NA,3,2,1,NA,0,nico,NA,NA
20230531,8,3,orangs,sari,sleep_room,0,no,no,2,6,padana,nicole,inhibit_searched,10,NA,NA,2,1,2,NA,1,nico,away,NA
20230531,8,3,orangs,sari,sleep_room,0,no,no,2,6,padana,nicole,inhibit_searched,11,NA,NA,3,1,2,NA,0,nico,NA,NA
20230531,8,3,orangs,sari,sleep_room,0,no,no,2,6,padana,nicole,inhibit_searched,12,NA,NA,1,3,2,NA,0,nico,finger in mesh,NA
20230807,9,3,orangs,pini,sleep_room,3,no,no,15,2,NA,david,inhibit_searched,1,NA,NA,3,2,1,NA,0,nico,NA,NA
20230807,9,3,orangs,pini,sleep_room,3,no,no,15,2,NA,david,inhibit_searched,2,NA,NA,2,3,1,NA,0,nico,NA,NA
20230807,9,3,orangs,pini,sleep_room,3,no,no,15,2,NA,david,inhibit_searched,3,NA,NA,2,1,3,NA,0,nico,NA,NA
20230807,9,3,orangs,pini,sleep_room,3,no,no,15,2,NA,david,inhibit_searched,4,NA,NA,2,1,3,NA,0,nico,NA,NA
20230807,9,3,orangs,pini,sleep_room,3,no,no,15,2,NA,david,inhibit_searched,5,NA,NA,2,1,3,NA,0,nico,NA,NA
20230807,9,3,orangs,pini,sleep_room,3,no,no,15,2,NA,david,inhibit_searched,6,NA,NA,3,2,1,NA,0,nico,NA,NA
20230807,9,3,orangs,dokana,sleep_room,6,no,no,15,3,NA,david,inhibit_searched,1,NA,NA,3,2,1,NA,0,nico,NA,NA
20230807,9,3,orangs,dokana,sleep_room,6,no,no,15,3,NA,david,inhibit_searched,2,NA,NA,1,2,3,NA,0,nico,NA,NA
20230807,9,3,orangs,dokana,sleep_room,6,no,no,15,3,NA,david,inhibit_searched,3,NA,NA,1,3,2,NA,0,nico,NA,NA
20230807,9,3,orangs,dokana,sleep_room,6,no,no,15,3,NA,david,inhibit_searched,4,NA,NA,2,3,1,NA,0,nico,NA,NA
20230807,9,3,orangs,dokana,sleep_room,6,no,no,15,3,NA,david,inhibit_searched,5,NA,NA,1,3,2,NA,0,nico,NA,NA
20230807,9,3,orangs,dokana,sleep_room,6,no,no,15,3,NA,david,inhibit_searched,6,NA,NA,2,1,3,NA,0,nico,NA,NA
20230807,9,3,orangs,dokana,sleep_room,6,no,no,15,3,NA,david,inhibit_searched,7,NA,NA,2,3,1,NA,0,nico,NA,NA
20230807,9,3,orangs,dokana,sleep_room,6,no,no,15,3,NA,david,inhibit_searched,8,NA,NA,1,3,2,NA,0,nico,NA,NA
20230807,9,3,orangs,dokana,sleep_room,6,no,no,15,3,NA,david,inhibit_searched,9,NA,NA,1,2,3,NA,0,nico,NA,NA
20230807,9,3,orangs,dokana,sleep_room,6,no,no,15,3,NA,david,inhibit_searched,10,NA,NA,1,2,3,NA,0,nico,NA,NA
20230807,9,3,orangs,dokana,sleep_room,6,no,no,15,3,NA,david,inhibit_searched,11,NA,NA,2,3,1,NA,0,nico,NA,NA
20230807,9,3,orangs,dokana,sleep_room,6,no,no,15,3,NA,david,inhibit_searched,12,NA,NA,3,2,1,NA,0,nico,NA,NA
20230807,9,3,orangs,padana,sleep_room,0,no,no,15,4,sari,david,inhibit_searched,1,NA,NA,3,2,1,NA,0,nico,NA,NA
20230807,9,3,orangs,padana,sleep_room,0,no,no,15,4,sari,david,inhibit_searched,2,NA,NA,2,3,2,NA,1,nico,NA,NA
20230807,9,3,orangs,padana,sleep_room,0,no,no,15,4,sari,david,inhibit_searched,3,NA,NA,2,3,1,NA,0,nico,NA,NA
20230807,9,3,orangs,padana,sleep_room,0,no,no,15,4,sari,david,inhibit_searched,4,NA,NA,3,2,1,NA,0,nico,NA,NA
20230807,9,3,orangs,padana,sleep_room,0,no,no,15,4,sari,david,inhibit_searched,5,NA,NA,2,3,1,NA,0,nico,NA,NA
20230807,9,3,orangs,padana,sleep_room,0,no,no,15,4,sari,david,inhibit_searched,6,NA,NA,2,1,3,NA,0,nico,NA,NA
20230807,9,3,orangs,sari,sleep_room,2,no,no,17,6,padana,david,inhibit_searched,1,NA,NA,3,1,2,NA,0,nico,NA,NA
20230807,9,3,orangs,sari,sleep_room,2,no,no,17,6,padana,david,inhibit_searched,2,NA,NA,3,2,1,NA,0,nico,NA,NA
20230807,9,3,orangs,sari,sleep_room,2,no,no,17,6,padana,david,inhibit_searched,3,NA,NA,3,2,1,NA,0,nico,NA,NA
20230807,9,3,orangs,sari,sleep_room,2,no,no,17,6,padana,david,inhibit_searched,4,NA,NA,3,2,1,NA,0,nico,NA,NA
20230807,9,3,orangs,sari,sleep_room,2,no,no,17,6,padana,david,inhibit_searched,5,NA,NA,3,1,2,NA,0,nico,finger in mesh,NA
20230807,9,3,orangs,sari,sleep_room,2,no,no,17,6,padana,david,inhibit_searched,6,NA,NA,3,2,1,NA,0,nico,NA,NA
20230807,9,3,orangs,sari,sleep_room,2,no,no,17,6,padana,david,inhibit_searched,7,NA,NA,3,2,1,NA,0,nico,NA,NA
20230807,9,3,orangs,sari,sleep_room,2,no,no,17,6,padana,david,inhibit_searched,8,NA,NA,3,2,1,NA,0,nico,NA,NA
20230807,9,3,orangs,sari,sleep_room,2,no,no,17,6,padana,david,inhibit_searched,9,NA,NA,2,1,3,NA,0,nico,NA,NA
20230807,9,3,orangs,sari,sleep_room,2,no,no,17,6,padana,david,inhibit_searched,10,NA,NA,1,2,3,NA,0,nico,NA,NA
20230807,9,3,orangs,sari,sleep_room,2,no,no,17,6,padana,david,inhibit_searched,11,NA,NA,3,2,1,NA,0,nico,NA,NA
20230807,9,3,orangs,sari,sleep_room,2,no,no,17,6,padana,david,inhibit_searched,12,NA,NA,3,2,1,NA,0,nico,NA,NA
20230807,9,3,orangs,raja,sleep_room,0,no,no,15,5,lursa,david,inhibit_searched,1,NA,NA,1,2,3,NA,0,nico,NA,NA
20230807,9,3,orangs,raja,sleep_room,0,no,no,15,5,lursa,david,inhibit_searched,2,NA,NA,2,1,3,NA,0,nico,NA,NA
20230807,9,3,orangs,raja,sleep_room,0,no,no,15,5,lursa,david,inhibit_searched,3,NA,NA,3,2,1,NA,0,nico,NA,NA
20230807,9,3,orangs,raja,sleep_room,0,no,no,15,5,lursa,david,inhibit_searched,4,NA,NA,3,2,1,NA,0,nico,finger in mesh,NA
20230807,9,3,orangs,raja,sleep_room,0,no,no,15,5,lursa,david,inhibit_searched,5,NA,NA,2,1,3,NA,0,nico,NA,NA
20230807,9,3,orangs,raja,sleep_room,0,no,no,15,5,lursa,david,inhibit_searched,6,NA,NA,2,1,3,NA,0,nico,NA,NA
20230807,9,3,orangs,raja,sleep_room,0,no,no,15,5,lursa,david,inhibit_searched,7,NA,NA,1,2,3,NA,0,nico,NA,NA
20230807,9,3,orangs,raja,sleep_room,0,no,no,15,5,lursa,david,inhibit_searched,8,NA,NA,2,1,3,NA,0,nico,NA,NA
20230807,9,3,orangs,raja,sleep_room,0,no,no,15,5,lursa,david,inhibit_searched,9,NA,NA,2,1,3,NA,0,nico,NA,NA
20230807,9,3,orangs,raja,sleep_room,0,no,no,15,5,lursa,david,inhibit_searched,10,NA,NA,2,1,3,NA,0,nico,NA,NA
20230807,9,3,orangs,raja,sleep_room,0,no,no,15,5,lursa,david,inhibit_searched,11,NA,NA,1,3,2,NA,0,nico,lursa disrupted,NA
20230807,9,3,orangs,raja,sleep_room,0,no,no,15,5,lursa,david,inhibit_searched,12,NA,NA,3,2,1,NA,0,nico,NA,NA
20230807,9,3,orangs,bimbo,sleep_room,0,no,no,17,1,"raja, lursa",david,inhibit_searched,1,NA,NA,2,3,3,NA,1,nico,dind´t liked the apple switched to pellets,NA
20230807,9,3,orangs,bimbo,sleep_room,0,no,no,17,1,"raja, lursa",david,inhibit_searched,2,NA,NA,3,2,1,NA,0,nico,dind´t liked the apple switched to pellets,NA
20230807,9,3,orangs,bimbo,sleep_room,0,no,no,17,1,"raja, lursa",david,inhibit_searched,3,NA,NA,2,3,1,NA,0,nico,dind´t liked the apple switched to pellets,NA
20230807,9,3,orangs,bimbo,sleep_room,0,no,no,17,1,"raja, lursa",david,inhibit_searched,4,NA,NA,3,2,1,NA,0,nico,dind´t liked the apple switched to pellets,NA
20230807,9,3,orangs,bimbo,sleep_room,0,no,no,17,1,"raja, lursa",david,inhibit_searched,5,NA,NA,3,2,1,NA,0,nico,dind´t liked the apple switched to pellets,NA
20230807,9,3,orangs,bimbo,sleep_room,0,no,no,17,1,"raja, lursa",david,inhibit_searched,6,NA,NA,3,2,1,NA,0,nico,dind´t liked the apple switched to pellets,NA
20230807,9,3,orangs,bimbo,sleep_room,0,no,no,17,1,"raja, lursa",david,inhibit_searched,7,NA,NA,3,2,1,NA,0,nico,dind´t liked the apple switched to pellets,NA
20231013,10,3,orangs,padana,sleep_room,0,no,no,4,4,sari,nicole,inhibit_searched,1,NA,NA,2,3,1,NA,0,nico,2 interns where present,NA
20231013,10,3,orangs,padana,sleep_room,0,no,no,4,4,sari,nicole,inhibit_searched,2,NA,NA,2,3,1,NA,0,nico,2 interns where present,NA
20231013,10,3,orangs,padana,sleep_room,0,no,no,4,4,sari,nicole,inhibit_searched,3,NA,NA,1,2,3,NA,0,nico,2 interns where present,NA
20231013,10,3,orangs,padana,sleep_room,0,no,no,4,4,sari,nicole,inhibit_searched,4,NA,NA,3,2,1,NA,0,nico,2 interns where present,NA
20231013,10,3,orangs,padana,sleep_room,0,no,no,4,4,sari,nicole,inhibit_searched,5,NA,NA,2,3,1,NA,0,nico,2 interns where present,NA
20231013,10,3,orangs,padana,sleep_room,0,no,no,4,4,sari,nicole,inhibit_searched,6,NA,NA,1,2,3,NA,0,nico,2 interns where present,NA
20231013,10,3,orangs,padana,sleep_room,0,no,no,4,4,sari,nicole,inhibit_searched,7,NA,NA,2,3,1,NA,0,nico,2 interns where present,NA
20231013,10,3,orangs,padana,sleep_room,0,no,no,4,4,sari,nicole,inhibit_searched,8,NA,NA,2,3,1,NA,0,nico,2 interns where present,NA
20231013,10,3,orangs,padana,sleep_room,0,no,no,4,4,sari,nicole,inhibit_searched,9,NA,NA,2,3,1,NA,0,nico,2 interns where present,NA
20231013,10,3,orangs,padana,sleep_room,0,no,no,4,4,sari,nicole,inhibit_searched,10,NA,NA,2,1,3,NA,0,nico,2 interns where present,NA
20231013,10,3,orangs,padana,sleep_room,0,no,no,4,4,sari,nicole,inhibit_searched,11,NA,NA,2,3,1,NA,0,nico,2 interns where present,NA
20231013,10,3,orangs,padana,sleep_room,0,no,no,4,4,sari,nicole,inhibit_searched,12,NA,NA,2,3,1,NA,0,nico,2 interns where present,NA
20231013,10,3,orangs,sari,sleep_room,0,no,no,4,6,padana,nicole,inhibit_searched,1,NA,NA,1,2,3,NA,0,nico,away,NA
20231013,10,3,orangs,sari,sleep_room,0,no,no,4,6,padana,nicole,inhibit_searched,2,NA,NA,2,1,3,NA,0,nico,NA,NA
20231013,10,3,orangs,sari,sleep_room,0,no,no,4,6,padana,nicole,inhibit_searched,3,NA,NA,1,2,3,NA,0,nico,NA,NA
20231013,10,3,orangs,sari,sleep_room,0,no,no,4,6,padana,nicole,inhibit_searched,4,NA,NA,1,2,3,NA,0,nico,NA,NA
20231013,10,3,orangs,sari,sleep_room,0,no,no,4,6,padana,nicole,inhibit_searched,5,NA,NA,3,2,1,NA,0,nico,NA,NA
20231013,10,3,orangs,sari,sleep_room,0,no,no,4,6,padana,nicole,inhibit_searched,6,NA,NA,3,2,1,NA,0,nico,NA,NA
20231013,10,3,orangs,sari,sleep_room,0,no,no,4,6,padana,nicole,inhibit_searched,7,NA,NA,3,2,1,NA,0,nico,NA,NA
20231013,10,3,orangs,sari,sleep_room,0,no,no,4,6,padana,nicole,inhibit_searched,8,NA,NA,3,2,1,NA,0,nico,NA,NA
20231013,10,3,orangs,sari,sleep_room,0,no,no,4,6,padana,nicole,inhibit_searched,9,NA,NA,3,2,1,NA,0,nico,NA,NA
20231013,10,3,orangs,sari,sleep_room,0,no,no,4,6,padana,nicole,inhibit_searched,10,NA,NA,3,2,1,NA,0,nico,NA,NA
20231013,10,3,orangs,sari,sleep_room,0,no,no,4,6,padana,nicole,inhibit_searched,11,NA,NA,3,2,1,NA,0,nico,NA,NA
20231013,10,3,orangs,sari,sleep_room,0,no,no,4,6,padana,nicole,inhibit_searched,12,NA,NA,3,1,2,NA,0,nico,NA,NA
20231013,10,3,orangs,pini,sleep_room,2,no,no,4,2,NA,nicole,inhibit_searched,1,NA,NA,1,2,3,NA,0,nico,2 interns where present,NA
20231013,10,3,orangs,pini,sleep_room,2,no,no,4,2,NA,nicole,inhibit_searched,2,NA,NA,3,2,1,NA,0,nico,2 interns where present,NA
20231013,10,3,orangs,pini,sleep_room,2,no,no,4,2,NA,nicole,inhibit_searched,3,NA,NA,1,2,3,NA,0,nico,2 interns where present,NA
20231013,10,3,orangs,pini,sleep_room,2,no,no,4,2,NA,nicole,inhibit_searched,4,NA,NA,1,2,3,NA,0,nico,2 interns where present,NA
20231013,10,3,orangs,pini,sleep_room,2,no,no,4,2,NA,nicole,inhibit_searched,5,NA,NA,3,2,2,NA,1,nico,2 interns where present,NA
20231013,10,3,orangs,pini,sleep_room,2,no,no,4,2,NA,nicole,inhibit_searched,6,NA,NA,1,2,3,NA,0,nico,2 interns where present,NA
20231013,10,3,orangs,pini,sleep_room,2,no,no,4,2,NA,nicole,inhibit_searched,7,NA,NA,2,1,3,NA,0,nico,2 interns where present,NA
20231013,10,3,orangs,pini,sleep_room,2,no,no,4,2,NA,nicole,inhibit_searched,8,NA,NA,1,2,3,NA,0,nico,2 interns where present,NA
20231013,10,3,orangs,pini,sleep_room,2,no,no,4,2,NA,nicole,inhibit_searched,9,NA,NA,3,2,1,NA,0,nico,"2 interns where present, both sides",NA
20231013,10,3,orangs,pini,sleep_room,2,no,no,4,2,NA,nicole,inhibit_searched,10,NA,NA,1,3,2,NA,0,nico,2 interns where present,NA
20231013,10,3,orangs,pini,sleep_room,2,no,no,4,2,NA,nicole,inhibit_searched,11,NA,NA,3,2,1,NA,0,nico,2 interns where present,NA
20231013,10,3,orangs,pini,sleep_room,2,no,no,4,2,NA,nicole,inhibit_searched,12,NA,NA,2,1,3,NA,0,nico,2 interns where present,NA
20231013,10,3,orangs,raja,sleep_room,0,no,no,4,5,lursa,nicole,inhibit_searched,1,NA,NA,1,2,3,NA,0,nico,2 interns where present,NA
20231013,10,3,orangs,raja,sleep_room,0,no,no,4,5,lursa,nicole,inhibit_searched,2,NA,NA,2,1,3,NA,0,nico,2 interns where present,NA
20231013,10,3,orangs,raja,sleep_room,0,no,no,4,5,lursa,nicole,inhibit_searched,3,NA,NA,2,1,3,NA,0,nico,2 interns where present,NA
20231013,10,3,orangs,raja,sleep_room,0,no,no,4,5,lursa,nicole,inhibit_searched,4,NA,NA,1,3,2,NA,0,nico,2 interns where present,NA
20231013,10,3,orangs,raja,sleep_room,0,no,no,4,5,lursa,nicole,inhibit_searched,5,NA,NA,2,1,3,NA,0,nico,2 interns where present,NA
20231013,10,3,orangs,raja,sleep_room,0,no,no,4,5,lursa,nicole,inhibit_searched,6,NA,NA,1,2,3,NA,0,nico,2 interns where present,NA
20231013,10,3,orangs,raja,sleep_room,0,no,no,4,5,lursa,nicole,inhibit_searched,7,NA,NA,3,2,1,NA,0,nico,2 interns where present,NA
20231013,10,3,orangs,raja,sleep_room,0,no,no,4,5,lursa,nicole,inhibit_searched,8,NA,NA,2,1,3,NA,0,nico,2 interns where present,NA
20231013,10,3,orangs,raja,sleep_room,0,no,no,4,5,lursa,nicole,inhibit_searched,9,NA,NA,2,1,3,NA,0,nico,2 interns where present,NA
20231013,10,3,orangs,raja,sleep_room,0,no,no,4,5,lursa,nicole,inhibit_searched,10,NA,NA,2,3,1,NA,0,nico,2 interns where present,NA
20231013,10,3,orangs,raja,sleep_room,0,no,no,4,5,lursa,nicole,inhibit_searched,11,NA,NA,1,3,2,NA,0,nico,2 interns where present,NA
20231013,10,3,orangs,raja,sleep_room,0,no,no,4,5,lursa,nicole,inhibit_searched,12,NA,NA,2,1,3,NA,0,nico,2 interns where present,NA
20231013,10,3,orangs,dokana,sleep_room,6,no,no,4,3,NA,nicole,inhibit_searched,1,NA,NA,2,3,1,NA,0,nico,jade (intern) was present,NA
20231013,10,3,orangs,dokana,sleep_room,6,no,no,4,3,NA,nicole,inhibit_searched,2,NA,NA,1,2,3,NA,0,nico,jade (intern) was present,NA
20231013,10,3,orangs,dokana,sleep_room,6,no,no,4,3,NA,nicole,inhibit_searched,3,NA,NA,1,3,2,NA,0,nico,jade (intern) was present,NA
20231013,10,3,orangs,dokana,sleep_room,6,no,no,4,3,NA,nicole,inhibit_searched,4,NA,NA,3,2,1,NA,0,nico,jade (intern) was present,NA
20231013,10,3,orangs,dokana,sleep_room,6,no,no,4,3,NA,nicole,inhibit_searched,5,NA,NA,3,1,2,NA,0,nico,jade (intern) was present,NA
20231013,10,3,orangs,dokana,sleep_room,6,no,no,4,3,NA,nicole,inhibit_searched,6,NA,NA,1,3,2,NA,0,nico,jade (intern) was present,NA
20231013,10,3,orangs,dokana,sleep_room,6,no,no,4,3,NA,nicole,inhibit_searched,7,NA,NA,2,1,3,NA,0,nico,jade (intern) was present,NA
20231013,10,3,orangs,dokana,sleep_room,6,no,no,4,3,NA,nicole,inhibit_searched,8,NA,NA,2,1,2,NA,0,nico,jade (intern) was present,NA
20231013,10,3,orangs,dokana,sleep_room,6,no,no,4,3,NA,nicole,inhibit_searched,9,NA,NA,2,3,1,NA,0,nico,jade (intern) was present,NA
20231013,10,3,orangs,dokana,sleep_room,6,no,no,4,3,NA,nicole,inhibit_searched,10,NA,NA,2,3,1,NA,0,nico,jade (intern) was present,NA
20231013,10,3,orangs,dokana,sleep_room,6,no,no,4,3,NA,nicole,inhibit_searched,11,NA,NA,1,3,2,NA,0,nico,jade (intern) was present,NA
20231013,10,3,orangs,dokana,sleep_room,6,no,no,4,3,NA,nicole,inhibit_searched,12,NA,NA,3,1,2,NA,0,nico,jade (intern) was present,NA
