Mplus VERSION 8.10 (Mac)
MUTHEN & MUTHEN
03/11/2024  12:24 PM

INPUT INSTRUCTIONS

  DATA:

  File is laac2_wide.dat;

  VARIABLE:

  NAMES =   subject task
  Y1_1    Y1_10   Y1_2    Y1_3    Y1_4    Y1_5    Y1_6
  Y1_7    Y1_8    Y1_9    Y10_1   Y10_10  Y10_2   Y10_3   Y10_4   Y10_5
  Y10_6   Y10_7   Y10_8   Y10_9   Y11_1   Y11_10  Y11_2   Y11_3   Y11_4
  Y11_5   Y11_6   Y11_7   Y11_8   Y11_9   Y12_1   Y12_10  Y12_2   Y12_3
  Y12_4   Y12_5   Y12_6   Y12_7   Y12_8   Y12_9   Y2_1    Y2_10   Y2_2
  Y2_3    Y2_4    Y2_5    Y2_6    Y2_7    Y2_8    Y2_9    Y3_1    Y3_10
  Y3_2    Y3_3    Y3_4    Y3_5    Y3_6    Y3_7    Y3_8    Y3_9    Y4_1
  Y4_10   Y4_2    Y4_3    Y4_4    Y4_5    Y4_6    Y4_7    Y4_8    Y4_9
  Y5_1    Y5_10   Y5_2    Y5_3    Y5_4    Y5_5    Y5_6    Y5_7    Y5_8
  Y5_9    Y6_1    Y6_10   Y6_2    Y6_3    Y6_4    Y6_5    Y6_6    Y6_7
  Y6_8    Y6_9    Y7_1    Y7_10   Y7_2    Y7_3    Y7_4    Y7_5    Y7_6
  Y7_7    Y7_8    Y7_9    Y8_1    Y8_10   Y8_2    Y8_3    Y8_4    Y8_5
  Y8_6    Y8_7    Y8_8    Y8_9    Y9_1    Y9_10   Y9_2    Y9_3    Y9_4
  Y9_5    Y9_6    Y9_7    Y9_8    Y9_9;


  USEVARIABLES =  P11 P21 P12 P22 P13 P23 P14 P24
  	       P15 P25 P16 P26 P17 P27 P18 P28 P19 P29
  	       P110 P210 ;
  	
  Categ =   P11 P21 P12 P22 P13 P23 P14 P24
  	       P15 P25 P16 P26 P17 P27 P18 P28 P19 P29
  	       P110 P210 ;
  	

  Missing = All(-99);	

  useobservations are (task EQ 1);

  ! "'attention'=1;'communication'=2;'reasoning'=3;'visible_food'=4;
  !'population'=5;'inhibit_searched'=6"

  DEFINE:
  P11 = Y1_1 + Y3_1 + Y5_1 + Y7_1 + Y9_1 + Y11_1;
  P21 =  Y2_1 + Y4_1 + Y6_1 + Y8_1 + Y10_1 + Y12_1;

  P12 =  Y1_2 + Y3_2 + Y5_2 + Y7_2 + Y9_2 + Y11_2;
  P22 =  Y2_2 + Y4_2 + Y6_2 + Y8_2 + Y10_2 + Y12_2;

  P13 =  Y1_3 + Y3_3 + Y5_3 + Y7_3 + Y9_3 + Y11_3;
  P23 =  Y2_3 + Y4_3 + Y6_3 + Y8_3 + Y10_3 + Y12_3;

  P14 =  Y1_4 + Y3_4 + Y5_4 + Y7_4 + Y9_4 + Y11_4;
  P24 =  Y2_4 + Y4_4 + Y6_4 + Y8_4 + Y10_4 + Y12_4;

  P15 =  Y1_5 + Y3_5 + Y5_5 + Y7_5 + Y9_5 + Y11_5;
  P25 =  Y2_5 + Y4_5 + Y6_5 + Y8_5 + Y10_5 + Y12_5;

  P16 =  Y1_6 + Y3_6 + Y5_6 + Y7_6 + Y9_6 + Y11_6;
  P26 =  Y2_6 + Y4_6 + Y6_6 + Y8_6 + Y10_6 + Y12_6;

  P17 =  Y1_7 + Y3_7 + Y5_7 + Y7_7 + Y9_7 + Y11_7;
  P27 =  Y2_7 + Y4_7 + Y6_7 + Y8_7 + Y10_7 + Y12_7;

  P18 =  Y1_8 + Y3_8 + Y5_8 + Y7_8 + Y9_8 + Y11_8;
  P28 =  Y2_8 + Y4_8 + Y6_8 + Y8_8 + Y10_8 + Y12_8;

  P19 =  Y1_9 + Y3_9 + Y5_9 + Y7_9 + Y9_9 + Y11_9;
  P29 =  Y2_9 + Y4_9 + Y6_9 + Y8_9 + Y10_9 + Y12_9;

  P110 =  Y1_10 + Y3_10 + Y5_10 + Y7_10 + Y9_10 + Y11_10;
  P210 =  Y2_10 + Y4_10 + Y6_10 + Y8_10 + Y10_10 + Y12_10;





  IF (P11==0) THEN P11=2;
  IF (P21==0) THEN P21=2;
  IF (P12==0) THEN P12=2;
  IF (P22==0) THEN P22=2;
  IF (P13==0) THEN P13=2;
  IF (P23==0) THEN P23=2;
  IF (P14==0) THEN P14=2;
  IF (P24==0) THEN P24=2;
  IF (P15==0) THEN P15=2;
  IF (P25==0) THEN P25=2;
  IF (P16==0) THEN P16=2;
  IF (P26==0) THEN P26=2;
  IF (P17==0) THEN P17=2;
  IF (P27==0) THEN P27=2;
  IF (P18==0) THEN P18=2;
  IF (P28==0) THEN P28=2;
  IF (P19==0) THEN P19=2;
  IF (P29==0) THEN P29=2;
  IF (P110==0) THEN P110=2;
  IF (P210==0) THEN P210=2;

  IF (P11==1) THEN P11=2;
  IF (P21==1) THEN P21=2;
  IF (P12==1) THEN P12=2;
  IF (P22==1) THEN P22=2;
  IF (P13==1) THEN P13=2;
  IF (P23==1) THEN P23=2;
  IF (P14==1) THEN P14=2;
  IF (P24==1) THEN P24=2;
  IF (P15==1) THEN P15=2;
  IF (P25==1) THEN P25=2;
  IF (P16==1) THEN P16=2;
  IF (P26==1) THEN P26=2;
  IF (P17==1) THEN P17=2;
  IF (P27==1) THEN P27=2;
  IF (P18==1) THEN P18=2;
  IF (P28==1) THEN P28=2;
  IF (P19==1) THEN P19=2;
  IF (P29==1) THEN P29=2;
  IF (P110==1) THEN P110=2;
  IF (P210==1) THEN P210=2;


  ANALYSIS:

  	ESTIMATOR = Bayes;
  	Biter=(20000);
  	Thin=10;
  	Bconvergence = .005;	
  	!fbiter = 2000;
  	
  MODEL:


  T1 by P11@1 P21@1
  	P12@1 P22@1
  	P13@1 P23@1
  	P14@1 P24@1
  	P15@1 P25@1;
  T2 by	P16@1 P26@1
  	P17@1 P27@1
  	P18@1 P28@1
  	P19@1 P29@1
  	P110@1 P210@1;

  S1 by P11@1 P21@1;
  S2 by P12@1 P22@1;
  S3 by P13@1 P23@1;
  S4 by P14@1 P24@1;
  S5 by P15@1 P25@1;
  S6 by P16@1 P26@1;
  S7 by P17@1 P27@1;
  S8 by P18@1 P28@1;
  S9 by P19@1 P29@1;
  S10 by P110@1 P210@1;

  	
  [S1@0];
  ![S2-S10];
  [T1@0];
  [T2];

  S1-S10 with S1-S10@0;
  T1-T2 with S1-S10@0;


  [P11$1*-1] (tau1);
  [P11$2*-0.5] (tau2);
  [P11$3*0.2] (tau3);
  [P11$4*1.5] (tau4);
  ![P11$5] (tau5);


  ![P21$1] (tau1);
  ![P21$2] (tau2);
  ![P21$3] (tau3);
  ![P21$4] (tau4);
  ![P21$5] (tau5);

  [P12$1] (tau1);
  [P12$2] (tau2);
  [P12$3] (tau3);
  [P12$4] (tau4);
  ![P12$5] (tau5);

  [P22$1] (tau1);
  [P22$2] (tau2);
  [P22$3] (tau3);
  [P22$4] (tau4);
  ![P22$5] (tau5);

  [P13$1] (tau1);
  [P13$2] (tau2);
  [P13$3] (tau3);
  [P13$4] (tau4);
  ![P13$5] (tau5);


  [P23$1] (tau1);
  [P23$2] (tau2);
  [P23$3] (tau3);
  [P23$4] (tau4);
  ![P23$5] (tau5);

  ![P14$1] (tau1);
  ![P14$2] (tau2);
  ![P14$3] (tau3);
  ![P14$4] (tau4);
  ![P14$5] (tau5);

  [P24$1] (tau1);
  [P24$2] (tau2);
  [P24$3] (tau3);
  [P24$4] (tau4);
  ![P24$5] (tau5);


  [P15$1] (tau1);
  [P15$2] (tau2);
  [P15$3] (tau3);
  [P15$4] (tau4);
  ![P15$5] (tau5);

  [P25$1] (tau1);
  [P25$2] (tau2);
  [P25$3] (tau3);
  [P25$4] (tau4);
  ![P25$5] (tau5);

  [P16$1] (tau1);
  [P16$2] (tau2);
  [P16$3] (tau3);
  [P16$4] (tau4);
  ![P16$5] (tau5);

  [P26$1] (tau1);
  [P26$2] (tau2);
  [P26$3] (tau3);
  [P26$4] (tau4);
  ![P26$5] (tau5);

  [P17$1] (tau1);
  [P17$2] (tau2);
  [P17$3] (tau3);
  [P17$4] (tau4);
  ![P17$5] (tau5);

  [P27$1] (tau1);
  [P27$2] (tau2);
  [P27$3] (tau3);
  [P27$4] (tau4);
  ![P27$5] (tau5);

  [P18$1] (tau1);
  [P18$2] (tau2);
  [P18$3] (tau3);
  [P18$4] (tau4);
  ![P18$5] (tau5);


  [P28$1] (tau1);
  [P28$2] (tau2);
  [P28$3] (tau3);
  [P28$4] (tau4);
  ![P28$5] (tau5);

  [P19$1] (tau1);
  [P19$2] (tau2);
  [P19$3] (tau3);
  [P19$4] (tau4);
  ![P19$5] (tau5);

  ![P29$1] (tau1);
  ![P29$2] (tau2);
  ![P29$3] (tau3);
  ![P29$4] (tau4);
  ![P29$5] (tau5);

  [P110$1] (tau1);
  [P110$2] (tau2);
  [P110$3] (tau3);
  [P110$4] (tau4);
  ![P110$5] (tau5);

  [P210$1] (tau1);
  [P210$2] (tau2);
  [P210$3] (tau3);
  [P210$4] (tau4);
  ![P210$5] (tau5);



  Output: stdyx tech8;
  PLOT:   TYPE = PLOT2;
  	



INPUT READING TERMINATED NORMALLY




SUMMARY OF ANALYSIS

Number of groups                                                 1
Number of observations                                          45

Number of dependent variables                                   20
Number of independent variables                                  0
Number of continuous latent variables                           12

Observed dependent variables

  Binary and ordered categorical (ordinal)
   P11         P21         P12         P22         P13         P23
   P14         P24         P15         P25         P16         P26
   P17         P27         P18         P28         P19         P29
   P110        P210

Continuous latent variables
   T1          T2          S1          S2          S3          S4
   S5          S6          S7          S8          S9          S10


Estimator                                                    BAYES
Specifications for Bayesian Estimation
  Point estimate                                            MEDIAN
  Number of Markov chain Monte Carlo (MCMC) chains               2
  Random seed for the first chain                                0
  Starting value information                           UNPERTURBED
  Algorithm used for Markov chain Monte Carlo           GIBBS(PX1)
  Convergence criterion                                  0.500D-02
  Maximum number of iterations                               50000
  K-th iteration used for thinning                              10
Link                                                        PROBIT

Input data file(s)
  laac2_wide.dat
Input data format  FREE


SUMMARY OF DATA



COVARIANCE COVERAGE OF DATA

Minimum covariance coverage value   0.100

     Number of missing data patterns            36


     PROPORTION OF DATA PRESENT


           Covariance Coverage
              P11           P21           P12           P22           P13
              ________      ________      ________      ________      ________
 P11            0.622
 P21            0.622         0.622
 P12            0.489         0.489         0.667
 P22            0.489         0.489         0.667         0.667
 P13            0.511         0.511         0.533         0.533         0.711
 P23            0.511         0.511         0.533         0.533         0.711
 P14            0.267         0.267         0.333         0.333         0.400
 P24            0.267         0.267         0.333         0.333         0.400
 P15            0.467         0.467         0.511         0.511         0.556
 P25            0.467         0.467         0.511         0.511         0.556
 P16            0.467         0.467         0.422         0.422         0.489
 P26            0.467         0.467         0.422         0.422         0.489
 P17            0.511         0.511         0.533         0.533         0.622
 P27            0.511         0.511         0.533         0.533         0.622
 P18            0.511         0.511         0.511         0.511         0.511
 P28            0.511         0.511         0.511         0.511         0.511
 P19            0.467         0.467         0.556         0.556         0.600
 P29            0.467         0.467         0.556         0.556         0.600
 P110           0.489         0.489         0.556         0.556         0.578
 P210           0.489         0.489         0.556         0.556         0.578


           Covariance Coverage
              P23           P14           P24           P15           P25
              ________      ________      ________      ________      ________
 P23            0.711
 P14            0.400         0.511
 P24            0.400         0.511         0.511
 P15            0.556         0.378         0.378         0.667
 P25            0.556         0.378         0.378         0.667         0.667
 P16            0.489         0.311         0.311         0.489         0.489
 P26            0.489         0.311         0.311         0.489         0.489
 P17            0.622         0.333         0.333         0.533         0.533
 P27            0.622         0.333         0.333         0.533         0.533
 P18            0.511         0.378         0.378         0.511         0.511
 P28            0.511         0.378         0.378         0.511         0.511
 P19            0.600         0.378         0.378         0.578         0.578
 P29            0.600         0.378         0.378         0.578         0.578
 P110           0.578         0.378         0.378         0.578         0.578
 P210           0.578         0.378         0.378         0.578         0.578


           Covariance Coverage
              P16           P26           P17           P27           P18
              ________      ________      ________      ________      ________
 P16            0.600
 P26            0.600         0.600
 P17            0.511         0.511         0.689
 P27            0.511         0.511         0.689         0.689
 P18            0.511         0.511         0.556         0.556         0.711
 P28            0.511         0.511         0.556         0.556         0.711
 P19            0.467         0.467         0.600         0.600         0.511
 P29            0.467         0.467         0.600         0.600         0.511
 P110           0.489         0.489         0.578         0.578         0.556
 P210           0.489         0.489         0.578         0.578         0.556


           Covariance Coverage
              P28           P19           P29           P110          P210
              ________      ________      ________      ________      ________
 P28            0.711
 P19            0.511         0.733
 P29            0.511         0.733         0.733
 P110           0.556         0.578         0.578         0.689
 P210           0.556         0.578         0.578         0.689         0.689


UNIVARIATE PROPORTIONS AND COUNTS FOR CATEGORICAL VARIABLES

    P11
      Category 1    0.250            7.000
      Category 2    0.250            7.000
      Category 3    0.286            8.000
      Category 4    0.179            5.000
      Category 5    0.036            1.000
    P21
      Category 1    0.286            8.000
      Category 2    0.357           10.000
      Category 3    0.250            7.000
      Category 4    0.107            3.000
    P12
      Category 1    0.300            9.000
      Category 2    0.100            3.000
      Category 3    0.233            7.000
      Category 4    0.267            8.000
      Category 5    0.100            3.000
    P22
      Category 1    0.267            8.000
      Category 2    0.333           10.000
      Category 3    0.167            5.000
      Category 4    0.200            6.000
      Category 5    0.033            1.000
    P13
      Category 1    0.188            6.000
      Category 2    0.188            6.000
      Category 3    0.406           13.000
      Category 4    0.156            5.000
      Category 5    0.062            2.000
    P23
      Category 1    0.219            7.000
      Category 2    0.375           12.000
      Category 3    0.188            6.000
      Category 4    0.156            5.000
      Category 5    0.062            2.000
    P14
      Category 1    0.174            4.000
      Category 2    0.261            6.000
      Category 3    0.217            5.000
      Category 4    0.348            8.000
    P24
      Category 1    0.217            5.000
      Category 2    0.435           10.000
      Category 3    0.217            5.000
      Category 4    0.043            1.000
      Category 5    0.087            2.000
    P15
      Category 1    0.100            3.000
      Category 2    0.367           11.000
      Category 3    0.167            5.000
      Category 4    0.200            6.000
      Category 5    0.167            5.000
    P25
      Category 1    0.067            2.000
      Category 2    0.433           13.000
      Category 3    0.267            8.000
      Category 4    0.200            6.000
      Category 5    0.033            1.000
    P16
      Category 1    0.111            3.000
      Category 2    0.185            5.000
      Category 3    0.519           14.000
      Category 4    0.111            3.000
      Category 5    0.074            2.000
    P26
      Category 1    0.185            5.000
      Category 2    0.370           10.000
      Category 3    0.148            4.000
      Category 4    0.185            5.000
      Category 5    0.111            3.000
    P17
      Category 1    0.065            2.000
      Category 2    0.226            7.000
      Category 3    0.355           11.000
      Category 4    0.194            6.000
      Category 5    0.161            5.000
    P27
      Category 1    0.065            2.000
      Category 2    0.323           10.000
      Category 3    0.161            5.000
      Category 4    0.226            7.000
      Category 5    0.226            7.000
    P18
      Category 1    0.094            3.000
      Category 2    0.281            9.000
      Category 3    0.250            8.000
      Category 4    0.156            5.000
      Category 5    0.219            7.000
    P28
      Category 1    0.094            3.000
      Category 2    0.219            7.000
      Category 3    0.250            8.000
      Category 4    0.219            7.000
      Category 5    0.219            7.000
    P19
      Category 1    0.061            2.000
      Category 2    0.212            7.000
      Category 3    0.152            5.000
      Category 4    0.212            7.000
      Category 5    0.364           12.000
    P29
      Category 1    0.364           12.000
      Category 2    0.212            7.000
      Category 3    0.242            8.000
      Category 4    0.182            6.000
    P110
      Category 1    0.032            1.000
      Category 2    0.226            7.000
      Category 3    0.290            9.000
      Category 4    0.258            8.000
      Category 5    0.194            6.000
    P210
      Category 1    0.161            5.000
      Category 2    0.129            4.000
      Category 3    0.194            6.000
      Category 4    0.161            5.000
      Category 5    0.355           11.000



THE MODEL ESTIMATION TERMINATED NORMALLY

     USE THE FBITERATIONS OPTION TO INCREASE THE NUMBER OF ITERATIONS BY A FACTOR
     OF AT LEAST TWO TO CHECK CONVERGENCE AND THAT THE PSR VALUE DOES NOT INCREASE.



MODEL FIT INFORMATION

Number of Free Parameters                              27

Bayesian Posterior Predictive Checking using Chi-Square

          95% Confidence Interval for the Difference Between
          the Observed and the Replicated Chi-Square Values

                                -52.123            90.633

          Posterior Predictive P-Value              0.301



MODEL RESULTS

                                Posterior  One-Tailed         95% C.I.
                    Estimate       S.D.      P-Value   Lower 2.5%  Upper 2.5%  Significance

 T1       BY
    P11                1.000       0.000      0.000       1.000       1.000
    P21                1.000       0.000      0.000       1.000       1.000
    P12                1.000       0.000      0.000       1.000       1.000
    P22                1.000       0.000      0.000       1.000       1.000
    P13                1.000       0.000      0.000       1.000       1.000
    P23                1.000       0.000      0.000       1.000       1.000
    P14                1.000       0.000      0.000       1.000       1.000
    P24                1.000       0.000      0.000       1.000       1.000
    P15                1.000       0.000      0.000       1.000       1.000
    P25                1.000       0.000      0.000       1.000       1.000

 T2       BY
    P16                1.000       0.000      0.000       1.000       1.000
    P26                1.000       0.000      0.000       1.000       1.000
    P17                1.000       0.000      0.000       1.000       1.000
    P27                1.000       0.000      0.000       1.000       1.000
    P18                1.000       0.000      0.000       1.000       1.000
    P28                1.000       0.000      0.000       1.000       1.000
    P19                1.000       0.000      0.000       1.000       1.000
    P29                1.000       0.000      0.000       1.000       1.000
    P110               1.000       0.000      0.000       1.000       1.000
    P210               1.000       0.000      0.000       1.000       1.000

 S1       BY
    P11                1.000       0.000      0.000       1.000       1.000
    P21                1.000       0.000      0.000       1.000       1.000

 S2       BY
    P12                1.000       0.000      0.000       1.000       1.000
    P22                1.000       0.000      0.000       1.000       1.000

 S3       BY
    P13                1.000       0.000      0.000       1.000       1.000
    P23                1.000       0.000      0.000       1.000       1.000

 S4       BY
    P14                1.000       0.000      0.000       1.000       1.000
    P24                1.000       0.000      0.000       1.000       1.000

 S5       BY
    P15                1.000       0.000      0.000       1.000       1.000
    P25                1.000       0.000      0.000       1.000       1.000

 S6       BY
    P16                1.000       0.000      0.000       1.000       1.000
    P26                1.000       0.000      0.000       1.000       1.000

 S7       BY
    P17                1.000       0.000      0.000       1.000       1.000
    P27                1.000       0.000      0.000       1.000       1.000

 S8       BY
    P18                1.000       0.000      0.000       1.000       1.000
    P28                1.000       0.000      0.000       1.000       1.000

 S9       BY
    P19                1.000       0.000      0.000       1.000       1.000
    P29                1.000       0.000      0.000       1.000       1.000

 S10      BY
    P110               1.000       0.000      0.000       1.000       1.000
    P210               1.000       0.000      0.000       1.000       1.000

 S1       WITH
    S2                 0.000       0.000      1.000       0.000       0.000
    S3                 0.000       0.000      1.000       0.000       0.000
    S4                 0.000       0.000      1.000       0.000       0.000
    S5                 0.000       0.000      1.000       0.000       0.000
    S6                 0.000       0.000      1.000       0.000       0.000
    S7                 0.000       0.000      1.000       0.000       0.000
    S8                 0.000       0.000      1.000       0.000       0.000
    S9                 0.000       0.000      1.000       0.000       0.000
    S10                0.000       0.000      1.000       0.000       0.000
    T1                 0.000       0.000      1.000       0.000       0.000
    T2                 0.000       0.000      1.000       0.000       0.000

 S2       WITH
    S3                 0.000       0.000      1.000       0.000       0.000
    S4                 0.000       0.000      1.000       0.000       0.000
    S5                 0.000       0.000      1.000       0.000       0.000
    S6                 0.000       0.000      1.000       0.000       0.000
    S7                 0.000       0.000      1.000       0.000       0.000
    S8                 0.000       0.000      1.000       0.000       0.000
    S9                 0.000       0.000      1.000       0.000       0.000
    S10                0.000       0.000      1.000       0.000       0.000
    T1                 0.000       0.000      1.000       0.000       0.000
    T2                 0.000       0.000      1.000       0.000       0.000

 S3       WITH
    S4                 0.000       0.000      1.000       0.000       0.000
    S5                 0.000       0.000      1.000       0.000       0.000
    S6                 0.000       0.000      1.000       0.000       0.000
    S7                 0.000       0.000      1.000       0.000       0.000
    S8                 0.000       0.000      1.000       0.000       0.000
    S9                 0.000       0.000      1.000       0.000       0.000
    S10                0.000       0.000      1.000       0.000       0.000
    T1                 0.000       0.000      1.000       0.000       0.000
    T2                 0.000       0.000      1.000       0.000       0.000

 S4       WITH
    S5                 0.000       0.000      1.000       0.000       0.000
    S6                 0.000       0.000      1.000       0.000       0.000
    S7                 0.000       0.000      1.000       0.000       0.000
    S8                 0.000       0.000      1.000       0.000       0.000
    S9                 0.000       0.000      1.000       0.000       0.000
    S10                0.000       0.000      1.000       0.000       0.000
    T1                 0.000       0.000      1.000       0.000       0.000
    T2                 0.000       0.000      1.000       0.000       0.000

 S5       WITH
    S6                 0.000       0.000      1.000       0.000       0.000
    S7                 0.000       0.000      1.000       0.000       0.000
    S8                 0.000       0.000      1.000       0.000       0.000
    S9                 0.000       0.000      1.000       0.000       0.000
    S10                0.000       0.000      1.000       0.000       0.000
    T1                 0.000       0.000      1.000       0.000       0.000
    T2                 0.000       0.000      1.000       0.000       0.000

 S6       WITH
    S7                 0.000       0.000      1.000       0.000       0.000
    S8                 0.000       0.000      1.000       0.000       0.000
    S9                 0.000       0.000      1.000       0.000       0.000
    S10                0.000       0.000      1.000       0.000       0.000
    T1                 0.000       0.000      1.000       0.000       0.000
    T2                 0.000       0.000      1.000       0.000       0.000

 S7       WITH
    S8                 0.000       0.000      1.000       0.000       0.000
    S9                 0.000       0.000      1.000       0.000       0.000
    S10                0.000       0.000      1.000       0.000       0.000
    T1                 0.000       0.000      1.000       0.000       0.000
    T2                 0.000       0.000      1.000       0.000       0.000

 S8       WITH
    S9                 0.000       0.000      1.000       0.000       0.000
    S10                0.000       0.000      1.000       0.000       0.000
    T1                 0.000       0.000      1.000       0.000       0.000
    T2                 0.000       0.000      1.000       0.000       0.000

 S9       WITH
    S10                0.000       0.000      1.000       0.000       0.000
    T1                 0.000       0.000      1.000       0.000       0.000
    T2                 0.000       0.000      1.000       0.000       0.000

 S10      WITH
    T1                 0.000       0.000      1.000       0.000       0.000
    T2                 0.000       0.000      1.000       0.000       0.000

 T2       WITH
    T1                 0.421       0.186      0.002       0.135       0.870      *

 Means
    T1                 0.000       0.000      1.000       0.000       0.000
    T2                 0.668       0.191      0.000       0.292       1.038      *
    S1                 0.000       0.000      1.000       0.000       0.000

 Thresholds
    P11$1             -1.202       0.159      0.000      -1.524      -0.898      *
    P11$2              0.004       0.150      0.490      -0.288       0.296
    P11$3              0.975       0.157      0.000       0.677       1.284      *
    P11$4              1.972       0.178      0.000       1.627       2.324      *
    P21$1             -0.809       0.330      0.003      -1.494      -0.198      *
    P21$2              0.412       0.308      0.094      -0.184       1.016
    P21$3              1.564       0.399      0.000       0.845       2.423      *
    P12$1             -1.202       0.159      0.000      -1.524      -0.898      *
    P12$2              0.004       0.150      0.490      -0.288       0.296
    P12$3              0.975       0.157      0.000       0.677       1.284      *
    P12$4              1.972       0.178      0.000       1.627       2.324      *
    P22$1             -1.202       0.159      0.000      -1.524      -0.898      *
    P22$2              0.004       0.150      0.490      -0.288       0.296
    P22$3              0.975       0.157      0.000       0.677       1.284      *
    P22$4              1.972       0.178      0.000       1.627       2.324      *
    P13$1             -1.202       0.159      0.000      -1.524      -0.898      *
    P13$2              0.004       0.150      0.490      -0.288       0.296
    P13$3              0.975       0.157      0.000       0.677       1.284      *
    P13$4              1.972       0.178      0.000       1.627       2.324      *
    P23$1             -1.202       0.159      0.000      -1.524      -0.898      *
    P23$2              0.004       0.150      0.490      -0.288       0.296
    P23$3              0.975       0.157      0.000       0.677       1.284      *
    P23$4              1.972       0.178      0.000       1.627       2.324      *
    P14$1             -1.710       0.479      0.000      -2.738      -0.851      *
    P14$2             -0.445       0.380      0.116      -1.229       0.282
    P14$3              0.514       0.385      0.087      -0.238       1.280
    P24$1             -1.202       0.159      0.000      -1.524      -0.898      *
    P24$2              0.004       0.150      0.490      -0.288       0.296
    P24$3              0.975       0.157      0.000       0.677       1.284      *
    P24$4              1.972       0.178      0.000       1.627       2.324      *
    P15$1             -1.202       0.159      0.000      -1.524      -0.898      *
    P15$2              0.004       0.150      0.490      -0.288       0.296
    P15$3              0.975       0.157      0.000       0.677       1.284      *
    P15$4              1.972       0.178      0.000       1.627       2.324      *
    P25$1             -1.202       0.159      0.000      -1.524      -0.898      *
    P25$2              0.004       0.150      0.490      -0.288       0.296
    P25$3              0.975       0.157      0.000       0.677       1.284      *
    P25$4              1.972       0.178      0.000       1.627       2.324      *
    P16$1             -1.202       0.159      0.000      -1.524      -0.898      *
    P16$2              0.004       0.150      0.490      -0.288       0.296
    P16$3              0.975       0.157      0.000       0.677       1.284      *
    P16$4              1.972       0.178      0.000       1.627       2.324      *
    P26$1             -1.202       0.159      0.000      -1.524      -0.898      *
    P26$2              0.004       0.150      0.490      -0.288       0.296
    P26$3              0.975       0.157      0.000       0.677       1.284      *
    P26$4              1.972       0.178      0.000       1.627       2.324      *
    P17$1             -1.202       0.159      0.000      -1.524      -0.898      *
    P17$2              0.004       0.150      0.490      -0.288       0.296
    P17$3              0.975       0.157      0.000       0.677       1.284      *
    P17$4              1.972       0.178      0.000       1.627       2.324      *
    P27$1             -1.202       0.159      0.000      -1.524      -0.898      *
    P27$2              0.004       0.150      0.490      -0.288       0.296
    P27$3              0.975       0.157      0.000       0.677       1.284      *
    P27$4              1.972       0.178      0.000       1.627       2.324      *
    P18$1             -1.202       0.159      0.000      -1.524      -0.898      *
    P18$2              0.004       0.150      0.490      -0.288       0.296
    P18$3              0.975       0.157      0.000       0.677       1.284      *
    P18$4              1.972       0.178      0.000       1.627       2.324      *
    P28$1             -1.202       0.159      0.000      -1.524      -0.898      *
    P28$2              0.004       0.150      0.490      -0.288       0.296
    P28$3              0.975       0.157      0.000       0.677       1.284      *
    P28$4              1.972       0.178      0.000       1.627       2.324      *
    P19$1             -1.202       0.159      0.000      -1.524      -0.898      *
    P19$2              0.004       0.150      0.490      -0.288       0.296
    P19$3              0.975       0.157      0.000       0.677       1.284      *
    P19$4              1.972       0.178      0.000       1.627       2.324      *
    P29$1              0.255       0.324      0.216      -0.378       0.887
    P29$2              1.182       0.336      0.000       0.541       1.850      *
    P29$3              2.471       0.418      0.000       1.712       3.351      *
    P110$1            -1.202       0.159      0.000      -1.524      -0.898      *
    P110$2             0.004       0.150      0.490      -0.288       0.296
    P110$3             0.975       0.157      0.000       0.677       1.284      *
    P110$4             1.972       0.178      0.000       1.627       2.324      *
    P210$1            -1.202       0.159      0.000      -1.524      -0.898      *
    P210$2             0.004       0.150      0.490      -0.288       0.296
    P210$3             0.975       0.157      0.000       0.677       1.284      *
    P210$4             1.972       0.178      0.000       1.627       2.324      *

 Variances
    T1                 0.409       0.173      0.000       0.184       0.852      *
    T2                 1.105       0.355      0.000       0.612       2.001      *
    S1                 0.527       0.476      0.000       0.044       1.840      *
    S2                 0.789       0.559      0.000       0.139       2.274      *
    S3                 0.348       0.358      0.000       0.020       1.351      *
    S4                 1.308       1.113      0.000       0.208       4.381      *
    S5                 0.447       0.385      0.000       0.035       1.477      *
    S6                 0.266       0.321      0.000       0.014       1.188      *
    S7                 0.152       0.209      0.000       0.007       0.762      *
    S8                 0.357       0.388      0.000       0.017       1.426      *
    S9                 0.326       0.448      0.000       0.011       1.638      *
    S10                0.787       0.587      0.000       0.125       2.348      *


STANDARDIZED MODEL RESULTS


STDYX Standardization

                                Posterior  One-Tailed         95% C.I.
                    Estimate       S.D.      P-Value   Lower 2.5%  Upper 2.5%  Significance
 T1       BY
    P11                0.456       0.079      0.000       0.304       0.611      *
    P21                0.456       0.079      0.000       0.304       0.611      *
    P12                0.429       0.082      0.000       0.277       0.595      *
    P22                0.429       0.082      0.000       0.277       0.595      *
    P13                0.478       0.083      0.000       0.316       0.638      *
    P23                0.478       0.083      0.000       0.316       0.638      *
    P14                0.387       0.089      0.000       0.228       0.571      *
    P24                0.387       0.089      0.000       0.228       0.571      *
    P15                0.466       0.080      0.000       0.313       0.623      *
    P25                0.466       0.080      0.000       0.313       0.623      *

 T2       BY
    P16                0.677       0.063      0.000       0.541       0.785      *
    P26                0.677       0.063      0.000       0.541       0.785      *
    P17                0.694       0.059      0.000       0.568       0.798      *
    P27                0.694       0.059      0.000       0.568       0.798      *
    P18                0.666       0.072      0.000       0.507       0.786      *
    P28                0.666       0.072      0.000       0.507       0.786      *
    P19                0.669       0.075      0.000       0.500       0.788      *
    P29                0.669       0.075      0.000       0.500       0.788      *
    P110               0.616       0.075      0.000       0.459       0.751      *
    P210               0.616       0.075      0.000       0.459       0.751      *

 S1       BY
    P11                0.519       0.147      0.000       0.176       0.752      *
    P21                0.519       0.147      0.000       0.176       0.752      *

 S2       BY
    P12                0.597       0.126      0.000       0.294       0.787      *
    P22                0.597       0.126      0.000       0.294       0.787      *

 S3       BY
    P13                0.444       0.153      0.000       0.115       0.702      *
    P23                0.444       0.153      0.000       0.115       0.702      *

 S4       BY
    P14                0.692       0.133      0.000       0.353       0.873      *
    P24                0.692       0.133      0.000       0.353       0.873      *

 S5       BY
    P15                0.488       0.143      0.000       0.152       0.718      *
    P25                0.488       0.143      0.000       0.152       0.718      *

 S6       BY
    P16                0.333       0.136      0.000       0.082       0.599      *
    P26                0.333       0.136      0.000       0.082       0.599      *

 S7       BY
    P17                0.259       0.122      0.000       0.056       0.517      *
    P27                0.259       0.122      0.000       0.056       0.517      *

 S8       BY
    P18                0.378       0.145      0.000       0.087       0.645      *
    P28                0.378       0.145      0.000       0.087       0.645      *

 S9       BY
    P19                0.363       0.158      0.000       0.069       0.668      *
    P29                0.363       0.158      0.000       0.069       0.668      *

 S10      BY
    P110               0.520       0.126      0.000       0.234       0.730      *
    P210               0.520       0.126      0.000       0.234       0.730      *

 S1       WITH
    S2                 0.000       0.000      1.000       0.000       0.000
    S3                 0.000       0.000      1.000       0.000       0.000
    S4                 0.000       0.000      1.000       0.000       0.000
    S5                 0.000       0.000      1.000       0.000       0.000
    S6                 0.000       0.000      1.000       0.000       0.000
    S7                 0.000       0.000      1.000       0.000       0.000
    S8                 0.000       0.000      1.000       0.000       0.000
    S9                 0.000       0.000      1.000       0.000       0.000
    S10                0.000       0.000      1.000       0.000       0.000
    T1                 0.000       0.000      1.000       0.000       0.000
    T2                 0.000       0.000      1.000       0.000       0.000

 S2       WITH
    S3                 0.000       0.000      1.000       0.000       0.000
    S4                 0.000       0.000      1.000       0.000       0.000
    S5                 0.000       0.000      1.000       0.000       0.000
    S6                 0.000       0.000      1.000       0.000       0.000
    S7                 0.000       0.000      1.000       0.000       0.000
    S8                 0.000       0.000      1.000       0.000       0.000
    S9                 0.000       0.000      1.000       0.000       0.000
    S10                0.000       0.000      1.000       0.000       0.000
    T1                 0.000       0.000      1.000       0.000       0.000
    T2                 0.000       0.000      1.000       0.000       0.000

 S3       WITH
    S4                 0.000       0.000      1.000       0.000       0.000
    S5                 0.000       0.000      1.000       0.000       0.000
    S6                 0.000       0.000      1.000       0.000       0.000
    S7                 0.000       0.000      1.000       0.000       0.000
    S8                 0.000       0.000      1.000       0.000       0.000
    S9                 0.000       0.000      1.000       0.000       0.000
    S10                0.000       0.000      1.000       0.000       0.000
    T1                 0.000       0.000      1.000       0.000       0.000
    T2                 0.000       0.000      1.000       0.000       0.000

 S4       WITH
    S5                 0.000       0.000      1.000       0.000       0.000
    S6                 0.000       0.000      1.000       0.000       0.000
    S7                 0.000       0.000      1.000       0.000       0.000
    S8                 0.000       0.000      1.000       0.000       0.000
    S9                 0.000       0.000      1.000       0.000       0.000
    S10                0.000       0.000      1.000       0.000       0.000
    T1                 0.000       0.000      1.000       0.000       0.000
    T2                 0.000       0.000      1.000       0.000       0.000

 S5       WITH
    S6                 0.000       0.000      1.000       0.000       0.000
    S7                 0.000       0.000      1.000       0.000       0.000
    S8                 0.000       0.000      1.000       0.000       0.000
    S9                 0.000       0.000      1.000       0.000       0.000
    S10                0.000       0.000      1.000       0.000       0.000
    T1                 0.000       0.000      1.000       0.000       0.000
    T2                 0.000       0.000      1.000       0.000       0.000

 S6       WITH
    S7                 0.000       0.000      1.000       0.000       0.000
    S8                 0.000       0.000      1.000       0.000       0.000
    S9                 0.000       0.000      1.000       0.000       0.000
    S10                0.000       0.000      1.000       0.000       0.000
    T1                 0.000       0.000      1.000       0.000       0.000
    T2                 0.000       0.000      1.000       0.000       0.000

 S7       WITH
    S8                 0.000       0.000      1.000       0.000       0.000
    S9                 0.000       0.000      1.000       0.000       0.000
    S10                0.000       0.000      1.000       0.000       0.000
    T1                 0.000       0.000      1.000       0.000       0.000
    T2                 0.000       0.000      1.000       0.000       0.000

 S8       WITH
    S9                 0.000       0.000      1.000       0.000       0.000
    S10                0.000       0.000      1.000       0.000       0.000
    T1                 0.000       0.000      1.000       0.000       0.000
    T2                 0.000       0.000      1.000       0.000       0.000

 S9       WITH
    S10                0.000       0.000      1.000       0.000       0.000
    T1                 0.000       0.000      1.000       0.000       0.000
    T2                 0.000       0.000      1.000       0.000       0.000

 S10      WITH
    T1                 0.000       0.000      1.000       0.000       0.000
    T2                 0.000       0.000      1.000       0.000       0.000

 T2       WITH
    T1                 0.651       0.159      0.002       0.245       0.862      *

 Means
    T1                 0.000       0.000      1.000       0.000       0.000
    T2                 0.634       0.201      0.000       0.262       1.052      *
    S1                 0.000       0.000      1.000       0.000       0.000

 Thresholds
    P11$1             -0.849       0.141      0.000      -1.133      -0.585      *
    P11$2              0.003       0.106      0.490      -0.203       0.212
    P11$3              0.690       0.135      0.000       0.441       0.962      *
    P11$4              1.398       0.199      0.000       1.017       1.790      *
    P21$1             -0.574       0.228      0.003      -1.036      -0.142      *
    P21$2              0.291       0.218      0.094      -0.127       0.722
    P21$3              1.106       0.291      0.000       0.590       1.733      *
    P12$1             -0.800       0.132      0.000      -1.067      -0.554      *
    P12$2              0.003       0.100      0.490      -0.194       0.199
    P12$3              0.649       0.124      0.000       0.421       0.900      *
    P12$4              1.318       0.180      0.000       0.966       1.677      *
    P22$1             -0.800       0.132      0.000      -1.067      -0.554      *
    P22$2              0.003       0.100      0.490      -0.194       0.199
    P22$3              0.649       0.124      0.000       0.421       0.900      *
    P22$4              1.318       0.180      0.000       0.966       1.677      *
    P13$1             -0.889       0.137      0.000      -1.162      -0.630      *
    P13$2              0.003       0.110      0.490      -0.214       0.217
    P13$3              0.722       0.129      0.000       0.478       0.977      *
    P13$4              1.463       0.177      0.000       1.109       1.800      *
    P23$1             -0.889       0.137      0.000      -1.162      -0.630      *
    P23$2              0.003       0.110      0.490      -0.214       0.217
    P23$3              0.722       0.129      0.000       0.478       0.977      *
    P23$4              1.463       0.177      0.000       1.109       1.800      *
    P14$1             -1.017       0.265      0.000      -1.576      -0.532      *
    P14$2             -0.263       0.222      0.116      -0.703       0.180
    P14$3              0.305       0.237      0.087      -0.138       0.791
    P24$1             -0.720       0.143      0.000      -1.016      -0.458      *
    P24$2              0.002       0.090      0.490      -0.175       0.180
    P24$3              0.583       0.132      0.000       0.347       0.861      *
    P24$4              1.185       0.212      0.000       0.785       1.618      *
    P15$1             -0.870       0.145      0.000      -1.162      -0.598      *
    P15$2              0.003       0.108      0.490      -0.212       0.207
    P15$3              0.705       0.122      0.000       0.470       0.945      *
    P15$4              1.429       0.168      0.000       1.092       1.753      *
    P25$1             -0.870       0.145      0.000      -1.162      -0.598      *
    P25$2              0.003       0.108      0.490      -0.212       0.207
    P25$3              0.705       0.122      0.000       0.470       0.945      *
    P25$4              1.429       0.168      0.000       1.092       1.753      *
    P16$1             -0.764       0.120      0.000      -1.019      -0.547      *
    P16$2              0.003       0.096      0.490      -0.186       0.191
    P16$3              0.621       0.113      0.000       0.413       0.856      *
    P16$4              1.259       0.152      0.000       0.972       1.570      *
    P26$1             -0.764       0.120      0.000      -1.019      -0.547      *
    P26$2              0.003       0.096      0.490      -0.186       0.191
    P26$3              0.621       0.113      0.000       0.413       0.856      *
    P26$4              1.259       0.152      0.000       0.972       1.570      *
    P17$1             -0.786       0.120      0.000      -1.035      -0.567      *
    P17$2              0.003       0.098      0.490      -0.192       0.196
    P17$3              0.638       0.113      0.000       0.429       0.869      *
    P17$4              1.292       0.147      0.000       1.015       1.589      *
    P27$1             -0.786       0.120      0.000      -1.035      -0.567      *
    P27$2              0.003       0.098      0.490      -0.192       0.196
    P27$3              0.638       0.113      0.000       0.429       0.869      *
    P27$4              1.292       0.147      0.000       1.015       1.589      *
    P18$1             -0.751       0.116      0.000      -0.993      -0.535      *
    P18$2              0.003       0.094      0.490      -0.182       0.186
    P18$3              0.608       0.109      0.000       0.406       0.834      *
    P18$4              1.234       0.145      0.000       0.957       1.525      *
    P28$1             -0.751       0.116      0.000      -0.993      -0.535      *
    P28$2              0.003       0.094      0.490      -0.182       0.186
    P28$3              0.608       0.109      0.000       0.406       0.834      *
    P28$4              1.234       0.145      0.000       0.957       1.525      *
    P19$1             -0.751       0.120      0.000      -1.003      -0.529      *
    P19$2              0.003       0.094      0.490      -0.184       0.188
    P19$3              0.609       0.112      0.000       0.403       0.841      *
    P19$4              1.236       0.152      0.000       0.946       1.542      *
    P29$1              0.159       0.203      0.216      -0.239       0.551
    P29$2              0.738       0.209      0.000       0.338       1.159      *
    P29$3              1.548       0.250      0.000       1.081       2.060      *
    P110$1            -0.694       0.113      0.000      -0.933      -0.491      *
    P110$2             0.002       0.087      0.490      -0.170       0.173
    P110$3             0.564       0.105      0.000       0.371       0.784      *
    P110$4             1.143       0.144      0.000       0.874       1.436      *
    P210$1            -0.694       0.113      0.000      -0.933      -0.491      *
    P210$2             0.002       0.087      0.490      -0.170       0.173
    P210$3             0.564       0.105      0.000       0.371       0.784      *
    P210$4             1.143       0.144      0.000       0.874       1.436      *

 Variances
    T1                 1.000       0.000      0.000       1.000       1.000
    T2                 1.000       0.000      0.000       1.000       1.000
    S1                 1.000       0.000      0.000       1.000       1.000
    S2                 1.000       0.000      0.000       1.000       1.000
    S3                 1.000       0.000      0.000       1.000       1.000
    S4                 1.000       0.000      0.000       1.000       1.000
    S5                 1.000       0.000      0.000       1.000       1.000
    S6                 1.000       0.000      0.000       1.000       1.000
    S7                 1.000       0.000      0.000       1.000       1.000
    S8                 1.000       0.000      0.000       1.000       1.000
    S9                 1.000       0.000      0.000       1.000       1.000
    S10                1.000       0.000      0.000       1.000       1.000


R-SQUARE

                                Posterior  One-Tailed         95% C.I.
    Variable        Estimate       S.D.      P-Value   Lower 2.5%  Upper 2.5%

    P11                0.492       0.113      0.000       0.268       0.703
    P21                0.492       0.113      0.000       0.268       0.703
    P12                0.552       0.102      0.000       0.341       0.733
    P22                0.552       0.102      0.000       0.341       0.733
    P13                0.444       0.100      0.000       0.258       0.645
    P23                0.444       0.100      0.000       0.258       0.645
    P14                0.636       0.116      0.000       0.378       0.828
    P24                0.636       0.116      0.000       0.378       0.828
    P15                0.470       0.103      0.000       0.267       0.665
    P25                0.470       0.103      0.000       0.267       0.665
    P16                0.589       0.077      0.000       0.432       0.731
    P26                0.589       0.077      0.000       0.432       0.731
    P17                0.568       0.072      0.000       0.422       0.702
    P27                0.568       0.072      0.000       0.422       0.702
    P18                0.605       0.072      0.000       0.456       0.739
    P28                0.605       0.072      0.000       0.456       0.739
    P19                0.603       0.076      0.000       0.450       0.746
    P29                0.603       0.076      0.000       0.450       0.746
    P110               0.662       0.072      0.000       0.506       0.789
    P210               0.662       0.072      0.000       0.506       0.789


TECHNICAL 1 OUTPUT


     PARAMETER SPECIFICATION


           TAU
              P11$1         P11$2         P11$3         P11$4         P21$1
              ________      ________      ________      ________      ________
                   15            16            17            18            19


           TAU
              P21$2         P21$3         P12$1         P12$2         P12$3
              ________      ________      ________      ________      ________
                   20            21            15            16            17


           TAU
              P12$4         P22$1         P22$2         P22$3         P22$4
              ________      ________      ________      ________      ________
                   18            15            16            17            18


           TAU
              P13$1         P13$2         P13$3         P13$4         P23$1
              ________      ________      ________      ________      ________
                   15            16            17            18            15


           TAU
              P23$2         P23$3         P23$4         P14$1         P14$2
              ________      ________      ________      ________      ________
                   16            17            18            22            23


           TAU
              P14$3         P24$1         P24$2         P24$3         P24$4
              ________      ________      ________      ________      ________
                   24            15            16            17            18


           TAU
              P15$1         P15$2         P15$3         P15$4         P25$1
              ________      ________      ________      ________      ________
                   15            16            17            18            15


           TAU
              P25$2         P25$3         P25$4         P16$1         P16$2
              ________      ________      ________      ________      ________
                   16            17            18            15            16


           TAU
              P16$3         P16$4         P26$1         P26$2         P26$3
              ________      ________      ________      ________      ________
                   17            18            15            16            17


           TAU
              P26$4         P17$1         P17$2         P17$3         P17$4
              ________      ________      ________      ________      ________
                   18            15            16            17            18


           TAU
              P27$1         P27$2         P27$3         P27$4         P18$1
              ________      ________      ________      ________      ________
                   15            16            17            18            15


           TAU
              P18$2         P18$3         P18$4         P28$1         P28$2
              ________      ________      ________      ________      ________
                   16            17            18            15            16


           TAU
              P28$3         P28$4         P19$1         P19$2         P19$3
              ________      ________      ________      ________      ________
                   17            18            15            16            17


           TAU
              P19$4         P29$1         P29$2         P29$3         P110$1
              ________      ________      ________      ________      ________
                   18            25            26            27            15


           TAU
              P110$2        P110$3        P110$4        P210$1        P210$2
              ________      ________      ________      ________      ________
                   16            17            18            15            16


           TAU
              P210$3        P210$4
              ________      ________
                   17            18


           NU
              P11           P21           P12           P22           P13
              ________      ________      ________      ________      ________
                    0             0             0             0             0


           NU
              P23           P14           P24           P15           P25
              ________      ________      ________      ________      ________
                    0             0             0             0             0


           NU
              P16           P26           P17           P27           P18
              ________      ________      ________      ________      ________
                    0             0             0             0             0


           NU
              P28           P19           P29           P110          P210
              ________      ________      ________      ________      ________
                    0             0             0             0             0


           LAMBDA
              T1            T2            S1            S2            S3
              ________      ________      ________      ________      ________
 P11                0             0             0             0             0
 P21                0             0             0             0             0
 P12                0             0             0             0             0
 P22                0             0             0             0             0
 P13                0             0             0             0             0
 P23                0             0             0             0             0
 P14                0             0             0             0             0
 P24                0             0             0             0             0
 P15                0             0             0             0             0
 P25                0             0             0             0             0
 P16                0             0             0             0             0
 P26                0             0             0             0             0
 P17                0             0             0             0             0
 P27                0             0             0             0             0
 P18                0             0             0             0             0
 P28                0             0             0             0             0
 P19                0             0             0             0             0
 P29                0             0             0             0             0
 P110               0             0             0             0             0
 P210               0             0             0             0             0


           LAMBDA
              S4            S5            S6            S7            S8
              ________      ________      ________      ________      ________
 P11                0             0             0             0             0
 P21                0             0             0             0             0
 P12                0             0             0             0             0
 P22                0             0             0             0             0
 P13                0             0             0             0             0
 P23                0             0             0             0             0
 P14                0             0             0             0             0
 P24                0             0             0             0             0
 P15                0             0             0             0             0
 P25                0             0             0             0             0
 P16                0             0             0             0             0
 P26                0             0             0             0             0
 P17                0             0             0             0             0
 P27                0             0             0             0             0
 P18                0             0             0             0             0
 P28                0             0             0             0             0
 P19                0             0             0             0             0
 P29                0             0             0             0             0
 P110               0             0             0             0             0
 P210               0             0             0             0             0


           LAMBDA
              S9            S10
              ________      ________
 P11                0             0
 P21                0             0
 P12                0             0
 P22                0             0
 P13                0             0
 P23                0             0
 P14                0             0
 P24                0             0
 P15                0             0
 P25                0             0
 P16                0             0
 P26                0             0
 P17                0             0
 P27                0             0
 P18                0             0
 P28                0             0
 P19                0             0
 P29                0             0
 P110               0             0
 P210               0             0


           THETA
              P11           P21           P12           P22           P13
              ________      ________      ________      ________      ________
 P11                0
 P21                0             0
 P12                0             0             0
 P22                0             0             0             0
 P13                0             0             0             0             0
 P23                0             0             0             0             0
 P14                0             0             0             0             0
 P24                0             0             0             0             0
 P15                0             0             0             0             0
 P25                0             0             0             0             0
 P16                0             0             0             0             0
 P26                0             0             0             0             0
 P17                0             0             0             0             0
 P27                0             0             0             0             0
 P18                0             0             0             0             0
 P28                0             0             0             0             0
 P19                0             0             0             0             0
 P29                0             0             0             0             0
 P110               0             0             0             0             0
 P210               0             0             0             0             0


           THETA
              P23           P14           P24           P15           P25
              ________      ________      ________      ________      ________
 P23                0
 P14                0             0
 P24                0             0             0
 P15                0             0             0             0
 P25                0             0             0             0             0
 P16                0             0             0             0             0
 P26                0             0             0             0             0
 P17                0             0             0             0             0
 P27                0             0             0             0             0
 P18                0             0             0             0             0
 P28                0             0             0             0             0
 P19                0             0             0             0             0
 P29                0             0             0             0             0
 P110               0             0             0             0             0
 P210               0             0             0             0             0


           THETA
              P16           P26           P17           P27           P18
              ________      ________      ________      ________      ________
 P16                0
 P26                0             0
 P17                0             0             0
 P27                0             0             0             0
 P18                0             0             0             0             0
 P28                0             0             0             0             0
 P19                0             0             0             0             0
 P29                0             0             0             0             0
 P110               0             0             0             0             0
 P210               0             0             0             0             0


           THETA
              P28           P19           P29           P110          P210
              ________      ________      ________      ________      ________
 P28                0
 P19                0             0
 P29                0             0             0
 P110               0             0             0             0
 P210               0             0             0             0             0


           ALPHA
              T1            T2            S1            S2            S3
              ________      ________      ________      ________      ________
                    0             1             0             0             0


           ALPHA
              S4            S5            S6            S7            S8
              ________      ________      ________      ________      ________
                    0             0             0             0             0


           ALPHA
              S9            S10
              ________      ________
                    0             0


           BETA
              T1            T2            S1            S2            S3
              ________      ________      ________      ________      ________
 T1                 0             0             0             0             0
 T2                 0             0             0             0             0
 S1                 0             0             0             0             0
 S2                 0             0             0             0             0
 S3                 0             0             0             0             0
 S4                 0             0             0             0             0
 S5                 0             0             0             0             0
 S6                 0             0             0             0             0
 S7                 0             0             0             0             0
 S8                 0             0             0             0             0
 S9                 0             0             0             0             0
 S10                0             0             0             0             0


           BETA
              S4            S5            S6            S7            S8
              ________      ________      ________      ________      ________
 T1                 0             0             0             0             0
 T2                 0             0             0             0             0
 S1                 0             0             0             0             0
 S2                 0             0             0             0             0
 S3                 0             0             0             0             0
 S4                 0             0             0             0             0
 S5                 0             0             0             0             0
 S6                 0             0             0             0             0
 S7                 0             0             0             0             0
 S8                 0             0             0             0             0
 S9                 0             0             0             0             0
 S10                0             0             0             0             0


           BETA
              S9            S10
              ________      ________
 T1                 0             0
 T2                 0             0
 S1                 0             0
 S2                 0             0
 S3                 0             0
 S4                 0             0
 S5                 0             0
 S6                 0             0
 S7                 0             0
 S8                 0             0
 S9                 0             0
 S10                0             0


           PSI
              T1            T2            S1            S2            S3
              ________      ________      ________      ________      ________
 T1                 2
 T2                 3             4
 S1                 0             0             5
 S2                 0             0             0             6
 S3                 0             0             0             0             7
 S4                 0             0             0             0             0
 S5                 0             0             0             0             0
 S6                 0             0             0             0             0
 S7                 0             0             0             0             0
 S8                 0             0             0             0             0
 S9                 0             0             0             0             0
 S10                0             0             0             0             0


           PSI
              S4            S5            S6            S7            S8
              ________      ________      ________      ________      ________
 S4                 8
 S5                 0             9
 S6                 0             0            10
 S7                 0             0             0            11
 S8                 0             0             0             0            12
 S9                 0             0             0             0             0
 S10                0             0             0             0             0


           PSI
              S9            S10
              ________      ________
 S9                13
 S10                0            14


     STARTING VALUES


           TAU
              P11$1         P11$2         P11$3         P11$4         P21$1
              ________      ________      ________      ________      ________
               -1.000        -0.500         0.200         1.500        -0.509


           TAU
              P21$2         P21$3         P12$1         P12$2         P12$3
              ________      ________      ________      ________      ________
                0.327         1.178        -1.109        -0.204         0.404


           TAU
              P12$4         P22$1         P22$2         P22$3         P22$4
              ________      ________      ________      ________      ________
                1.074        -1.109        -0.204         0.404         1.074


           TAU
              P13$1         P13$2         P13$3         P13$4         P23$1
              ________      ________      ________      ________      ________
               -1.109        -0.204         0.404         1.074        -1.109


           TAU
              P23$2         P23$3         P23$4         P14$1         P14$2
              ________      ________      ________      ________      ________
               -0.204         0.404         1.074        -0.866        -0.146


           TAU
              P14$3         P24$1         P24$2         P24$3         P24$4
              ________      ________      ________      ________      ________
                0.349        -1.109        -0.204         0.404         1.074


           TAU
              P15$1         P15$2         P15$3         P15$4         P25$1
              ________      ________      ________      ________      ________
               -1.109        -0.204         0.404         1.074        -1.109


           TAU
              P25$2         P25$3         P25$4         P16$1         P16$2
              ________      ________      ________      ________      ________
               -0.204         0.404         1.074        -1.109        -0.204


           TAU
              P16$3         P16$4         P26$1         P26$2         P26$3
              ________      ________      ________      ________      ________
                0.404         1.074        -1.109        -0.204         0.404


           TAU
              P26$4         P17$1         P17$2         P17$3         P17$4
              ________      ________      ________      ________      ________
                1.074        -1.109        -0.204         0.404         1.074


           TAU
              P27$1         P27$2         P27$3         P27$4         P18$1
              ________      ________      ________      ________      ________
               -1.109        -0.204         0.404         1.074        -1.109


           TAU
              P18$2         P18$3         P18$4         P28$1         P28$2
              ________      ________      ________      ________      ________
               -0.204         0.404         1.074        -1.109        -0.204


           TAU
              P28$3         P28$4         P19$1         P19$2         P19$3
              ________      ________      ________      ________      ________
                0.404         1.074        -1.109        -0.204         0.404


           TAU
              P19$4         P29$1         P29$2         P29$3         P110$1
              ________      ________      ________      ________      ________
                1.074        -0.311         0.170         0.836        -1.109


           TAU
              P110$2        P110$3        P110$4        P210$1        P210$2
              ________      ________      ________      ________      ________
               -0.204         0.404         1.074        -1.109        -0.204


           TAU
              P210$3        P210$4
              ________      ________
                0.404         1.074


           NU
              P11           P21           P12           P22           P13
              ________      ________      ________      ________      ________
                0.000         0.000         0.000         0.000         0.000


           NU
              P23           P14           P24           P15           P25
              ________      ________      ________      ________      ________
                0.000         0.000         0.000         0.000         0.000


           NU
              P16           P26           P17           P27           P18
              ________      ________      ________      ________      ________
                0.000         0.000         0.000         0.000         0.000


           NU
              P28           P19           P29           P110          P210
              ________      ________      ________      ________      ________
                0.000         0.000         0.000         0.000         0.000


           LAMBDA
              T1            T2            S1            S2            S3
              ________      ________      ________      ________      ________
 P11            1.000         0.000         1.000         0.000         0.000
 P21            1.000         0.000         1.000         0.000         0.000
 P12            1.000         0.000         0.000         1.000         0.000
 P22            1.000         0.000         0.000         1.000         0.000
 P13            1.000         0.000         0.000         0.000         1.000
 P23            1.000         0.000         0.000         0.000         1.000
 P14            1.000         0.000         0.000         0.000         0.000
 P24            1.000         0.000         0.000         0.000         0.000
 P15            1.000         0.000         0.000         0.000         0.000
 P25            1.000         0.000         0.000         0.000         0.000
 P16            0.000         1.000         0.000         0.000         0.000
 P26            0.000         1.000         0.000         0.000         0.000
 P17            0.000         1.000         0.000         0.000         0.000
 P27            0.000         1.000         0.000         0.000         0.000
 P18            0.000         1.000         0.000         0.000         0.000
 P28            0.000         1.000         0.000         0.000         0.000
 P19            0.000         1.000         0.000         0.000         0.000
 P29            0.000         1.000         0.000         0.000         0.000
 P110           0.000         1.000         0.000         0.000         0.000
 P210           0.000         1.000         0.000         0.000         0.000


           LAMBDA
              S4            S5            S6            S7            S8
              ________      ________      ________      ________      ________
 P11            0.000         0.000         0.000         0.000         0.000
 P21            0.000         0.000         0.000         0.000         0.000
 P12            0.000         0.000         0.000         0.000         0.000
 P22            0.000         0.000         0.000         0.000         0.000
 P13            0.000         0.000         0.000         0.000         0.000
 P23            0.000         0.000         0.000         0.000         0.000
 P14            1.000         0.000         0.000         0.000         0.000
 P24            1.000         0.000         0.000         0.000         0.000
 P15            0.000         1.000         0.000         0.000         0.000
 P25            0.000         1.000         0.000         0.000         0.000
 P16            0.000         0.000         1.000         0.000         0.000
 P26            0.000         0.000         1.000         0.000         0.000
 P17            0.000         0.000         0.000         1.000         0.000
 P27            0.000         0.000         0.000         1.000         0.000
 P18            0.000         0.000         0.000         0.000         1.000
 P28            0.000         0.000         0.000         0.000         1.000
 P19            0.000         0.000         0.000         0.000         0.000
 P29            0.000         0.000         0.000         0.000         0.000
 P110           0.000         0.000         0.000         0.000         0.000
 P210           0.000         0.000         0.000         0.000         0.000


           LAMBDA
              S9            S10
              ________      ________
 P11            0.000         0.000
 P21            0.000         0.000
 P12            0.000         0.000
 P22            0.000         0.000
 P13            0.000         0.000
 P23            0.000         0.000
 P14            0.000         0.000
 P24            0.000         0.000
 P15            0.000         0.000
 P25            0.000         0.000
 P16            0.000         0.000
 P26            0.000         0.000
 P17            0.000         0.000
 P27            0.000         0.000
 P18            0.000         0.000
 P28            0.000         0.000
 P19            1.000         0.000
 P29            1.000         0.000
 P110           0.000         1.000
 P210           0.000         1.000


           THETA
              P11           P21           P12           P22           P13
              ________      ________      ________      ________      ________
 P11            1.000
 P21            0.000         1.000
 P12            0.000         0.000         1.000
 P22            0.000         0.000         0.000         1.000
 P13            0.000         0.000         0.000         0.000         1.000
 P23            0.000         0.000         0.000         0.000         0.000
 P14            0.000         0.000         0.000         0.000         0.000
 P24            0.000         0.000         0.000         0.000         0.000
 P15            0.000         0.000         0.000         0.000         0.000
 P25            0.000         0.000         0.000         0.000         0.000
 P16            0.000         0.000         0.000         0.000         0.000
 P26            0.000         0.000         0.000         0.000         0.000
 P17            0.000         0.000         0.000         0.000         0.000
 P27            0.000         0.000         0.000         0.000         0.000
 P18            0.000         0.000         0.000         0.000         0.000
 P28            0.000         0.000         0.000         0.000         0.000
 P19            0.000         0.000         0.000         0.000         0.000
 P29            0.000         0.000         0.000         0.000         0.000
 P110           0.000         0.000         0.000         0.000         0.000
 P210           0.000         0.000         0.000         0.000         0.000


           THETA
              P23           P14           P24           P15           P25
              ________      ________      ________      ________      ________
 P23            1.000
 P14            0.000         1.000
 P24            0.000         0.000         1.000
 P15            0.000         0.000         0.000         1.000
 P25            0.000         0.000         0.000         0.000         1.000
 P16            0.000         0.000         0.000         0.000         0.000
 P26            0.000         0.000         0.000         0.000         0.000
 P17            0.000         0.000         0.000         0.000         0.000
 P27            0.000         0.000         0.000         0.000         0.000
 P18            0.000         0.000         0.000         0.000         0.000
 P28            0.000         0.000         0.000         0.000         0.000
 P19            0.000         0.000         0.000         0.000         0.000
 P29            0.000         0.000         0.000         0.000         0.000
 P110           0.000         0.000         0.000         0.000         0.000
 P210           0.000         0.000         0.000         0.000         0.000


           THETA
              P16           P26           P17           P27           P18
              ________      ________      ________      ________      ________
 P16            1.000
 P26            0.000         1.000
 P17            0.000         0.000         1.000
 P27            0.000         0.000         0.000         1.000
 P18            0.000         0.000         0.000         0.000         1.000
 P28            0.000         0.000         0.000         0.000         0.000
 P19            0.000         0.000         0.000         0.000         0.000
 P29            0.000         0.000         0.000         0.000         0.000
 P110           0.000         0.000         0.000         0.000         0.000
 P210           0.000         0.000         0.000         0.000         0.000


           THETA
              P28           P19           P29           P110          P210
              ________      ________      ________      ________      ________
 P28            1.000
 P19            0.000         1.000
 P29            0.000         0.000         1.000
 P110           0.000         0.000         0.000         1.000
 P210           0.000         0.000         0.000         0.000         1.000


           ALPHA
              T1            T2            S1            S2            S3
              ________      ________      ________      ________      ________
                0.000         0.000         0.000         0.000         0.000


           ALPHA
              S4            S5            S6            S7            S8
              ________      ________      ________      ________      ________
                0.000         0.000         0.000         0.000         0.000


           ALPHA
              S9            S10
              ________      ________
                0.000         0.000


           BETA
              T1            T2            S1            S2            S3
              ________      ________      ________      ________      ________
 T1             0.000         0.000         0.000         0.000         0.000
 T2             0.000         0.000         0.000         0.000         0.000
 S1             0.000         0.000         0.000         0.000         0.000
 S2             0.000         0.000         0.000         0.000         0.000
 S3             0.000         0.000         0.000         0.000         0.000
 S4             0.000         0.000         0.000         0.000         0.000
 S5             0.000         0.000         0.000         0.000         0.000
 S6             0.000         0.000         0.000         0.000         0.000
 S7             0.000         0.000         0.000         0.000         0.000
 S8             0.000         0.000         0.000         0.000         0.000
 S9             0.000         0.000         0.000         0.000         0.000
 S10            0.000         0.000         0.000         0.000         0.000


           BETA
              S4            S5            S6            S7            S8
              ________      ________      ________      ________      ________
 T1             0.000         0.000         0.000         0.000         0.000
 T2             0.000         0.000         0.000         0.000         0.000
 S1             0.000         0.000         0.000         0.000         0.000
 S2             0.000         0.000         0.000         0.000         0.000
 S3             0.000         0.000         0.000         0.000         0.000
 S4             0.000         0.000         0.000         0.000         0.000
 S5             0.000         0.000         0.000         0.000         0.000
 S6             0.000         0.000         0.000         0.000         0.000
 S7             0.000         0.000         0.000         0.000         0.000
 S8             0.000         0.000         0.000         0.000         0.000
 S9             0.000         0.000         0.000         0.000         0.000
 S10            0.000         0.000         0.000         0.000         0.000


           BETA
              S9            S10
              ________      ________
 T1             0.000         0.000
 T2             0.000         0.000
 S1             0.000         0.000
 S2             0.000         0.000
 S3             0.000         0.000
 S4             0.000         0.000
 S5             0.000         0.000
 S6             0.000         0.000
 S7             0.000         0.000
 S8             0.000         0.000
 S9             0.000         0.000
 S10            0.000         0.000


           PSI
              T1            T2            S1            S2            S3
              ________      ________      ________      ________      ________
 T1             1.000
 T2             0.000         1.000
 S1             0.000         0.000         1.000
 S2             0.000         0.000         0.000         1.000
 S3             0.000         0.000         0.000         0.000         1.000
 S4             0.000         0.000         0.000         0.000         0.000
 S5             0.000         0.000         0.000         0.000         0.000
 S6             0.000         0.000         0.000         0.000         0.000
 S7             0.000         0.000         0.000         0.000         0.000
 S8             0.000         0.000         0.000         0.000         0.000
 S9             0.000         0.000         0.000         0.000         0.000
 S10            0.000         0.000         0.000         0.000         0.000


           PSI
              S4            S5            S6            S7            S8
              ________      ________      ________      ________      ________
 S4             1.000
 S5             0.000         1.000
 S6             0.000         0.000         1.000
 S7             0.000         0.000         0.000         1.000
 S8             0.000         0.000         0.000         0.000         1.000
 S9             0.000         0.000         0.000         0.000         0.000
 S10            0.000         0.000         0.000         0.000         0.000


           PSI
              S9            S10
              ________      ________
 S9             1.000
 S10            0.000         1.000



     PRIORS FOR ALL PARAMETERS            PRIOR MEAN      PRIOR VARIANCE     PRIOR STD. DEV.

     Parameter 1~N(0.000,infinity)           0.0000            infinity            infinity
     Parameter 2~IW(1.000,3)               infinity            infinity            infinity
     Parameter 3~IW(0.000,3)               infinity            infinity            infinity
     Parameter 4~IW(1.000,3)               infinity            infinity            infinity
     Parameter 5~IG(-1.000,0.000)          infinity            infinity            infinity
     Parameter 6~IG(-1.000,0.000)          infinity            infinity            infinity
     Parameter 7~IG(-1.000,0.000)          infinity            infinity            infinity
     Parameter 8~IG(-1.000,0.000)          infinity            infinity            infinity
     Parameter 9~IG(-1.000,0.000)          infinity            infinity            infinity
     Parameter 10~IG(-1.000,0.000)         infinity            infinity            infinity
     Parameter 11~IG(-1.000,0.000)         infinity            infinity            infinity
     Parameter 12~IG(-1.000,0.000)         infinity            infinity            infinity
     Parameter 13~IG(-1.000,0.000)         infinity            infinity            infinity
     Parameter 14~IG(-1.000,0.000)         infinity            infinity            infinity
     Parameter 15~N(0.000,5.000)             0.0000              5.0000              2.2361
     Parameter 16~N(0.000,5.000)             0.0000              5.0000              2.2361
     Parameter 17~N(0.000,5.000)             0.0000              5.0000              2.2361
     Parameter 18~N(0.000,5.000)             0.0000              5.0000              2.2361
     Parameter 19~N(0.000,5.000)             0.0000              5.0000              2.2361
     Parameter 20~N(0.000,5.000)             0.0000              5.0000              2.2361
     Parameter 21~N(0.000,5.000)             0.0000              5.0000              2.2361
     Parameter 22~N(0.000,5.000)             0.0000              5.0000              2.2361
     Parameter 23~N(0.000,5.000)             0.0000              5.0000              2.2361
     Parameter 24~N(0.000,5.000)             0.0000              5.0000              2.2361
     Parameter 25~N(0.000,5.000)             0.0000              5.0000              2.2361
     Parameter 26~N(0.000,5.000)             0.0000              5.0000              2.2361
     Parameter 27~N(0.000,5.000)             0.0000              5.0000              2.2361


TECHNICAL 8 OUTPUT


   TECHNICAL 8 OUTPUT FOR BAYES ESTIMATION

     CHAIN    BSEED
     1        0
     2        285380

                     POTENTIAL       PARAMETER WITH
     ITERATION    SCALE REDUCTION      HIGHEST PSR
     100              1.176               16
     200              1.079               13
     300              1.118               15
     400              1.062               7
     500              1.084               18
     600              1.160               18
     700              1.108               18
     800              1.009               13
     900              1.015               27
     1000             1.023               27
     1100             1.021               27
     1200             1.019               13
     1300             1.024               13
     1400             1.018               13
     1500             1.019               14
     1600             1.012               14
     1700             1.008               13
     1800             1.015               13
     1900             1.013               13
     2000             1.007               13
     2100             1.007               13
     2200             1.015               11
     2300             1.017               11
     2400             1.017               11
     2500             1.018               11
     2600             1.015               11
     2700             1.018               11
     2800             1.016               11
     2900             1.013               11
     3000             1.013               15
     3100             1.010               11
     3200             1.010               11
     3300             1.010               11
     3400             1.012               11
     3500             1.010               16
     3600             1.011               11
     3700             1.010               11
     3800             1.007               11
     3900             1.009               11
     4000             1.008               11
     4100             1.006               11
     4200             1.005               11
     4300             1.006               10
     4400             1.005               10
     4500             1.003               10
     4600             1.003               10
     4700             1.003               10
     4800             1.005               10
     4900             1.005               10
     5000             1.007               10
     5100             1.008               10
     5200             1.007               10
     5300             1.008               10
     5400             1.006               10
     5500             1.005               10
     5600             1.005               10
     5700             1.005               10
     5800             1.004               10
     5900             1.004               10
     6000             1.004               10
     6100             1.004               10
     6200             1.005               10
     6300             1.004               10
     6400             1.003               10
     6500             1.004               10
     6600             1.003               10
     6700             1.003               18
     6800             1.002               21
     6900             1.003               21
     7000             1.004               15
     7100             1.003               21
     7200             1.004               15
     7300             1.004               15
     7400             1.005               15
     7500             1.004               15
     7600             1.006               15
     7700             1.008               15
     7800             1.012               15
     7900             1.010               16
     8000             1.009               15
     8100             1.010               15
     8200             1.008               15
     8300             1.004               15
     8400             1.005               15
     8500             1.005               15
     8600             1.004               15
     8700             1.005               15
     8800             1.006               15
     8900             1.006               15
     9000             1.006               15
     9100             1.006               16
     9200             1.005               16
     9300             1.006               16
     9400             1.004               16
     9500             1.003               15
     9600             1.002               16
     9700             1.002               16
     9800             1.003               16
     9900             1.004               16
     10000            1.004               16
     10100            1.005               16
     10200            1.007               16
     10300            1.007               16
     10400            1.006               16
     10500            1.006               16
     10600            1.004               16
     10700            1.004               16
     10800            1.003               16
     10900            1.003               16
     11000            1.005               16
     11100            1.005               16
     11200            1.004               16
     11300            1.003               16
     11400            1.005               16
     11500            1.005               16
     11600            1.003               16
     11700            1.004               16
     11800            1.002               15
     11900            1.002               16
     12000            1.002               16
     12100            1.001               15
     12200            1.001               15
     12300            1.002               15
     12400            1.002               15
     12500            1.001               22
     12600            1.001               22
     12700            1.001               22
     12800            1.001               22
     12900            1.001               22
     13000            1.002               15
     13100            1.002               15
     13200            1.001               15
     13300            1.001               15
     13400            1.001               16
     13500            1.001               15
     13600            1.001               16
     13700            1.000               16
     13800            1.000               15
     13900            1.000               22
     14000            1.000               14
     14100            1.000               15
     14200            1.000               16
     14300            1.001               17
     14400            1.000               17
     14500            1.000               17
     14600            1.000               16
     14700            1.000               17
     14800            1.000               20
     14900            1.000               20
     15000            1.001               17
     15100            1.000               17
     15200            1.001               17
     15300            1.001               17
     15400            1.001               17
     15500            1.001               17
     15600            1.000               17
     15700            1.001               17
     15800            1.001               17
     15900            1.001               17
     16000            1.001               17
     16100            1.000               17
     16200            1.000               17
     16300            1.001               17
     16400            1.001               17
     16500            1.001               17
     16600            1.002               17
     16700            1.001               17
     16800            1.002               17
     16900            1.002               17
     17000            1.001               17
     17100            1.001               17
     17200            1.001               17
     17300            1.001               17
     17400            1.001               17
     17500            1.001               17
     17600            1.001               17
     17700            1.001               17
     17800            1.001               17
     17900            1.001               17
     18000            1.001               18
     18100            1.001               18
     18200            1.001               18
     18300            1.002               18
     18400            1.002               18
     18500            1.002               18
     18600            1.002               18
     18700            1.002               18
     18800            1.002               18
     18900            1.002               18
     19000            1.002               18
     19100            1.002               18
     19200            1.002               18
     19300            1.003               18
     19400            1.003               17
     19500            1.002               17
     19600            1.002               17
     19700            1.002               17
     19800            1.001               17
     19900            1.001               18
     20000            1.001               18


PLOT INFORMATION

The following plots are available:

  Sample proportions and estimated probabilities
  Bayesian posterior parameter distributions
  Bayesian posterior parameter trace plots
  Bayesian autocorrelation plots
  Bayesian prior parameter distributions
  Bayesian posterior predictive checking scatterplots
  Bayesian posterior predictive checking distribution plots

     Beginning Time:  12:24:14
        Ending Time:  12:26:14
       Elapsed Time:  00:02:00



MUTHEN & MUTHEN
3463 Stoner Ave.
Los Angeles, CA  90066

Tel: (310) 391-9971
Fax: (310) 391-8971
Web: www.StatModel.com
Support: Support@StatModel.com

Copyright (c) 1998-2023 Muthen & Muthen
